incident_id,domain,outcome,ground_truth_reason,log_type,exact,ambiguous,missing,incorrect,completeness_percent,ambiguity_percent,missing_percent,reconstruction_ms
incident-0000,banking,executed,verified_intent_executed,baseline,3,2,2,0,42.857142857142854,28.57142857142857,28.57142857142857,0.07025
incident-0000,banking,executed,verified_intent_executed,poia,7,0,0,0,100.0,0.0,0.0,0.094125
incident-0001,enterprise,rejected,action_mismatch,baseline,3,2,2,0,42.857142857142854,28.57142857142857,28.57142857142857,0.033417
incident-0001,enterprise,rejected,action_mismatch,poia,7,0,0,0,100.0,0.0,0.0,0.088792
incident-0002,healthcare,rejected,scope_mismatch,baseline,3,2,2,0,42.857142857142854,28.57142857142857,28.57142857142857,0.031625
incident-0002,healthcare,rejected,scope_mismatch,poia,7,0,0,0,100.0,0.0,0.0,0.087792
incident-0003,cloud_api,rejected,principal_mismatch,baseline,3,2,2,0,42.857142857142854,28.57142857142857,28.57142857142857,0.031458
incident-0003,cloud_api,rejected,principal_mismatch,poia,7,0,0,0,100.0,0.0,0.0,0.08725
incident-0004,banking,rejected,rp_mismatch,baseline,3,2,2,0,42.857142857142854,28.57142857142857,28.57142857142857,0.031375
incident-0004,banking,rejected,rp_mismatch,poia,7,0,0,0,100.0,0.0,0.0,0.085458
incident-0005,enterprise,rejected,constraints_mismatch,baseline,3,2,2,0,42.857142857142854,28.57142857142857,28.57142857142857,0.032541
incident-0005,enterprise,rejected,constraints_mismatch,poia,7,0,0,0,100.0,0.0,0.0,0.086625
incident-0006,healthcare,rejected,expired,baseline,3,2,2,0,42.857142857142854,28.57142857142857,28.57142857142857,0.031167
incident-0006,healthcare,rejected,expired,poia,7,0,0,0,100.0,0.0,0.0,0.087167
incident-0007,cloud_api,executed,verified_intent_executed,baseline,3,2,2,0,42.857142857142854,28.57142857142857,28.57142857142857,0.03225
incident-0007,cloud_api,executed,verified_intent_executed,poia,7,0,0,0,100.0,0.0,0.0,0.095708
incident-0008,banking,rejected,action_mismatch,baseline,3,2,2,0,42.857142857142854,28.57142857142857,28.57142857142857,0.032625
incident-0008,banking,rejected,action_mismatch,poia,7,0,0,0,100.0,0.0,0.0,0.089
incident-0009,enterprise,rejected,scope_mismatch,baseline,3,2,2,0,42.857142857142854,28.57142857142857,28.57142857142857,0.032375
incident-0009,enterprise,rejected,scope_mismatch,poia,7,0,0,0,100.0,0.0,0.0,0.085792
incident-0010,healthcare,rejected,principal_mismatch,baseline,3,2,2,0,42.857142857142854,28.57142857142857,28.57142857142857,0.030792
incident-0010,healthcare,rejected,principal_mismatch,poia,7,0,0,0,100.0,0.0,0.0,0.101625
incident-0011,cloud_api,rejected,rp_mismatch,baseline,3,2,2,0,42.857142857142854,28.57142857142857,28.57142857142857,0.030958
incident-0011,cloud_api,rejected,rp_mismatch,poia,7,0,0,0,100.0,0.0,0.0,0.085792
incident-0012,banking,rejected,constraints_mismatch,baseline,3,2,2,0,42.857142857142854,28.57142857142857,28.57142857142857,0.032209
incident-0012,banking,rejected,constraints_mismatch,poia,7,0,0,0,100.0,0.0,0.0,0.084667
incident-0013,enterprise,rejected,expired,baseline,3,2,2,0,42.857142857142854,28.57142857142857,28.57142857142857,0.038334
incident-0013,enterprise,rejected,expired,poia,7,0,0,0,100.0,0.0,0.0,0.083917
incident-0014,healthcare,executed,verified_intent_executed,baseline,3,2,2,0,42.857142857142854,28.57142857142857,28.57142857142857,0.031625
incident-0014,healthcare,executed,verified_intent_executed,poia,7,0,0,0,100.0,0.0,0.0,0.094083
incident-0015,cloud_api,rejected,action_mismatch,baseline,3,2,2,0,42.857142857142854,28.57142857142857,28.57142857142857,0.030833
incident-0015,cloud_api,rejected,action_mismatch,poia,7,0,0,0,100.0,0.0,0.0,0.087125
incident-0016,banking,rejected,scope_mismatch,baseline,3,2,2,0,42.857142857142854,28.57142857142857,28.57142857142857,0.032375
incident-0016,banking,rejected,scope_mismatch,poia,7,0,0,0,100.0,0.0,0.0,0.085792
incident-0017,enterprise,rejected,principal_mismatch,baseline,3,2,2,0,42.857142857142854,28.57142857142857,28.57142857142857,0.030666
incident-0017,enterprise,rejected,principal_mismatch,poia,7,0,0,0,100.0,0.0,0.0,0.084
incident-0018,healthcare,rejected,rp_mismatch,baseline,3,2,2,0,42.857142857142854,28.57142857142857,28.57142857142857,0.032125
incident-0018,healthcare,rejected,rp_mismatch,poia,7,0,0,0,100.0,0.0,0.0,0.084792
incident-0019,cloud_api,rejected,constraints_mismatch,baseline,3,2,2,0,42.857142857142854,28.57142857142857,28.57142857142857,0.030625
incident-0019,cloud_api,rejected,constraints_mismatch,poia,7,0,0,0,100.0,0.0,0.0,0.10125
incident-0020,banking,rejected,expired,baseline,3,2,2,0,42.857142857142854,28.57142857142857,28.57142857142857,0.030959
incident-0020,banking,rejected,expired,poia,7,0,0,0,100.0,0.0,0.0,0.084167
incident-0021,enterprise,executed,verified_intent_executed,baseline,3,2,2,0,42.857142857142854,28.57142857142857,28.57142857142857,0.032417
incident-0021,enterprise,executed,verified_intent_executed,poia,7,0,0,0,100.0,0.0,0.0,0.087958
incident-0022,healthcare,rejected,action_mismatch,baseline,3,2,2,0,42.857142857142854,28.57142857142857,28.57142857142857,0.030875
incident-0022,healthcare,rejected,action_mismatch,poia,7,0,0,0,100.0,0.0,0.0,0.092709
incident-0023,cloud_api,rejected,scope_mismatch,baseline,3,2,2,0,42.857142857142854,28.57142857142857,28.57142857142857,0.037291
incident-0023,cloud_api,rejected,scope_mismatch,poia,7,0,0,0,100.0,0.0,0.0,0.083792
incident-0024,banking,rejected,principal_mismatch,baseline,3,2,2,0,42.857142857142854,28.57142857142857,28.57142857142857,0.030375
incident-0024,banking,rejected,principal_mismatch,poia,7,0,0,0,100.0,0.0,0.0,0.086583
incident-0025,enterprise,rejected,rp_mismatch,baseline,3,2,2,0,42.857142857142854,28.57142857142857,28.57142857142857,0.03075
incident-0025,enterprise,rejected,rp_mismatch,poia,7,0,0,0,100.0,0.0,0.0,0.083167
incident-0026,healthcare,rejected,constraints_mismatch,baseline,3,2,2,0,42.857142857142854,28.57142857142857,28.57142857142857,0.0305
incident-0026,healthcare,rejected,constraints_mismatch,poia,7,0,0,0,100.0,0.0,0.0,0.0855
incident-0027,cloud_api,rejected,expired,baseline,3,2,2,0,42.857142857142854,28.57142857142857,28.57142857142857,0.044834
incident-0027,cloud_api,rejected,expired,poia,7,0,0,0,100.0,0.0,0.0,0.086667
incident-0028,banking,executed,verified_intent_executed,baseline,3,2,2,0,42.857142857142854,28.57142857142857,28.57142857142857,0.031125
incident-0028,banking,executed,verified_intent_executed,poia,7,0,0,0,100.0,0.0,0.0,0.084458
incident-0029,enterprise,rejected,action_mismatch,baseline,3,2,2,0,42.857142857142854,28.57142857142857,28.57142857142857,0.030834
incident-0029,enterprise,rejected,action_mismatch,poia,7,0,0,0,100.0,0.0,0.0,0.085625
incident-0030,healthcare,rejected,scope_mismatch,baseline,3,2,2,0,42.857142857142854,28.57142857142857,28.57142857142857,0.03075
incident-0030,healthcare,rejected,scope_mismatch,poia,7,0,0,0,100.0,0.0,0.0,0.0935
incident-0031,cloud_api,rejected,principal_mismatch,baseline,3,2,2,0,42.857142857142854,28.57142857142857,28.57142857142857,0.032
incident-0031,cloud_api,rejected,principal_mismatch,poia,7,0,0,0,100.0,0.0,0.0,0.085042
incident-0032,banking,rejected,rp_mismatch,baseline,3,2,2,0,42.857142857142854,28.57142857142857,28.57142857142857,0.031959
incident-0032,banking,rejected,rp_mismatch,poia,7,0,0,0,100.0,0.0,0.0,0.085709
incident-0033,enterprise,rejected,constraints_mismatch,baseline,3,2,2,0,42.857142857142854,28.57142857142857,28.57142857142857,0.030833
incident-0033,enterprise,rejected,constraints_mismatch,poia,7,0,0,0,100.0,0.0,0.0,0.083625
incident-0034,healthcare,rejected,expired,baseline,3,2,2,0,42.857142857142854,28.57142857142857,28.57142857142857,0.032042
incident-0034,healthcare,rejected,expired,poia,7,0,0,0,100.0,0.0,0.0,0.087875
incident-0035,cloud_api,executed,verified_intent_executed,baseline,3,2,2,0,42.857142857142854,28.57142857142857,28.57142857142857,0.030875
incident-0035,cloud_api,executed,verified_intent_executed,poia,7,0,0,0,100.0,0.0,0.0,0.083958
incident-0036,banking,rejected,action_mismatch,baseline,3,2,2,0,42.857142857142854,28.57142857142857,28.57142857142857,0.031833
incident-0036,banking,rejected,action_mismatch,poia,7,0,0,0,100.0,0.0,0.0,0.08475
incident-0037,enterprise,rejected,scope_mismatch,baseline,3,2,2,0,42.857142857142854,28.57142857142857,28.57142857142857,0.030458
incident-0037,enterprise,rejected,scope_mismatch,poia,7,0,0,0,100.0,0.0,0.0,0.087125
incident-0038,healthcare,rejected,principal_mismatch,baseline,3,2,2,0,42.857142857142854,28.57142857142857,28.57142857142857,0.049334
incident-0038,healthcare,rejected,principal_mismatch,poia,7,0,0,0,100.0,0.0,0.0,0.084666
incident-0039,cloud_api,rejected,rp_mismatch,baseline,3,2,2,0,42.857142857142854,28.57142857142857,28.57142857142857,0.030916
incident-0039,cloud_api,rejected,rp_mismatch,poia,7,0,0,0,100.0,0.0,0.0,0.09725
incident-0040,banking,rejected,constraints_mismatch,baseline,3,2,2,0,42.857142857142854,28.57142857142857,28.57142857142857,0.030583
incident-0040,banking,rejected,constraints_mismatch,poia,7,0,0,0,100.0,0.0,0.0,0.085875
incident-0041,enterprise,rejected,expired,baseline,3,2,2,0,42.857142857142854,28.57142857142857,28.57142857142857,0.038792
incident-0041,enterprise,rejected,expired,poia,7,0,0,0,100.0,0.0,0.0,0.096833
incident-0042,healthcare,executed,verified_intent_executed,baseline,3,2,2,0,42.857142857142854,28.57142857142857,28.57142857142857,0.030083
incident-0042,healthcare,executed,verified_intent_executed,poia,7,0,0,0,100.0,0.0,0.0,0.084292
incident-0043,cloud_api,rejected,action_mismatch,baseline,3,2,2,0,42.857142857142854,28.57142857142857,28.57142857142857,0.029666
incident-0043,cloud_api,rejected,action_mismatch,poia,7,0,0,0,100.0,0.0,0.0,0.083292
incident-0044,banking,rejected,scope_mismatch,baseline,3,2,2,0,42.857142857142854,28.57142857142857,28.57142857142857,0.030084
incident-0044,banking,rejected,scope_mismatch,poia,7,0,0,0,100.0,0.0,0.0,0.088333
incident-0045,enterprise,rejected,principal_mismatch,baseline,3,2,2,0,42.857142857142854,28.57142857142857,28.57142857142857,0.029917
incident-0045,enterprise,rejected,principal_mismatch,poia,7,0,0,0,100.0,0.0,0.0,0.091625
incident-0046,healthcare,rejected,rp_mismatch,baseline,3,2,2,0,42.857142857142854,28.57142857142857,28.57142857142857,0.032334
incident-0046,healthcare,rejected,rp_mismatch,poia,7,0,0,0,100.0,0.0,0.0,0.082375
incident-0047,cloud_api,rejected,constraints_mismatch,baseline,3,2,2,0,42.857142857142854,28.57142857142857,28.57142857142857,0.03275
incident-0047,cloud_api,rejected,constraints_mismatch,poia,7,0,0,0,100.0,0.0,0.0,0.086167
incident-0048,banking,rejected,expired,baseline,3,2,2,0,42.857142857142854,28.57142857142857,28.57142857142857,0.031792
incident-0048,banking,rejected,expired,poia,7,0,0,0,100.0,0.0,0.0,0.082625
incident-0049,enterprise,executed,verified_intent_executed,baseline,3,2,2,0,42.857142857142854,28.57142857142857,28.57142857142857,0.035291
incident-0049,enterprise,executed,verified_intent_executed,poia,7,0,0,0,100.0,0.0,0.0,0.083584
incident-0050,healthcare,rejected,action_mismatch,baseline,3,2,2,0,42.857142857142854,28.57142857142857,28.57142857142857,0.030666
incident-0050,healthcare,rejected,action_mismatch,poia,7,0,0,0,100.0,0.0,0.0,0.082083
incident-0051,cloud_api,rejected,scope_mismatch,baseline,3,2,2,0,42.857142857142854,28.57142857142857,28.57142857142857,0.030583
incident-0051,cloud_api,rejected,scope_mismatch,poia,7,0,0,0,100.0,0.0,0.0,0.082125
incident-0052,banking,rejected,principal_mismatch,baseline,3,2,2,0,42.857142857142854,28.57142857142857,28.57142857142857,0.02975
incident-0052,banking,rejected,principal_mismatch,poia,7,0,0,0,100.0,0.0,0.0,0.083583
incident-0053,enterprise,rejected,rp_mismatch,baseline,3,2,2,0,42.857142857142854,28.57142857142857,28.57142857142857,0.029958
incident-0053,enterprise,rejected,rp_mismatch,poia,7,0,0,0,100.0,0.0,0.0,0.092834
incident-0054,healthcare,rejected,constraints_mismatch,baseline,3,2,2,0,42.857142857142854,28.57142857142857,28.57142857142857,0.032666
incident-0054,healthcare,rejected,constraints_mismatch,poia,7,0,0,0,100.0,0.0,0.0,0.082541
incident-0055,cloud_api,rejected,expired,baseline,3,2,2,0,42.857142857142854,28.57142857142857,28.57142857142857,0.029958
incident-0055,cloud_api,rejected,expired,poia,7,0,0,0,100.0,0.0,0.0,0.083209
incident-0056,banking,executed,verified_intent_executed,baseline,3,2,2,0,42.857142857142854,28.57142857142857,28.57142857142857,0.029542
incident-0056,banking,executed,verified_intent_executed,poia,7,0,0,0,100.0,0.0,0.0,0.084125
incident-0057,enterprise,rejected,action_mismatch,baseline,3,2,2,0,42.857142857142854,28.57142857142857,28.57142857142857,0.029792
incident-0057,enterprise,rejected,action_mismatch,poia,7,0,0,0,100.0,0.0,0.0,0.08275
incident-0058,healthcare,rejected,scope_mismatch,baseline,3,2,2,0,42.857142857142854,28.57142857142857,28.57142857142857,0.02975
incident-0058,healthcare,rejected,scope_mismatch,poia,7,0,0,0,100.0,0.0,0.0,0.082542
incident-0059,cloud_api,rejected,principal_mismatch,baseline,3,2,2,0,42.857142857142854,28.57142857142857,28.57142857142857,0.031
incident-0059,cloud_api,rejected,principal_mismatch,poia,7,0,0,0,100.0,0.0,0.0,0.083584
incident-0060,banking,rejected,rp_mismatch,baseline,3,2,2,0,42.857142857142854,28.57142857142857,28.57142857142857,0.031125
incident-0060,banking,rejected,rp_mismatch,poia,7,0,0,0,100.0,0.0,0.0,0.083375
incident-0061,enterprise,rejected,constraints_mismatch,baseline,3,2,2,0,42.857142857142854,28.57142857142857,28.57142857142857,0.03025
incident-0061,enterprise,rejected,constraints_mismatch,poia,7,0,0,0,100.0,0.0,0.0,0.099042
incident-0062,healthcare,rejected,expired,baseline,3,2,2,0,42.857142857142854,28.57142857142857,28.57142857142857,0.029958
incident-0062,healthcare,rejected,expired,poia,7,0,0,0,100.0,0.0,0.0,0.084542
incident-0063,cloud_api,executed,verified_intent_executed,baseline,3,2,2,0,42.857142857142854,28.57142857142857,28.57142857142857,0.03
incident-0063,cloud_api,executed,verified_intent_executed,poia,7,0,0,0,100.0,0.0,0.0,0.083917
incident-0064,banking,rejected,action_mismatch,baseline,3,2,2,0,42.857142857142854,28.57142857142857,28.57142857142857,0.031084
incident-0064,banking,rejected,action_mismatch,poia,7,0,0,0,100.0,0.0,0.0,0.098791
incident-0065,enterprise,rejected,scope_mismatch,baseline,3,2,2,0,42.857142857142854,28.57142857142857,28.57142857142857,0.029791
incident-0065,enterprise,rejected,scope_mismatch,poia,7,0,0,0,100.0,0.0,0.0,0.083709
incident-0066,healthcare,rejected,principal_mismatch,baseline,3,2,2,0,42.857142857142854,28.57142857142857,28.57142857142857,0.031209
incident-0066,healthcare,rejected,principal_mismatch,poia,7,0,0,0,100.0,0.0,0.0,0.081792
incident-0067,cloud_api,rejected,rp_mismatch,baseline,3,2,2,0,42.857142857142854,28.57142857142857,28.57142857142857,0.03075
incident-0067,cloud_api,rejected,rp_mismatch,poia,7,0,0,0,100.0,0.0,0.0,0.084125
incident-0068,banking,rejected,constraints_mismatch,baseline,3,2,2,0,42.857142857142854,28.57142857142857,28.57142857142857,0.029708
incident-0068,banking,rejected,constraints_mismatch,poia,7,0,0,0,100.0,0.0,0.0,0.082209
incident-0069,enterprise,rejected,expired,baseline,3,2,2,0,42.857142857142854,28.57142857142857,28.57142857142857,0.031041
incident-0069,enterprise,rejected,expired,poia,7,0,0,0,100.0,0.0,0.0,0.092458
incident-0070,healthcare,executed,verified_intent_executed,baseline,3,2,2,0,42.857142857142854,28.57142857142857,28.57142857142857,0.029833
incident-0070,healthcare,executed,verified_intent_executed,poia,7,0,0,0,100.0,0.0,0.0,0.083292
incident-0071,cloud_api,rejected,action_mismatch,baseline,3,2,2,0,42.857142857142854,28.57142857142857,28.57142857142857,0.029875
incident-0071,cloud_api,rejected,action_mismatch,poia,7,0,0,0,100.0,0.0,0.0,0.081333
incident-0072,banking,rejected,scope_mismatch,baseline,3,2,2,0,42.857142857142854,28.57142857142857,28.57142857142857,0.030083
incident-0072,banking,rejected,scope_mismatch,poia,7,0,0,0,100.0,0.0,0.0,0.086333
incident-0073,enterprise,rejected,principal_mismatch,baseline,3,2,2,0,42.857142857142854,28.57142857142857,28.57142857142857,0.03075
incident-0073,enterprise,rejected,principal_mismatch,poia,7,0,0,0,100.0,0.0,0.0,0.082458
incident-0074,healthcare,rejected,rp_mismatch,baseline,3,2,2,0,42.857142857142854,28.57142857142857,28.57142857142857,0.032
incident-0074,healthcare,rejected,rp_mismatch,poia,7,0,0,0,100.0,0.0,0.0,0.081708
incident-0075,cloud_api,rejected,constraints_mismatch,baseline,3,2,2,0,42.857142857142854,28.57142857142857,28.57142857142857,0.029625
incident-0075,cloud_api,rejected,constraints_mismatch,poia,7,0,0,0,100.0,0.0,0.0,0.083875
incident-0076,banking,rejected,expired,baseline,3,2,2,0,42.857142857142854,28.57142857142857,28.57142857142857,0.029542
incident-0076,banking,rejected,expired,poia,7,0,0,0,100.0,0.0,0.0,0.081375
incident-0077,enterprise,executed,verified_intent_executed,baseline,3,2,2,0,42.857142857142854,28.57142857142857,28.57142857142857,0.029625
incident-0077,enterprise,executed,verified_intent_executed,poia,7,0,0,0,100.0,0.0,0.0,0.098875
incident-0078,healthcare,rejected,action_mismatch,baseline,3,2,2,0,42.857142857142854,28.57142857142857,28.57142857142857,0.029542
incident-0078,healthcare,rejected,action_mismatch,poia,7,0,0,0,100.0,0.0,0.0,0.09175
incident-0079,cloud_api,rejected,scope_mismatch,baseline,3,2,2,0,42.857142857142854,28.57142857142857,28.57142857142857,0.0295
incident-0079,cloud_api,rejected,scope_mismatch,poia,7,0,0,0,100.0,0.0,0.0,0.082
incident-0080,banking,rejected,principal_mismatch,baseline,3,2,2,0,42.857142857142854,28.57142857142857,28.57142857142857,0.030542
incident-0080,banking,rejected,principal_mismatch,poia,7,0,0,0,100.0,0.0,0.0,0.08975
incident-0081,enterprise,rejected,rp_mismatch,baseline,3,2,2,0,42.857142857142854,28.57142857142857,28.57142857142857,0.029625
incident-0081,enterprise,rejected,rp_mismatch,poia,7,0,0,0,100.0,0.0,0.0,0.081291
incident-0082,healthcare,rejected,constraints_mismatch,baseline,3,2,2,0,42.857142857142854,28.57142857142857,28.57142857142857,0.031958
incident-0082,healthcare,rejected,constraints_mismatch,poia,7,0,0,0,100.0,0.0,0.0,0.081625
incident-0083,cloud_api,rejected,expired,baseline,3,2,2,0,42.857142857142854,28.57142857142857,28.57142857142857,0.02975
incident-0083,cloud_api,rejected,expired,poia,7,0,0,0,100.0,0.0,0.0,0.082709
incident-0084,banking,executed,verified_intent_executed,baseline,3,2,2,0,42.857142857142854,28.57142857142857,28.57142857142857,0.031125
incident-0084,banking,executed,verified_intent_executed,poia,7,0,0,0,100.0,0.0,0.0,0.081666
incident-0085,enterprise,rejected,action_mismatch,baseline,3,2,2,0,42.857142857142854,28.57142857142857,28.57142857142857,0.038125
incident-0085,enterprise,rejected,action_mismatch,poia,7,0,0,0,100.0,0.0,0.0,0.085417
incident-0086,healthcare,rejected,scope_mismatch,baseline,3,2,2,0,42.857142857142854,28.57142857142857,28.57142857142857,0.030541
incident-0086,healthcare,rejected,scope_mismatch,poia,7,0,0,0,100.0,0.0,0.0,0.081583
incident-0087,cloud_api,rejected,principal_mismatch,baseline,3,2,2,0,42.857142857142854,28.57142857142857,28.57142857142857,0.033042
incident-0087,cloud_api,rejected,principal_mismatch,poia,7,0,0,0,100.0,0.0,0.0,0.088666
incident-0088,banking,rejected,rp_mismatch,baseline,3,2,2,0,42.857142857142854,28.57142857142857,28.57142857142857,0.030083
incident-0088,banking,rejected,rp_mismatch,poia,7,0,0,0,100.0,0.0,0.0,0.084125
incident-0089,enterprise,rejected,constraints_mismatch,baseline,3,2,2,0,42.857142857142854,28.57142857142857,28.57142857142857,0.03025
incident-0089,enterprise,rejected,constraints_mismatch,poia,7,0,0,0,100.0,0.0,0.0,0.08225
incident-0090,healthcare,rejected,expired,baseline,3,2,2,0,42.857142857142854,28.57142857142857,28.57142857142857,0.029875
incident-0090,healthcare,rejected,expired,poia,7,0,0,0,100.0,0.0,0.0,0.083
incident-0091,cloud_api,executed,verified_intent_executed,baseline,3,2,2,0,42.857142857142854,28.57142857142857,28.57142857142857,0.029541
incident-0091,cloud_api,executed,verified_intent_executed,poia,7,0,0,0,100.0,0.0,0.0,0.083125
incident-0092,banking,rejected,action_mismatch,baseline,3,2,2,0,42.857142857142854,28.57142857142857,28.57142857142857,0.031083
incident-0092,banking,rejected,action_mismatch,poia,7,0,0,0,100.0,0.0,0.0,0.081583
incident-0093,enterprise,rejected,scope_mismatch,baseline,3,2,2,0,42.857142857142854,28.57142857142857,28.57142857142857,0.038666
incident-0093,enterprise,rejected,scope_mismatch,poia,7,0,0,0,100.0,0.0,0.0,0.083167
incident-0094,healthcare,rejected,principal_mismatch,baseline,3,2,2,0,42.857142857142854,28.57142857142857,28.57142857142857,0.031125
incident-0094,healthcare,rejected,principal_mismatch,poia,7,0,0,0,100.0,0.0,0.0,0.08275
incident-0095,cloud_api,rejected,rp_mismatch,baseline,3,2,2,0,42.857142857142854,28.57142857142857,28.57142857142857,0.029875
incident-0095,cloud_api,rejected,rp_mismatch,poia,7,0,0,0,100.0,0.0,0.0,0.084417
incident-0096,banking,rejected,constraints_mismatch,baseline,3,2,2,0,42.857142857142854,28.57142857142857,28.57142857142857,0.029625
incident-0096,banking,rejected,constraints_mismatch,poia,7,0,0,0,100.0,0.0,0.0,0.082041
incident-0097,enterprise,rejected,expired,baseline,3,2,2,0,42.857142857142854,28.57142857142857,28.57142857142857,0.030791
incident-0097,enterprise,rejected,expired,poia,7,0,0,0,100.0,0.0,0.0,0.084041
incident-0098,healthcare,executed,verified_intent_executed,baseline,3,2,2,0,42.857142857142854,28.57142857142857,28.57142857142857,0.030667
incident-0098,healthcare,executed,verified_intent_executed,poia,7,0,0,0,100.0,0.0,0.0,0.083625
incident-0099,cloud_api,rejected,action_mismatch,baseline,3,2,2,0,42.857142857142854,28.57142857142857,28.57142857142857,0.029542
incident-0099,cloud_api,rejected,action_mismatch,poia,7,0,0,0,100.0,0.0,0.0,0.081792
incident-0100,banking,rejected,scope_mismatch,baseline,3,2,2,0,42.857142857142854,28.57142857142857,28.57142857142857,0.03175
incident-0100,banking,rejected,scope_mismatch,poia,7,0,0,0,100.0,0.0,0.0,0.082792
incident-0101,enterprise,rejected,principal_mismatch,baseline,3,2,2,0,42.857142857142854,28.57142857142857,28.57142857142857,0.052584
incident-0101,enterprise,rejected,principal_mismatch,poia,7,0,0,0,100.0,0.0,0.0,0.083084
incident-0102,healthcare,rejected,rp_mismatch,baseline,3,2,2,0,42.857142857142854,28.57142857142857,28.57142857142857,0.029667
incident-0102,healthcare,rejected,rp_mismatch,poia,7,0,0,0,100.0,0.0,0.0,0.081333
incident-0103,cloud_api,rejected,constraints_mismatch,baseline,3,2,2,0,42.857142857142854,28.57142857142857,28.57142857142857,0.029458
incident-0103,cloud_api,rejected,constraints_mismatch,poia,7,0,0,0,100.0,0.0,0.0,0.082625
incident-0104,banking,rejected,expired,baseline,3,2,2,0,42.857142857142854,28.57142857142857,28.57142857142857,0.029459
incident-0104,banking,rejected,expired,poia,7,0,0,0,100.0,0.0,0.0,0.082708
incident-0105,enterprise,executed,verified_intent_executed,baseline,3,2,2,0,42.857142857142854,28.57142857142857,28.57142857142857,0.0305
incident-0105,enterprise,executed,verified_intent_executed,poia,7,0,0,0,100.0,0.0,0.0,0.081583
incident-0106,healthcare,rejected,action_mismatch,baseline,3,2,2,0,42.857142857142854,28.57142857142857,28.57142857142857,0.029541
incident-0106,healthcare,rejected,action_mismatch,poia,7,0,0,0,100.0,0.0,0.0,0.083625
incident-0107,cloud_api,rejected,scope_mismatch,baseline,3,2,2,0,42.857142857142854,28.57142857142857,28.57142857142857,0.030917
incident-0107,cloud_api,rejected,scope_mismatch,poia,7,0,0,0,100.0,0.0,0.0,0.092583
incident-0108,banking,rejected,principal_mismatch,baseline,3,2,2,0,42.857142857142854,28.57142857142857,28.57142857142857,0.029666
incident-0108,banking,rejected,principal_mismatch,poia,7,0,0,0,100.0,0.0,0.0,0.083041
incident-0109,enterprise,rejected,rp_mismatch,baseline,3,2,2,0,42.857142857142854,28.57142857142857,28.57142857142857,0.038416
incident-0109,enterprise,rejected,rp_mismatch,poia,7,0,0,0,100.0,0.0,0.0,0.080958
incident-0110,healthcare,rejected,constraints_mismatch,baseline,3,2,2,0,42.857142857142854,28.57142857142857,28.57142857142857,0.031375
incident-0110,healthcare,rejected,constraints_mismatch,poia,7,0,0,0,100.0,0.0,0.0,0.083334
incident-0111,cloud_api,rejected,expired,baseline,3,2,2,0,42.857142857142854,28.57142857142857,28.57142857142857,0.029625
incident-0111,cloud_api,rejected,expired,poia,7,0,0,0,100.0,0.0,0.0,0.084792
incident-0112,banking,executed,verified_intent_executed,baseline,3,2,2,0,42.857142857142854,28.57142857142857,28.57142857142857,0.029916
incident-0112,banking,executed,verified_intent_executed,poia,7,0,0,0,100.0,0.0,0.0,0.081834
incident-0113,enterprise,rejected,action_mismatch,baseline,3,2,2,0,42.857142857142854,28.57142857142857,28.57142857142857,0.030834
incident-0113,enterprise,rejected,action_mismatch,poia,7,0,0,0,100.0,0.0,0.0,0.083333
incident-0114,healthcare,rejected,scope_mismatch,baseline,3,2,2,0,42.857142857142854,28.57142857142857,28.57142857142857,0.029584
incident-0114,healthcare,rejected,scope_mismatch,poia,7,0,0,0,100.0,0.0,0.0,0.08175
incident-0115,cloud_api,rejected,principal_mismatch,baseline,3,2,2,0,42.857142857142854,28.57142857142857,28.57142857142857,0.031125
incident-0115,cloud_api,rejected,principal_mismatch,poia,7,0,0,0,100.0,0.0,0.0,0.080958
incident-0116,banking,rejected,rp_mismatch,baseline,3,2,2,0,42.857142857142854,28.57142857142857,28.57142857142857,0.029583
incident-0116,banking,rejected,rp_mismatch,poia,7,0,0,0,100.0,0.0,0.0,0.08375
incident-0117,enterprise,rejected,constraints_mismatch,baseline,3,2,2,0,42.857142857142854,28.57142857142857,28.57142857142857,0.04025
incident-0117,enterprise,rejected,constraints_mismatch,poia,7,0,0,0,100.0,0.0,0.0,0.081959
incident-0118,healthcare,rejected,expired,baseline,3,2,2,0,42.857142857142854,28.57142857142857,28.57142857142857,0.029833
incident-0118,healthcare,rejected,expired,poia,7,0,0,0,100.0,0.0,0.0,0.083791
incident-0119,cloud_api,executed,verified_intent_executed,baseline,3,2,2,0,42.857142857142854,28.57142857142857,28.57142857142857,0.030208
incident-0119,cloud_api,executed,verified_intent_executed,poia,7,0,0,0,100.0,0.0,0.0,0.08325
incident-0120,banking,rejected,action_mismatch,baseline,3,2,2,0,42.857142857142854,28.57142857142857,28.57142857142857,0.031291
incident-0120,banking,rejected,action_mismatch,poia,7,0,0,0,100.0,0.0,0.0,0.083625
incident-0121,enterprise,rejected,scope_mismatch,baseline,3,2,2,0,42.857142857142854,28.57142857142857,28.57142857142857,0.029542
incident-0121,enterprise,rejected,scope_mismatch,poia,7,0,0,0,100.0,0.0,0.0,0.082208
incident-0122,healthcare,rejected,principal_mismatch,baseline,3,2,2,0,42.857142857142854,28.57142857142857,28.57142857142857,0.0295
incident-0122,healthcare,rejected,principal_mismatch,poia,7,0,0,0,100.0,0.0,0.0,0.081583
incident-0123,cloud_api,rejected,rp_mismatch,baseline,3,2,2,0,42.857142857142854,28.57142857142857,28.57142857142857,0.029542
incident-0123,cloud_api,rejected,rp_mismatch,poia,7,0,0,0,100.0,0.0,0.0,0.085125
incident-0124,banking,rejected,constraints_mismatch,baseline,3,2,2,0,42.857142857142854,28.57142857142857,28.57142857142857,0.0295
incident-0124,banking,rejected,constraints_mismatch,poia,7,0,0,0,100.0,0.0,0.0,0.086333
incident-0125,enterprise,rejected,expired,baseline,3,2,2,0,42.857142857142854,28.57142857142857,28.57142857142857,0.038584
incident-0125,enterprise,rejected,expired,poia,7,0,0,0,100.0,0.0,0.0,0.080916
incident-0126,healthcare,executed,verified_intent_executed,baseline,3,2,2,0,42.857142857142854,28.57142857142857,28.57142857142857,0.0305
incident-0126,healthcare,executed,verified_intent_executed,poia,7,0,0,0,100.0,0.0,0.0,0.088958
incident-0127,cloud_api,rejected,action_mismatch,baseline,3,2,2,0,42.857142857142854,28.57142857142857,28.57142857142857,0.030833
incident-0127,cloud_api,rejected,action_mismatch,poia,7,0,0,0,100.0,0.0,0.0,0.083709
incident-0128,banking,rejected,scope_mismatch,baseline,3,2,2,0,42.857142857142854,28.57142857142857,28.57142857142857,0.030541
incident-0128,banking,rejected,scope_mismatch,poia,7,0,0,0,100.0,0.0,0.0,0.081791
incident-0129,enterprise,rejected,principal_mismatch,baseline,3,2,2,0,42.857142857142854,28.57142857142857,28.57142857142857,0.029583
incident-0129,enterprise,rejected,principal_mismatch,poia,7,0,0,0,100.0,0.0,0.0,0.082666
incident-0130,healthcare,rejected,rp_mismatch,baseline,3,2,2,0,42.857142857142854,28.57142857142857,28.57142857142857,0.029625
incident-0130,healthcare,rejected,rp_mismatch,poia,7,0,0,0,100.0,0.0,0.0,0.081125
incident-0131,cloud_api,rejected,constraints_mismatch,baseline,3,2,2,0,42.857142857142854,28.57142857142857,28.57142857142857,0.029333
incident-0131,cloud_api,rejected,constraints_mismatch,poia,7,0,0,0,100.0,0.0,0.0,0.082209
incident-0132,banking,rejected,expired,baseline,3,2,2,0,42.857142857142854,28.57142857142857,28.57142857142857,0.029209
incident-0132,banking,rejected,expired,poia,7,0,0,0,100.0,0.0,0.0,0.080916
incident-0133,enterprise,executed,verified_intent_executed,baseline,3,2,2,0,42.857142857142854,28.57142857142857,28.57142857142857,0.041916
incident-0133,enterprise,executed,verified_intent_executed,poia,7,0,0,0,100.0,0.0,0.0,0.081541
incident-0134,healthcare,rejected,action_mismatch,baseline,3,2,2,0,42.857142857142854,28.57142857142857,28.57142857142857,0.029417
incident-0134,healthcare,rejected,action_mismatch,poia,7,0,0,0,100.0,0.0,0.0,0.082625
incident-0135,cloud_api,rejected,scope_mismatch,baseline,3,2,2,0,42.857142857142854,28.57142857142857,28.57142857142857,0.0295
incident-0135,cloud_api,rejected,scope_mismatch,poia,7,0,0,0,100.0,0.0,0.0,0.081208
incident-0136,banking,rejected,principal_mismatch,baseline,3,2,2,0,42.857142857142854,28.57142857142857,28.57142857142857,0.029292
incident-0136,banking,rejected,principal_mismatch,poia,7,0,0,0,100.0,0.0,0.0,0.083625
incident-0137,enterprise,rejected,rp_mismatch,baseline,3,2,2,0,42.857142857142854,28.57142857142857,28.57142857142857,0.029291
incident-0137,enterprise,rejected,rp_mismatch,poia,7,0,0,0,100.0,0.0,0.0,0.080583
incident-0138,healthcare,rejected,constraints_mismatch,baseline,3,2,2,0,42.857142857142854,28.57142857142857,28.57142857142857,0.032
incident-0138,healthcare,rejected,constraints_mismatch,poia,7,0,0,0,100.0,0.0,0.0,0.081416
incident-0139,cloud_api,rejected,expired,baseline,3,2,2,0,42.857142857142854,28.57142857142857,28.57142857142857,0.029333
incident-0139,cloud_api,rejected,expired,poia,7,0,0,0,100.0,0.0,0.0,0.08325
incident-0140,banking,executed,verified_intent_executed,baseline,3,2,2,0,42.857142857142854,28.57142857142857,28.57142857142857,0.030708
incident-0140,banking,executed,verified_intent_executed,poia,7,0,0,0,100.0,0.0,0.0,0.081667
incident-0141,enterprise,rejected,action_mismatch,baseline,3,2,2,0,42.857142857142854,28.57142857142857,28.57142857142857,0.0295
incident-0141,enterprise,rejected,action_mismatch,poia,7,0,0,0,100.0,0.0,0.0,0.083959
incident-0142,healthcare,rejected,scope_mismatch,baseline,3,2,2,0,42.857142857142854,28.57142857142857,28.57142857142857,0.029584
incident-0142,healthcare,rejected,scope_mismatch,poia,7,0,0,0,100.0,0.0,0.0,0.082667
incident-0143,cloud_api,rejected,principal_mismatch,baseline,3,2,2,0,42.857142857142854,28.57142857142857,28.57142857142857,0.030958
incident-0143,cloud_api,rejected,principal_mismatch,poia,7,0,0,0,100.0,0.0,0.0,0.082084
incident-0144,banking,rejected,rp_mismatch,baseline,3,2,2,0,42.857142857142854,28.57142857142857,28.57142857142857,0.029292
incident-0144,banking,rejected,rp_mismatch,poia,7,0,0,0,100.0,0.0,0.0,0.082667
incident-0145,enterprise,rejected,constraints_mismatch,baseline,3,2,2,0,42.857142857142854,28.57142857142857,28.57142857142857,0.030208
incident-0145,enterprise,rejected,constraints_mismatch,poia,7,0,0,0,100.0,0.0,0.0,0.084167
incident-0146,healthcare,rejected,expired,baseline,3,2,2,0,42.857142857142854,28.57142857142857,28.57142857142857,0.030959
incident-0146,healthcare,rejected,expired,poia,7,0,0,0,100.0,0.0,0.0,0.081334
incident-0147,cloud_api,executed,verified_intent_executed,baseline,3,2,2,0,42.857142857142854,28.57142857142857,28.57142857142857,0.031
incident-0147,cloud_api,executed,verified_intent_executed,poia,7,0,0,0,100.0,0.0,0.0,0.082583
incident-0148,banking,rejected,action_mismatch,baseline,3,2,2,0,42.857142857142854,28.57142857142857,28.57142857142857,0.0295
incident-0148,banking,rejected,action_mismatch,poia,7,0,0,0,100.0,0.0,0.0,0.082834
incident-0149,enterprise,rejected,scope_mismatch,baseline,3,2,2,0,42.857142857142854,28.57142857142857,28.57142857142857,0.029958
incident-0149,enterprise,rejected,scope_mismatch,poia,7,0,0,0,100.0,0.0,0.0,0.09175
incident-0150,healthcare,rejected,principal_mismatch,baseline,3,2,2,0,42.857142857142854,28.57142857142857,28.57142857142857,0.029333
incident-0150,healthcare,rejected,principal_mismatch,poia,7,0,0,0,100.0,0.0,0.0,0.081292
incident-0151,cloud_api,rejected,rp_mismatch,baseline,3,2,2,0,42.857142857142854,28.57142857142857,28.57142857142857,0.03025
incident-0151,cloud_api,rejected,rp_mismatch,poia,7,0,0,0,100.0,0.0,0.0,0.08125
incident-0152,banking,rejected,constraints_mismatch,baseline,3,2,2,0,42.857142857142854,28.57142857142857,28.57142857142857,0.030334
incident-0152,banking,rejected,constraints_mismatch,poia,7,0,0,0,100.0,0.0,0.0,0.082667
incident-0153,enterprise,rejected,expired,baseline,3,2,2,0,42.857142857142854,28.57142857142857,28.57142857142857,0.031
incident-0153,enterprise,rejected,expired,poia,7,0,0,0,100.0,0.0,0.0,0.081166
incident-0154,healthcare,executed,verified_intent_executed,baseline,3,2,2,0,42.857142857142854,28.57142857142857,28.57142857142857,0.029833
incident-0154,healthcare,executed,verified_intent_executed,poia,7,0,0,0,100.0,0.0,0.0,0.08275
incident-0155,cloud_api,rejected,action_mismatch,baseline,3,2,2,0,42.857142857142854,28.57142857142857,28.57142857142857,0.029167
incident-0155,cloud_api,rejected,action_mismatch,poia,7,0,0,0,100.0,0.0,0.0,0.082625
incident-0156,banking,rejected,scope_mismatch,baseline,3,2,2,0,42.857142857142854,28.57142857142857,28.57142857142857,0.030792
incident-0156,banking,rejected,scope_mismatch,poia,7,0,0,0,100.0,0.0,0.0,0.081458
incident-0157,enterprise,rejected,principal_mismatch,baseline,3,2,2,0,42.857142857142854,28.57142857142857,28.57142857142857,0.029333
incident-0157,enterprise,rejected,principal_mismatch,poia,7,0,0,0,100.0,0.0,0.0,0.091458
incident-0158,healthcare,rejected,rp_mismatch,baseline,3,2,2,0,42.857142857142854,28.57142857142857,28.57142857142857,0.029417
incident-0158,healthcare,rejected,rp_mismatch,poia,7,0,0,0,100.0,0.0,0.0,0.083459
incident-0159,cloud_api,rejected,constraints_mismatch,baseline,3,2,2,0,42.857142857142854,28.57142857142857,28.57142857142857,0.029375
incident-0159,cloud_api,rejected,constraints_mismatch,poia,7,0,0,0,100.0,0.0,0.0,0.083292
incident-0160,banking,rejected,expired,baseline,3,2,2,0,42.857142857142854,28.57142857142857,28.57142857142857,0.031
incident-0160,banking,rejected,expired,poia,7,0,0,0,100.0,0.0,0.0,0.08175
incident-0161,enterprise,executed,verified_intent_executed,baseline,3,2,2,0,42.857142857142854,28.57142857142857,28.57142857142857,0.030666
incident-0161,enterprise,executed,verified_intent_executed,poia,7,0,0,0,100.0,0.0,0.0,0.083417
incident-0162,healthcare,rejected,action_mismatch,baseline,3,2,2,0,42.857142857142854,28.57142857142857,28.57142857142857,0.030125
incident-0162,healthcare,rejected,action_mismatch,poia,7,0,0,0,100.0,0.0,0.0,0.082
incident-0163,cloud_api,rejected,scope_mismatch,baseline,3,2,2,0,42.857142857142854,28.57142857142857,28.57142857142857,0.029167
incident-0163,cloud_api,rejected,scope_mismatch,poia,7,0,0,0,100.0,0.0,0.0,0.082209
incident-0164,banking,rejected,principal_mismatch,baseline,3,2,2,0,42.857142857142854,28.57142857142857,28.57142857142857,0.029459
incident-0164,banking,rejected,principal_mismatch,poia,7,0,0,0,100.0,0.0,0.0,0.084208
incident-0165,enterprise,rejected,rp_mismatch,baseline,3,2,2,0,42.857142857142854,28.57142857142857,28.57142857142857,0.03425
incident-0165,enterprise,rejected,rp_mismatch,poia,7,0,0,0,100.0,0.0,0.0,0.096625
incident-0166,healthcare,rejected,constraints_mismatch,baseline,3,2,2,0,42.857142857142854,28.57142857142857,28.57142857142857,0.031125
incident-0166,healthcare,rejected,constraints_mismatch,poia,7,0,0,0,100.0,0.0,0.0,0.081792
incident-0167,cloud_api,rejected,expired,baseline,3,2,2,0,42.857142857142854,28.57142857142857,28.57142857142857,0.029667
incident-0167,cloud_api,rejected,expired,poia,7,0,0,0,100.0,0.0,0.0,0.082875
incident-0168,banking,executed,verified_intent_executed,baseline,3,2,2,0,42.857142857142854,28.57142857142857,28.57142857142857,0.030666
incident-0168,banking,executed,verified_intent_executed,poia,7,0,0,0,100.0,0.0,0.0,0.084208
incident-0169,enterprise,rejected,action_mismatch,baseline,3,2,2,0,42.857142857142854,28.57142857142857,28.57142857142857,0.029584
incident-0169,enterprise,rejected,action_mismatch,poia,7,0,0,0,100.0,0.0,0.0,0.083125
incident-0170,healthcare,rejected,scope_mismatch,baseline,3,2,2,0,42.857142857142854,28.57142857142857,28.57142857142857,0.029375
incident-0170,healthcare,rejected,scope_mismatch,poia,7,0,0,0,100.0,0.0,0.0,0.082792
incident-0171,cloud_api,rejected,principal_mismatch,baseline,3,2,2,0,42.857142857142854,28.57142857142857,28.57142857142857,0.02975
incident-0171,cloud_api,rejected,principal_mismatch,poia,7,0,0,0,100.0,0.0,0.0,0.083
incident-0172,banking,rejected,rp_mismatch,baseline,3,2,2,0,42.857142857142854,28.57142857142857,28.57142857142857,0.030125
incident-0172,banking,rejected,rp_mismatch,poia,7,0,0,0,100.0,0.0,0.0,0.08275
incident-0173,enterprise,rejected,constraints_mismatch,baseline,3,2,2,0,42.857142857142854,28.57142857142857,28.57142857142857,0.03075
incident-0173,enterprise,rejected,constraints_mismatch,poia,7,0,0,0,100.0,0.0,0.0,0.090208
incident-0174,healthcare,rejected,expired,baseline,3,2,2,0,42.857142857142854,28.57142857142857,28.57142857142857,0.031042
incident-0174,healthcare,rejected,expired,poia,7,0,0,0,100.0,0.0,0.0,0.085042
incident-0175,cloud_api,executed,verified_intent_executed,baseline,3,2,2,0,42.857142857142854,28.57142857142857,28.57142857142857,0.029625
incident-0175,cloud_api,executed,verified_intent_executed,poia,7,0,0,0,100.0,0.0,0.0,0.085125
incident-0176,banking,rejected,action_mismatch,baseline,3,2,2,0,42.857142857142854,28.57142857142857,28.57142857142857,0.030083
incident-0176,banking,rejected,action_mismatch,poia,7,0,0,0,100.0,0.0,0.0,0.082125
incident-0177,enterprise,rejected,scope_mismatch,baseline,3,2,2,0,42.857142857142854,28.57142857142857,28.57142857142857,0.029458
incident-0177,enterprise,rejected,scope_mismatch,poia,7,0,0,0,100.0,0.0,0.0,0.085125
incident-0178,healthcare,rejected,principal_mismatch,baseline,3,2,2,0,42.857142857142854,28.57142857142857,28.57142857142857,0.029708
incident-0178,healthcare,rejected,principal_mismatch,poia,7,0,0,0,100.0,0.0,0.0,0.081459
incident-0179,cloud_api,rejected,rp_mismatch,baseline,3,2,2,0,42.857142857142854,28.57142857142857,28.57142857142857,0.031041
incident-0179,cloud_api,rejected,rp_mismatch,poia,7,0,0,0,100.0,0.0,0.0,0.081458
incident-0180,banking,rejected,constraints_mismatch,baseline,3,2,2,0,42.857142857142854,28.57142857142857,28.57142857142857,0.03075
incident-0180,banking,rejected,constraints_mismatch,poia,7,0,0,0,100.0,0.0,0.0,0.084
incident-0181,enterprise,rejected,expired,baseline,3,2,2,0,42.857142857142854,28.57142857142857,28.57142857142857,0.029459
incident-0181,enterprise,rejected,expired,poia,7,0,0,0,100.0,0.0,0.0,0.090042
incident-0182,healthcare,executed,verified_intent_executed,baseline,3,2,2,0,42.857142857142854,28.57142857142857,28.57142857142857,0.02975
incident-0182,healthcare,executed,verified_intent_executed,poia,7,0,0,0,100.0,0.0,0.0,0.083291
incident-0183,cloud_api,rejected,action_mismatch,baseline,3,2,2,0,42.857142857142854,28.57142857142857,28.57142857142857,0.029833
incident-0183,cloud_api,rejected,action_mismatch,poia,7,0,0,0,100.0,0.0,0.0,0.080666
incident-0184,banking,rejected,scope_mismatch,baseline,3,2,2,0,42.857142857142854,28.57142857142857,28.57142857142857,0.031334
incident-0184,banking,rejected,scope_mismatch,poia,7,0,0,0,100.0,0.0,0.0,0.082959
incident-0185,enterprise,rejected,principal_mismatch,baseline,3,2,2,0,42.857142857142854,28.57142857142857,28.57142857142857,0.029417
incident-0185,enterprise,rejected,principal_mismatch,poia,7,0,0,0,100.0,0.0,0.0,0.082708
incident-0186,healthcare,rejected,rp_mismatch,baseline,3,2,2,0,42.857142857142854,28.57142857142857,28.57142857142857,0.030917
incident-0186,healthcare,rejected,rp_mismatch,poia,7,0,0,0,100.0,0.0,0.0,0.081667
incident-0187,cloud_api,rejected,constraints_mismatch,baseline,3,2,2,0,42.857142857142854,28.57142857142857,28.57142857142857,0.029666
incident-0187,cloud_api,rejected,constraints_mismatch,poia,7,0,0,0,100.0,0.0,0.0,0.083875
incident-0188,banking,rejected,expired,baseline,3,2,2,0,42.857142857142854,28.57142857142857,28.57142857142857,0.0295
incident-0188,banking,rejected,expired,poia,7,0,0,0,100.0,0.0,0.0,0.081375
incident-0189,enterprise,executed,verified_intent_executed,baseline,3,2,2,0,42.857142857142854,28.57142857142857,28.57142857142857,0.030625
incident-0189,enterprise,executed,verified_intent_executed,poia,7,0,0,0,100.0,0.0,0.0,0.089958
incident-0190,healthcare,rejected,action_mismatch,baseline,3,2,2,0,42.857142857142854,28.57142857142857,28.57142857142857,0.029333
incident-0190,healthcare,rejected,action_mismatch,poia,7,0,0,0,100.0,0.0,0.0,0.084583
incident-0191,cloud_api,rejected,scope_mismatch,baseline,3,2,2,0,42.857142857142854,28.57142857142857,28.57142857142857,0.029542
incident-0191,cloud_api,rejected,scope_mismatch,poia,7,0,0,0,100.0,0.0,0.0,0.082125
incident-0192,banking,rejected,principal_mismatch,baseline,3,2,2,0,42.857142857142854,28.57142857142857,28.57142857142857,0.030125
incident-0192,banking,rejected,principal_mismatch,poia,7,0,0,0,100.0,0.0,0.0,0.082042
incident-0193,enterprise,rejected,rp_mismatch,baseline,3,2,2,0,42.857142857142854,28.57142857142857,28.57142857142857,0.030667
incident-0193,enterprise,rejected,rp_mismatch,poia,7,0,0,0,100.0,0.0,0.0,0.08275
incident-0194,healthcare,rejected,constraints_mismatch,baseline,3,2,2,0,42.857142857142854,28.57142857142857,28.57142857142857,0.029834
incident-0194,healthcare,rejected,constraints_mismatch,poia,7,0,0,0,100.0,0.0,0.0,0.081
incident-0195,cloud_api,rejected,expired,baseline,3,2,2,0,42.857142857142854,28.57142857142857,28.57142857142857,0.029417
incident-0195,cloud_api,rejected,expired,poia,7,0,0,0,100.0,0.0,0.0,0.082167
incident-0196,banking,executed,verified_intent_executed,baseline,3,2,2,0,42.857142857142854,28.57142857142857,28.57142857142857,0.029416
incident-0196,banking,executed,verified_intent_executed,poia,7,0,0,0,100.0,0.0,0.0,0.083042
incident-0197,enterprise,rejected,action_mismatch,baseline,3,2,2,0,42.857142857142854,28.57142857142857,28.57142857142857,0.031584
incident-0197,enterprise,rejected,action_mismatch,poia,7,0,0,0,100.0,0.0,0.0,0.089833
incident-0198,healthcare,rejected,scope_mismatch,baseline,3,2,2,0,42.857142857142854,28.57142857142857,28.57142857142857,0.029583
incident-0198,healthcare,rejected,scope_mismatch,poia,7,0,0,0,100.0,0.0,0.0,0.083
incident-0199,cloud_api,rejected,principal_mismatch,baseline,3,2,2,0,42.857142857142854,28.57142857142857,28.57142857142857,0.029584
incident-0199,cloud_api,rejected,principal_mismatch,poia,7,0,0,0,100.0,0.0,0.0,0.082917
