method,action,n,mean_ms,median_ms,p95_ms,p99_ms,min_ms,max_ms
webauthn,beneficiary_add,4,5807.0,5698.5,6551.5,6655.9,5149.0,6682.0
webauthn,beneficiary_edit,1,9753.0,9753.0,9753.0,9753.0,9753.0,9753.0
webauthn,deposit,29,6620.862068965517,6206.0,9229.199999999997,9727.84,4871.0,9734.0
webauthn,limit_change,7,6470.857142857143,6057.0,8646.699999999999,9081.339999999998,5187.0,9190.0
webauthn,statement_export,13,6548.692307692308,6448.0,8380.4,8481.68,5212.0,8507.0
webauthn,transfer,43,7083.2558139534885,6275.0,13937.099999999995,16465.159999999996,4716.0,17663.0
webauthn,withdrawal,16,7634.125,6840.0,13219.0,15890.199999999999,5137.0,16558.0
zt_authenticator,beneficiary_add,13,12812.461538461539,9196.0,29257.599999999977,37532.319999999985,4103.0,39601.0
zt_authenticator,deposit,28,6971.0,3297.0,18721.699999999997,37539.03000000001,1624.0,44481.0
zt_authenticator,limit_change,5,7776.0,8472.0,10741.6,10840.32,3522.0,10865.0
zt_authenticator,statement_export,5,19994.8,17242.0,35699.799999999996,38775.159999999996,6427.0,39544.0
zt_authenticator,transfer,49,10507.69387755102,7256.0,36823.99999999996,42625.799999999974,2236.0,45405.0
zt_authenticator,withdrawal,12,8116.416666666667,7311.0,17555.0,18602.2,2180.0,18864.0
