trial,scenario,category,expected,actual,expected_reason,actual_reason,correct
1,exact_match,correct_acceptance,accept,accept,approved,approved,True
2,exact_match,correct_acceptance,accept,accept,approved,approved,True
3,exact_match,correct_acceptance,accept,accept,approved,approved,True
4,exact_match,correct_acceptance,accept,accept,approved,approved,True
5,exact_match,correct_acceptance,accept,accept,approved,approved,True
6,exact_match,correct_acceptance,accept,accept,approved,approved,True
7,exact_match,correct_acceptance,accept,accept,approved,approved,True
8,exact_match,correct_acceptance,accept,accept,approved,approved,True
9,exact_match,correct_acceptance,accept,accept,approved,approved,True
10,exact_match,correct_acceptance,accept,accept,approved,approved,True
11,exact_match,correct_acceptance,accept,accept,approved,approved,True
12,exact_match,correct_acceptance,accept,accept,approved,approved,True
13,exact_match,correct_acceptance,accept,accept,approved,approved,True
14,exact_match,correct_acceptance,accept,accept,approved,approved,True
15,exact_match,correct_acceptance,accept,accept,approved,approved,True
16,exact_match,correct_acceptance,accept,accept,approved,approved,True
17,exact_match,correct_acceptance,accept,accept,approved,approved,True
18,exact_match,correct_acceptance,accept,accept,approved,approved,True
19,exact_match,correct_acceptance,accept,accept,approved,approved,True
20,exact_match,correct_acceptance,accept,accept,approved,approved,True
21,exact_match,correct_acceptance,accept,accept,approved,approved,True
22,exact_match,correct_acceptance,accept,accept,approved,approved,True
23,exact_match,correct_acceptance,accept,accept,approved,approved,True
24,exact_match,correct_acceptance,accept,accept,approved,approved,True
25,exact_match,correct_acceptance,accept,accept,approved,approved,True
26,exact_match,correct_acceptance,accept,accept,approved,approved,True
27,exact_match,correct_acceptance,accept,accept,approved,approved,True
28,exact_match,correct_acceptance,accept,accept,approved,approved,True
29,exact_match,correct_acceptance,accept,accept,approved,approved,True
30,exact_match,correct_acceptance,accept,accept,approved,approved,True
31,exact_match,correct_acceptance,accept,accept,approved,approved,True
32,exact_match,correct_acceptance,accept,accept,approved,approved,True
33,exact_match,correct_acceptance,accept,accept,approved,approved,True
34,exact_match,correct_acceptance,accept,accept,approved,approved,True
35,exact_match,correct_acceptance,accept,accept,approved,approved,True
36,exact_match,correct_acceptance,accept,accept,approved,approved,True
37,exact_match,correct_acceptance,accept,accept,approved,approved,True
38,exact_match,correct_acceptance,accept,accept,approved,approved,True
39,exact_match,correct_acceptance,accept,accept,approved,approved,True
40,exact_match,correct_acceptance,accept,accept,approved,approved,True
41,exact_match,correct_acceptance,accept,accept,approved,approved,True
42,exact_match,correct_acceptance,accept,accept,approved,approved,True
43,exact_match,correct_acceptance,accept,accept,approved,approved,True
44,exact_match,correct_acceptance,accept,accept,approved,approved,True
45,exact_match,correct_acceptance,accept,accept,approved,approved,True
46,exact_match,correct_acceptance,accept,accept,approved,approved,True
47,exact_match,correct_acceptance,accept,accept,approved,approved,True
48,exact_match,correct_acceptance,accept,accept,approved,approved,True
49,exact_match,correct_acceptance,accept,accept,approved,approved,True
50,exact_match,correct_acceptance,accept,accept,approved,approved,True
51,exact_match,correct_acceptance,accept,accept,approved,approved,True
52,exact_match,correct_acceptance,accept,accept,approved,approved,True
53,exact_match,correct_acceptance,accept,accept,approved,approved,True
54,exact_match,correct_acceptance,accept,accept,approved,approved,True
55,exact_match,correct_acceptance,accept,accept,approved,approved,True
56,exact_match,correct_acceptance,accept,accept,approved,approved,True
57,exact_match,correct_acceptance,accept,accept,approved,approved,True
58,exact_match,correct_acceptance,accept,accept,approved,approved,True
59,exact_match,correct_acceptance,accept,accept,approved,approved,True
60,exact_match,correct_acceptance,accept,accept,approved,approved,True
1,canonicalization_order_equivalent,canonicalization_order,accept,accept,approved,approved,True
2,canonicalization_order_equivalent,canonicalization_order,accept,accept,approved,approved,True
3,canonicalization_order_equivalent,canonicalization_order,accept,accept,approved,approved,True
4,canonicalization_order_equivalent,canonicalization_order,accept,accept,approved,approved,True
5,canonicalization_order_equivalent,canonicalization_order,accept,accept,approved,approved,True
6,canonicalization_order_equivalent,canonicalization_order,accept,accept,approved,approved,True
7,canonicalization_order_equivalent,canonicalization_order,accept,accept,approved,approved,True
8,canonicalization_order_equivalent,canonicalization_order,accept,accept,approved,approved,True
9,canonicalization_order_equivalent,canonicalization_order,accept,accept,approved,approved,True
10,canonicalization_order_equivalent,canonicalization_order,accept,accept,approved,approved,True
11,canonicalization_order_equivalent,canonicalization_order,accept,accept,approved,approved,True
12,canonicalization_order_equivalent,canonicalization_order,accept,accept,approved,approved,True
13,canonicalization_order_equivalent,canonicalization_order,accept,accept,approved,approved,True
14,canonicalization_order_equivalent,canonicalization_order,accept,accept,approved,approved,True
15,canonicalization_order_equivalent,canonicalization_order,accept,accept,approved,approved,True
16,canonicalization_order_equivalent,canonicalization_order,accept,accept,approved,approved,True
17,canonicalization_order_equivalent,canonicalization_order,accept,accept,approved,approved,True
18,canonicalization_order_equivalent,canonicalization_order,accept,accept,approved,approved,True
19,canonicalization_order_equivalent,canonicalization_order,accept,accept,approved,approved,True
20,canonicalization_order_equivalent,canonicalization_order,accept,accept,approved,approved,True
21,canonicalization_order_equivalent,canonicalization_order,accept,accept,approved,approved,True
22,canonicalization_order_equivalent,canonicalization_order,accept,accept,approved,approved,True
23,canonicalization_order_equivalent,canonicalization_order,accept,accept,approved,approved,True
24,canonicalization_order_equivalent,canonicalization_order,accept,accept,approved,approved,True
25,canonicalization_order_equivalent,canonicalization_order,accept,accept,approved,approved,True
26,canonicalization_order_equivalent,canonicalization_order,accept,accept,approved,approved,True
27,canonicalization_order_equivalent,canonicalization_order,accept,accept,approved,approved,True
28,canonicalization_order_equivalent,canonicalization_order,accept,accept,approved,approved,True
29,canonicalization_order_equivalent,canonicalization_order,accept,accept,approved,approved,True
30,canonicalization_order_equivalent,canonicalization_order,accept,accept,approved,approved,True
31,canonicalization_order_equivalent,canonicalization_order,accept,accept,approved,approved,True
32,canonicalization_order_equivalent,canonicalization_order,accept,accept,approved,approved,True
33,canonicalization_order_equivalent,canonicalization_order,accept,accept,approved,approved,True
34,canonicalization_order_equivalent,canonicalization_order,accept,accept,approved,approved,True
35,canonicalization_order_equivalent,canonicalization_order,accept,accept,approved,approved,True
36,canonicalization_order_equivalent,canonicalization_order,accept,accept,approved,approved,True
37,canonicalization_order_equivalent,canonicalization_order,accept,accept,approved,approved,True
38,canonicalization_order_equivalent,canonicalization_order,accept,accept,approved,approved,True
39,canonicalization_order_equivalent,canonicalization_order,accept,accept,approved,approved,True
40,canonicalization_order_equivalent,canonicalization_order,accept,accept,approved,approved,True
41,canonicalization_order_equivalent,canonicalization_order,accept,accept,approved,approved,True
42,canonicalization_order_equivalent,canonicalization_order,accept,accept,approved,approved,True
43,canonicalization_order_equivalent,canonicalization_order,accept,accept,approved,approved,True
44,canonicalization_order_equivalent,canonicalization_order,accept,accept,approved,approved,True
45,canonicalization_order_equivalent,canonicalization_order,accept,accept,approved,approved,True
46,canonicalization_order_equivalent,canonicalization_order,accept,accept,approved,approved,True
47,canonicalization_order_equivalent,canonicalization_order,accept,accept,approved,approved,True
48,canonicalization_order_equivalent,canonicalization_order,accept,accept,approved,approved,True
49,canonicalization_order_equivalent,canonicalization_order,accept,accept,approved,approved,True
50,canonicalization_order_equivalent,canonicalization_order,accept,accept,approved,approved,True
51,canonicalization_order_equivalent,canonicalization_order,accept,accept,approved,approved,True
52,canonicalization_order_equivalent,canonicalization_order,accept,accept,approved,approved,True
53,canonicalization_order_equivalent,canonicalization_order,accept,accept,approved,approved,True
54,canonicalization_order_equivalent,canonicalization_order,accept,accept,approved,approved,True
55,canonicalization_order_equivalent,canonicalization_order,accept,accept,approved,approved,True
56,canonicalization_order_equivalent,canonicalization_order,accept,accept,approved,approved,True
57,canonicalization_order_equivalent,canonicalization_order,accept,accept,approved,approved,True
58,canonicalization_order_equivalent,canonicalization_order,accept,accept,approved,approved,True
59,canonicalization_order_equivalent,canonicalization_order,accept,accept,approved,approved,True
60,canonicalization_order_equivalent,canonicalization_order,accept,accept,approved,approved,True
1,encoding_variation_equivalent,encoding_variations,accept,accept,approved,approved,True
2,encoding_variation_equivalent,encoding_variations,accept,accept,approved,approved,True
3,encoding_variation_equivalent,encoding_variations,accept,accept,approved,approved,True
4,encoding_variation_equivalent,encoding_variations,accept,accept,approved,approved,True
5,encoding_variation_equivalent,encoding_variations,accept,accept,approved,approved,True
6,encoding_variation_equivalent,encoding_variations,accept,accept,approved,approved,True
7,encoding_variation_equivalent,encoding_variations,accept,accept,approved,approved,True
8,encoding_variation_equivalent,encoding_variations,accept,accept,approved,approved,True
9,encoding_variation_equivalent,encoding_variations,accept,accept,approved,approved,True
10,encoding_variation_equivalent,encoding_variations,accept,accept,approved,approved,True
11,encoding_variation_equivalent,encoding_variations,accept,accept,approved,approved,True
12,encoding_variation_equivalent,encoding_variations,accept,accept,approved,approved,True
13,encoding_variation_equivalent,encoding_variations,accept,accept,approved,approved,True
14,encoding_variation_equivalent,encoding_variations,accept,accept,approved,approved,True
15,encoding_variation_equivalent,encoding_variations,accept,accept,approved,approved,True
16,encoding_variation_equivalent,encoding_variations,accept,accept,approved,approved,True
17,encoding_variation_equivalent,encoding_variations,accept,accept,approved,approved,True
18,encoding_variation_equivalent,encoding_variations,accept,accept,approved,approved,True
19,encoding_variation_equivalent,encoding_variations,accept,accept,approved,approved,True
20,encoding_variation_equivalent,encoding_variations,accept,accept,approved,approved,True
21,encoding_variation_equivalent,encoding_variations,accept,accept,approved,approved,True
22,encoding_variation_equivalent,encoding_variations,accept,accept,approved,approved,True
23,encoding_variation_equivalent,encoding_variations,accept,accept,approved,approved,True
24,encoding_variation_equivalent,encoding_variations,accept,accept,approved,approved,True
25,encoding_variation_equivalent,encoding_variations,accept,accept,approved,approved,True
26,encoding_variation_equivalent,encoding_variations,accept,accept,approved,approved,True
27,encoding_variation_equivalent,encoding_variations,accept,accept,approved,approved,True
28,encoding_variation_equivalent,encoding_variations,accept,accept,approved,approved,True
29,encoding_variation_equivalent,encoding_variations,accept,accept,approved,approved,True
30,encoding_variation_equivalent,encoding_variations,accept,accept,approved,approved,True
31,encoding_variation_equivalent,encoding_variations,accept,accept,approved,approved,True
32,encoding_variation_equivalent,encoding_variations,accept,accept,approved,approved,True
33,encoding_variation_equivalent,encoding_variations,accept,accept,approved,approved,True
34,encoding_variation_equivalent,encoding_variations,accept,accept,approved,approved,True
35,encoding_variation_equivalent,encoding_variations,accept,accept,approved,approved,True
36,encoding_variation_equivalent,encoding_variations,accept,accept,approved,approved,True
37,encoding_variation_equivalent,encoding_variations,accept,accept,approved,approved,True
38,encoding_variation_equivalent,encoding_variations,accept,accept,approved,approved,True
39,encoding_variation_equivalent,encoding_variations,accept,accept,approved,approved,True
40,encoding_variation_equivalent,encoding_variations,accept,accept,approved,approved,True
41,encoding_variation_equivalent,encoding_variations,accept,accept,approved,approved,True
42,encoding_variation_equivalent,encoding_variations,accept,accept,approved,approved,True
43,encoding_variation_equivalent,encoding_variations,accept,accept,approved,approved,True
44,encoding_variation_equivalent,encoding_variations,accept,accept,approved,approved,True
45,encoding_variation_equivalent,encoding_variations,accept,accept,approved,approved,True
46,encoding_variation_equivalent,encoding_variations,accept,accept,approved,approved,True
47,encoding_variation_equivalent,encoding_variations,accept,accept,approved,approved,True
48,encoding_variation_equivalent,encoding_variations,accept,accept,approved,approved,True
49,encoding_variation_equivalent,encoding_variations,accept,accept,approved,approved,True
50,encoding_variation_equivalent,encoding_variations,accept,accept,approved,approved,True
51,encoding_variation_equivalent,encoding_variations,accept,accept,approved,approved,True
52,encoding_variation_equivalent,encoding_variations,accept,accept,approved,approved,True
53,encoding_variation_equivalent,encoding_variations,accept,accept,approved,approved,True
54,encoding_variation_equivalent,encoding_variations,accept,accept,approved,approved,True
55,encoding_variation_equivalent,encoding_variations,accept,accept,approved,approved,True
56,encoding_variation_equivalent,encoding_variations,accept,accept,approved,approved,True
57,encoding_variation_equivalent,encoding_variations,accept,accept,approved,approved,True
58,encoding_variation_equivalent,encoding_variations,accept,accept,approved,approved,True
59,encoding_variation_equivalent,encoding_variations,accept,accept,approved,approved,True
60,encoding_variation_equivalent,encoding_variations,accept,accept,approved,approved,True
1,action_mismatch,action,reject,reject,semantic_mismatch,semantic_mismatch,True
2,action_mismatch,action,reject,reject,semantic_mismatch,semantic_mismatch,True
3,action_mismatch,action,reject,reject,semantic_mismatch,semantic_mismatch,True
4,action_mismatch,action,reject,reject,semantic_mismatch,semantic_mismatch,True
5,action_mismatch,action,reject,reject,semantic_mismatch,semantic_mismatch,True
6,action_mismatch,action,reject,reject,semantic_mismatch,semantic_mismatch,True
7,action_mismatch,action,reject,reject,semantic_mismatch,semantic_mismatch,True
8,action_mismatch,action,reject,reject,semantic_mismatch,semantic_mismatch,True
9,action_mismatch,action,reject,reject,semantic_mismatch,semantic_mismatch,True
10,action_mismatch,action,reject,reject,semantic_mismatch,semantic_mismatch,True
11,action_mismatch,action,reject,reject,semantic_mismatch,semantic_mismatch,True
12,action_mismatch,action,reject,reject,semantic_mismatch,semantic_mismatch,True
13,action_mismatch,action,reject,reject,semantic_mismatch,semantic_mismatch,True
14,action_mismatch,action,reject,reject,semantic_mismatch,semantic_mismatch,True
15,action_mismatch,action,reject,reject,semantic_mismatch,semantic_mismatch,True
16,action_mismatch,action,reject,reject,semantic_mismatch,semantic_mismatch,True
17,action_mismatch,action,reject,reject,semantic_mismatch,semantic_mismatch,True
18,action_mismatch,action,reject,reject,semantic_mismatch,semantic_mismatch,True
19,action_mismatch,action,reject,reject,semantic_mismatch,semantic_mismatch,True
20,action_mismatch,action,reject,reject,semantic_mismatch,semantic_mismatch,True
21,action_mismatch,action,reject,reject,semantic_mismatch,semantic_mismatch,True
22,action_mismatch,action,reject,reject,semantic_mismatch,semantic_mismatch,True
23,action_mismatch,action,reject,reject,semantic_mismatch,semantic_mismatch,True
24,action_mismatch,action,reject,reject,semantic_mismatch,semantic_mismatch,True
25,action_mismatch,action,reject,reject,semantic_mismatch,semantic_mismatch,True
26,action_mismatch,action,reject,reject,semantic_mismatch,semantic_mismatch,True
27,action_mismatch,action,reject,reject,semantic_mismatch,semantic_mismatch,True
28,action_mismatch,action,reject,reject,semantic_mismatch,semantic_mismatch,True
29,action_mismatch,action,reject,reject,semantic_mismatch,semantic_mismatch,True
30,action_mismatch,action,reject,reject,semantic_mismatch,semantic_mismatch,True
31,action_mismatch,action,reject,reject,semantic_mismatch,semantic_mismatch,True
32,action_mismatch,action,reject,reject,semantic_mismatch,semantic_mismatch,True
33,action_mismatch,action,reject,reject,semantic_mismatch,semantic_mismatch,True
34,action_mismatch,action,reject,reject,semantic_mismatch,semantic_mismatch,True
35,action_mismatch,action,reject,reject,semantic_mismatch,semantic_mismatch,True
36,action_mismatch,action,reject,reject,semantic_mismatch,semantic_mismatch,True
37,action_mismatch,action,reject,reject,semantic_mismatch,semantic_mismatch,True
38,action_mismatch,action,reject,reject,semantic_mismatch,semantic_mismatch,True
39,action_mismatch,action,reject,reject,semantic_mismatch,semantic_mismatch,True
40,action_mismatch,action,reject,reject,semantic_mismatch,semantic_mismatch,True
41,action_mismatch,action,reject,reject,semantic_mismatch,semantic_mismatch,True
42,action_mismatch,action,reject,reject,semantic_mismatch,semantic_mismatch,True
43,action_mismatch,action,reject,reject,semantic_mismatch,semantic_mismatch,True
44,action_mismatch,action,reject,reject,semantic_mismatch,semantic_mismatch,True
45,action_mismatch,action,reject,reject,semantic_mismatch,semantic_mismatch,True
46,action_mismatch,action,reject,reject,semantic_mismatch,semantic_mismatch,True
47,action_mismatch,action,reject,reject,semantic_mismatch,semantic_mismatch,True
48,action_mismatch,action,reject,reject,semantic_mismatch,semantic_mismatch,True
49,action_mismatch,action,reject,reject,semantic_mismatch,semantic_mismatch,True
50,action_mismatch,action,reject,reject,semantic_mismatch,semantic_mismatch,True
51,action_mismatch,action,reject,reject,semantic_mismatch,semantic_mismatch,True
52,action_mismatch,action,reject,reject,semantic_mismatch,semantic_mismatch,True
53,action_mismatch,action,reject,reject,semantic_mismatch,semantic_mismatch,True
54,action_mismatch,action,reject,reject,semantic_mismatch,semantic_mismatch,True
55,action_mismatch,action,reject,reject,semantic_mismatch,semantic_mismatch,True
56,action_mismatch,action,reject,reject,semantic_mismatch,semantic_mismatch,True
57,action_mismatch,action,reject,reject,semantic_mismatch,semantic_mismatch,True
58,action_mismatch,action,reject,reject,semantic_mismatch,semantic_mismatch,True
59,action_mismatch,action,reject,reject,semantic_mismatch,semantic_mismatch,True
60,action_mismatch,action,reject,reject,semantic_mismatch,semantic_mismatch,True
1,amount_mismatch,amount_value,reject,reject,semantic_mismatch,semantic_mismatch,True
2,amount_mismatch,amount_value,reject,reject,semantic_mismatch,semantic_mismatch,True
3,amount_mismatch,amount_value,reject,reject,semantic_mismatch,semantic_mismatch,True
4,amount_mismatch,amount_value,reject,reject,semantic_mismatch,semantic_mismatch,True
5,amount_mismatch,amount_value,reject,reject,semantic_mismatch,semantic_mismatch,True
6,amount_mismatch,amount_value,reject,reject,semantic_mismatch,semantic_mismatch,True
7,amount_mismatch,amount_value,reject,reject,semantic_mismatch,semantic_mismatch,True
8,amount_mismatch,amount_value,reject,reject,semantic_mismatch,semantic_mismatch,True
9,amount_mismatch,amount_value,reject,reject,semantic_mismatch,semantic_mismatch,True
10,amount_mismatch,amount_value,reject,reject,semantic_mismatch,semantic_mismatch,True
11,amount_mismatch,amount_value,reject,reject,semantic_mismatch,semantic_mismatch,True
12,amount_mismatch,amount_value,reject,reject,semantic_mismatch,semantic_mismatch,True
13,amount_mismatch,amount_value,reject,reject,semantic_mismatch,semantic_mismatch,True
14,amount_mismatch,amount_value,reject,reject,semantic_mismatch,semantic_mismatch,True
15,amount_mismatch,amount_value,reject,reject,semantic_mismatch,semantic_mismatch,True
16,amount_mismatch,amount_value,reject,reject,semantic_mismatch,semantic_mismatch,True
17,amount_mismatch,amount_value,reject,reject,semantic_mismatch,semantic_mismatch,True
18,amount_mismatch,amount_value,reject,reject,semantic_mismatch,semantic_mismatch,True
19,amount_mismatch,amount_value,reject,reject,semantic_mismatch,semantic_mismatch,True
20,amount_mismatch,amount_value,reject,reject,semantic_mismatch,semantic_mismatch,True
21,amount_mismatch,amount_value,reject,reject,semantic_mismatch,semantic_mismatch,True
22,amount_mismatch,amount_value,reject,reject,semantic_mismatch,semantic_mismatch,True
23,amount_mismatch,amount_value,reject,reject,semantic_mismatch,semantic_mismatch,True
24,amount_mismatch,amount_value,reject,reject,semantic_mismatch,semantic_mismatch,True
25,amount_mismatch,amount_value,reject,reject,semantic_mismatch,semantic_mismatch,True
26,amount_mismatch,amount_value,reject,reject,semantic_mismatch,semantic_mismatch,True
27,amount_mismatch,amount_value,reject,reject,semantic_mismatch,semantic_mismatch,True
28,amount_mismatch,amount_value,reject,reject,semantic_mismatch,semantic_mismatch,True
29,amount_mismatch,amount_value,reject,reject,semantic_mismatch,semantic_mismatch,True
30,amount_mismatch,amount_value,reject,reject,semantic_mismatch,semantic_mismatch,True
31,amount_mismatch,amount_value,reject,reject,semantic_mismatch,semantic_mismatch,True
32,amount_mismatch,amount_value,reject,reject,semantic_mismatch,semantic_mismatch,True
33,amount_mismatch,amount_value,reject,reject,semantic_mismatch,semantic_mismatch,True
34,amount_mismatch,amount_value,reject,reject,semantic_mismatch,semantic_mismatch,True
35,amount_mismatch,amount_value,reject,reject,semantic_mismatch,semantic_mismatch,True
36,amount_mismatch,amount_value,reject,reject,semantic_mismatch,semantic_mismatch,True
37,amount_mismatch,amount_value,reject,reject,semantic_mismatch,semantic_mismatch,True
38,amount_mismatch,amount_value,reject,reject,semantic_mismatch,semantic_mismatch,True
39,amount_mismatch,amount_value,reject,reject,semantic_mismatch,semantic_mismatch,True
40,amount_mismatch,amount_value,reject,reject,semantic_mismatch,semantic_mismatch,True
41,amount_mismatch,amount_value,reject,reject,semantic_mismatch,semantic_mismatch,True
42,amount_mismatch,amount_value,reject,reject,semantic_mismatch,semantic_mismatch,True
43,amount_mismatch,amount_value,reject,reject,semantic_mismatch,semantic_mismatch,True
44,amount_mismatch,amount_value,reject,reject,semantic_mismatch,semantic_mismatch,True
45,amount_mismatch,amount_value,reject,reject,semantic_mismatch,semantic_mismatch,True
46,amount_mismatch,amount_value,reject,reject,semantic_mismatch,semantic_mismatch,True
47,amount_mismatch,amount_value,reject,reject,semantic_mismatch,semantic_mismatch,True
48,amount_mismatch,amount_value,reject,reject,semantic_mismatch,semantic_mismatch,True
49,amount_mismatch,amount_value,reject,reject,semantic_mismatch,semantic_mismatch,True
50,amount_mismatch,amount_value,reject,reject,semantic_mismatch,semantic_mismatch,True
51,amount_mismatch,amount_value,reject,reject,semantic_mismatch,semantic_mismatch,True
52,amount_mismatch,amount_value,reject,reject,semantic_mismatch,semantic_mismatch,True
53,amount_mismatch,amount_value,reject,reject,semantic_mismatch,semantic_mismatch,True
54,amount_mismatch,amount_value,reject,reject,semantic_mismatch,semantic_mismatch,True
55,amount_mismatch,amount_value,reject,reject,semantic_mismatch,semantic_mismatch,True
56,amount_mismatch,amount_value,reject,reject,semantic_mismatch,semantic_mismatch,True
57,amount_mismatch,amount_value,reject,reject,semantic_mismatch,semantic_mismatch,True
58,amount_mismatch,amount_value,reject,reject,semantic_mismatch,semantic_mismatch,True
59,amount_mismatch,amount_value,reject,reject,semantic_mismatch,semantic_mismatch,True
60,amount_mismatch,amount_value,reject,reject,semantic_mismatch,semantic_mismatch,True
1,target_object_mismatch,target_object,reject,reject,semantic_mismatch,semantic_mismatch,True
2,target_object_mismatch,target_object,reject,reject,semantic_mismatch,semantic_mismatch,True
3,target_object_mismatch,target_object,reject,reject,semantic_mismatch,semantic_mismatch,True
4,target_object_mismatch,target_object,reject,reject,semantic_mismatch,semantic_mismatch,True
5,target_object_mismatch,target_object,reject,reject,semantic_mismatch,semantic_mismatch,True
6,target_object_mismatch,target_object,reject,reject,semantic_mismatch,semantic_mismatch,True
7,target_object_mismatch,target_object,reject,reject,semantic_mismatch,semantic_mismatch,True
8,target_object_mismatch,target_object,reject,reject,semantic_mismatch,semantic_mismatch,True
9,target_object_mismatch,target_object,reject,reject,semantic_mismatch,semantic_mismatch,True
10,target_object_mismatch,target_object,reject,reject,semantic_mismatch,semantic_mismatch,True
11,target_object_mismatch,target_object,reject,reject,semantic_mismatch,semantic_mismatch,True
12,target_object_mismatch,target_object,reject,reject,semantic_mismatch,semantic_mismatch,True
13,target_object_mismatch,target_object,reject,reject,semantic_mismatch,semantic_mismatch,True
14,target_object_mismatch,target_object,reject,reject,semantic_mismatch,semantic_mismatch,True
15,target_object_mismatch,target_object,reject,reject,semantic_mismatch,semantic_mismatch,True
16,target_object_mismatch,target_object,reject,reject,semantic_mismatch,semantic_mismatch,True
17,target_object_mismatch,target_object,reject,reject,semantic_mismatch,semantic_mismatch,True
18,target_object_mismatch,target_object,reject,reject,semantic_mismatch,semantic_mismatch,True
19,target_object_mismatch,target_object,reject,reject,semantic_mismatch,semantic_mismatch,True
20,target_object_mismatch,target_object,reject,reject,semantic_mismatch,semantic_mismatch,True
21,target_object_mismatch,target_object,reject,reject,semantic_mismatch,semantic_mismatch,True
22,target_object_mismatch,target_object,reject,reject,semantic_mismatch,semantic_mismatch,True
23,target_object_mismatch,target_object,reject,reject,semantic_mismatch,semantic_mismatch,True
24,target_object_mismatch,target_object,reject,reject,semantic_mismatch,semantic_mismatch,True
25,target_object_mismatch,target_object,reject,reject,semantic_mismatch,semantic_mismatch,True
26,target_object_mismatch,target_object,reject,reject,semantic_mismatch,semantic_mismatch,True
27,target_object_mismatch,target_object,reject,reject,semantic_mismatch,semantic_mismatch,True
28,target_object_mismatch,target_object,reject,reject,semantic_mismatch,semantic_mismatch,True
29,target_object_mismatch,target_object,reject,reject,semantic_mismatch,semantic_mismatch,True
30,target_object_mismatch,target_object,reject,reject,semantic_mismatch,semantic_mismatch,True
31,target_object_mismatch,target_object,reject,reject,semantic_mismatch,semantic_mismatch,True
32,target_object_mismatch,target_object,reject,reject,semantic_mismatch,semantic_mismatch,True
33,target_object_mismatch,target_object,reject,reject,semantic_mismatch,semantic_mismatch,True
34,target_object_mismatch,target_object,reject,reject,semantic_mismatch,semantic_mismatch,True
35,target_object_mismatch,target_object,reject,reject,semantic_mismatch,semantic_mismatch,True
36,target_object_mismatch,target_object,reject,reject,semantic_mismatch,semantic_mismatch,True
37,target_object_mismatch,target_object,reject,reject,semantic_mismatch,semantic_mismatch,True
38,target_object_mismatch,target_object,reject,reject,semantic_mismatch,semantic_mismatch,True
39,target_object_mismatch,target_object,reject,reject,semantic_mismatch,semantic_mismatch,True
40,target_object_mismatch,target_object,reject,reject,semantic_mismatch,semantic_mismatch,True
41,target_object_mismatch,target_object,reject,reject,semantic_mismatch,semantic_mismatch,True
42,target_object_mismatch,target_object,reject,reject,semantic_mismatch,semantic_mismatch,True
43,target_object_mismatch,target_object,reject,reject,semantic_mismatch,semantic_mismatch,True
44,target_object_mismatch,target_object,reject,reject,semantic_mismatch,semantic_mismatch,True
45,target_object_mismatch,target_object,reject,reject,semantic_mismatch,semantic_mismatch,True
46,target_object_mismatch,target_object,reject,reject,semantic_mismatch,semantic_mismatch,True
47,target_object_mismatch,target_object,reject,reject,semantic_mismatch,semantic_mismatch,True
48,target_object_mismatch,target_object,reject,reject,semantic_mismatch,semantic_mismatch,True
49,target_object_mismatch,target_object,reject,reject,semantic_mismatch,semantic_mismatch,True
50,target_object_mismatch,target_object,reject,reject,semantic_mismatch,semantic_mismatch,True
51,target_object_mismatch,target_object,reject,reject,semantic_mismatch,semantic_mismatch,True
52,target_object_mismatch,target_object,reject,reject,semantic_mismatch,semantic_mismatch,True
53,target_object_mismatch,target_object,reject,reject,semantic_mismatch,semantic_mismatch,True
54,target_object_mismatch,target_object,reject,reject,semantic_mismatch,semantic_mismatch,True
55,target_object_mismatch,target_object,reject,reject,semantic_mismatch,semantic_mismatch,True
56,target_object_mismatch,target_object,reject,reject,semantic_mismatch,semantic_mismatch,True
57,target_object_mismatch,target_object,reject,reject,semantic_mismatch,semantic_mismatch,True
58,target_object_mismatch,target_object,reject,reject,semantic_mismatch,semantic_mismatch,True
59,target_object_mismatch,target_object,reject,reject,semantic_mismatch,semantic_mismatch,True
60,target_object_mismatch,target_object,reject,reject,semantic_mismatch,semantic_mismatch,True
1,user_identity_mismatch,user_identity,reject,reject,semantic_mismatch,semantic_mismatch,True
2,user_identity_mismatch,user_identity,reject,reject,semantic_mismatch,semantic_mismatch,True
3,user_identity_mismatch,user_identity,reject,reject,semantic_mismatch,semantic_mismatch,True
4,user_identity_mismatch,user_identity,reject,reject,semantic_mismatch,semantic_mismatch,True
5,user_identity_mismatch,user_identity,reject,reject,semantic_mismatch,semantic_mismatch,True
6,user_identity_mismatch,user_identity,reject,reject,semantic_mismatch,semantic_mismatch,True
7,user_identity_mismatch,user_identity,reject,reject,semantic_mismatch,semantic_mismatch,True
8,user_identity_mismatch,user_identity,reject,reject,semantic_mismatch,semantic_mismatch,True
9,user_identity_mismatch,user_identity,reject,reject,semantic_mismatch,semantic_mismatch,True
10,user_identity_mismatch,user_identity,reject,reject,semantic_mismatch,semantic_mismatch,True
11,user_identity_mismatch,user_identity,reject,reject,semantic_mismatch,semantic_mismatch,True
12,user_identity_mismatch,user_identity,reject,reject,semantic_mismatch,semantic_mismatch,True
13,user_identity_mismatch,user_identity,reject,reject,semantic_mismatch,semantic_mismatch,True
14,user_identity_mismatch,user_identity,reject,reject,semantic_mismatch,semantic_mismatch,True
15,user_identity_mismatch,user_identity,reject,reject,semantic_mismatch,semantic_mismatch,True
16,user_identity_mismatch,user_identity,reject,reject,semantic_mismatch,semantic_mismatch,True
17,user_identity_mismatch,user_identity,reject,reject,semantic_mismatch,semantic_mismatch,True
18,user_identity_mismatch,user_identity,reject,reject,semantic_mismatch,semantic_mismatch,True
19,user_identity_mismatch,user_identity,reject,reject,semantic_mismatch,semantic_mismatch,True
20,user_identity_mismatch,user_identity,reject,reject,semantic_mismatch,semantic_mismatch,True
21,user_identity_mismatch,user_identity,reject,reject,semantic_mismatch,semantic_mismatch,True
22,user_identity_mismatch,user_identity,reject,reject,semantic_mismatch,semantic_mismatch,True
23,user_identity_mismatch,user_identity,reject,reject,semantic_mismatch,semantic_mismatch,True
24,user_identity_mismatch,user_identity,reject,reject,semantic_mismatch,semantic_mismatch,True
25,user_identity_mismatch,user_identity,reject,reject,semantic_mismatch,semantic_mismatch,True
26,user_identity_mismatch,user_identity,reject,reject,semantic_mismatch,semantic_mismatch,True
27,user_identity_mismatch,user_identity,reject,reject,semantic_mismatch,semantic_mismatch,True
28,user_identity_mismatch,user_identity,reject,reject,semantic_mismatch,semantic_mismatch,True
29,user_identity_mismatch,user_identity,reject,reject,semantic_mismatch,semantic_mismatch,True
30,user_identity_mismatch,user_identity,reject,reject,semantic_mismatch,semantic_mismatch,True
31,user_identity_mismatch,user_identity,reject,reject,semantic_mismatch,semantic_mismatch,True
32,user_identity_mismatch,user_identity,reject,reject,semantic_mismatch,semantic_mismatch,True
33,user_identity_mismatch,user_identity,reject,reject,semantic_mismatch,semantic_mismatch,True
34,user_identity_mismatch,user_identity,reject,reject,semantic_mismatch,semantic_mismatch,True
35,user_identity_mismatch,user_identity,reject,reject,semantic_mismatch,semantic_mismatch,True
36,user_identity_mismatch,user_identity,reject,reject,semantic_mismatch,semantic_mismatch,True
37,user_identity_mismatch,user_identity,reject,reject,semantic_mismatch,semantic_mismatch,True
38,user_identity_mismatch,user_identity,reject,reject,semantic_mismatch,semantic_mismatch,True
39,user_identity_mismatch,user_identity,reject,reject,semantic_mismatch,semantic_mismatch,True
40,user_identity_mismatch,user_identity,reject,reject,semantic_mismatch,semantic_mismatch,True
41,user_identity_mismatch,user_identity,reject,reject,semantic_mismatch,semantic_mismatch,True
42,user_identity_mismatch,user_identity,reject,reject,semantic_mismatch,semantic_mismatch,True
43,user_identity_mismatch,user_identity,reject,reject,semantic_mismatch,semantic_mismatch,True
44,user_identity_mismatch,user_identity,reject,reject,semantic_mismatch,semantic_mismatch,True
45,user_identity_mismatch,user_identity,reject,reject,semantic_mismatch,semantic_mismatch,True
46,user_identity_mismatch,user_identity,reject,reject,semantic_mismatch,semantic_mismatch,True
47,user_identity_mismatch,user_identity,reject,reject,semantic_mismatch,semantic_mismatch,True
48,user_identity_mismatch,user_identity,reject,reject,semantic_mismatch,semantic_mismatch,True
49,user_identity_mismatch,user_identity,reject,reject,semantic_mismatch,semantic_mismatch,True
50,user_identity_mismatch,user_identity,reject,reject,semantic_mismatch,semantic_mismatch,True
51,user_identity_mismatch,user_identity,reject,reject,semantic_mismatch,semantic_mismatch,True
52,user_identity_mismatch,user_identity,reject,reject,semantic_mismatch,semantic_mismatch,True
53,user_identity_mismatch,user_identity,reject,reject,semantic_mismatch,semantic_mismatch,True
54,user_identity_mismatch,user_identity,reject,reject,semantic_mismatch,semantic_mismatch,True
55,user_identity_mismatch,user_identity,reject,reject,semantic_mismatch,semantic_mismatch,True
56,user_identity_mismatch,user_identity,reject,reject,semantic_mismatch,semantic_mismatch,True
57,user_identity_mismatch,user_identity,reject,reject,semantic_mismatch,semantic_mismatch,True
58,user_identity_mismatch,user_identity,reject,reject,semantic_mismatch,semantic_mismatch,True
59,user_identity_mismatch,user_identity,reject,reject,semantic_mismatch,semantic_mismatch,True
60,user_identity_mismatch,user_identity,reject,reject,semantic_mismatch,semantic_mismatch,True
1,rp_context_mismatch,rp_context,reject,reject,semantic_mismatch,semantic_mismatch,True
2,rp_context_mismatch,rp_context,reject,reject,semantic_mismatch,semantic_mismatch,True
3,rp_context_mismatch,rp_context,reject,reject,semantic_mismatch,semantic_mismatch,True
4,rp_context_mismatch,rp_context,reject,reject,semantic_mismatch,semantic_mismatch,True
5,rp_context_mismatch,rp_context,reject,reject,semantic_mismatch,semantic_mismatch,True
6,rp_context_mismatch,rp_context,reject,reject,semantic_mismatch,semantic_mismatch,True
7,rp_context_mismatch,rp_context,reject,reject,semantic_mismatch,semantic_mismatch,True
8,rp_context_mismatch,rp_context,reject,reject,semantic_mismatch,semantic_mismatch,True
9,rp_context_mismatch,rp_context,reject,reject,semantic_mismatch,semantic_mismatch,True
10,rp_context_mismatch,rp_context,reject,reject,semantic_mismatch,semantic_mismatch,True
11,rp_context_mismatch,rp_context,reject,reject,semantic_mismatch,semantic_mismatch,True
12,rp_context_mismatch,rp_context,reject,reject,semantic_mismatch,semantic_mismatch,True
13,rp_context_mismatch,rp_context,reject,reject,semantic_mismatch,semantic_mismatch,True
14,rp_context_mismatch,rp_context,reject,reject,semantic_mismatch,semantic_mismatch,True
15,rp_context_mismatch,rp_context,reject,reject,semantic_mismatch,semantic_mismatch,True
16,rp_context_mismatch,rp_context,reject,reject,semantic_mismatch,semantic_mismatch,True
17,rp_context_mismatch,rp_context,reject,reject,semantic_mismatch,semantic_mismatch,True
18,rp_context_mismatch,rp_context,reject,reject,semantic_mismatch,semantic_mismatch,True
19,rp_context_mismatch,rp_context,reject,reject,semantic_mismatch,semantic_mismatch,True
20,rp_context_mismatch,rp_context,reject,reject,semantic_mismatch,semantic_mismatch,True
21,rp_context_mismatch,rp_context,reject,reject,semantic_mismatch,semantic_mismatch,True
22,rp_context_mismatch,rp_context,reject,reject,semantic_mismatch,semantic_mismatch,True
23,rp_context_mismatch,rp_context,reject,reject,semantic_mismatch,semantic_mismatch,True
24,rp_context_mismatch,rp_context,reject,reject,semantic_mismatch,semantic_mismatch,True
25,rp_context_mismatch,rp_context,reject,reject,semantic_mismatch,semantic_mismatch,True
26,rp_context_mismatch,rp_context,reject,reject,semantic_mismatch,semantic_mismatch,True
27,rp_context_mismatch,rp_context,reject,reject,semantic_mismatch,semantic_mismatch,True
28,rp_context_mismatch,rp_context,reject,reject,semantic_mismatch,semantic_mismatch,True
29,rp_context_mismatch,rp_context,reject,reject,semantic_mismatch,semantic_mismatch,True
30,rp_context_mismatch,rp_context,reject,reject,semantic_mismatch,semantic_mismatch,True
31,rp_context_mismatch,rp_context,reject,reject,semantic_mismatch,semantic_mismatch,True
32,rp_context_mismatch,rp_context,reject,reject,semantic_mismatch,semantic_mismatch,True
33,rp_context_mismatch,rp_context,reject,reject,semantic_mismatch,semantic_mismatch,True
34,rp_context_mismatch,rp_context,reject,reject,semantic_mismatch,semantic_mismatch,True
35,rp_context_mismatch,rp_context,reject,reject,semantic_mismatch,semantic_mismatch,True
36,rp_context_mismatch,rp_context,reject,reject,semantic_mismatch,semantic_mismatch,True
37,rp_context_mismatch,rp_context,reject,reject,semantic_mismatch,semantic_mismatch,True
38,rp_context_mismatch,rp_context,reject,reject,semantic_mismatch,semantic_mismatch,True
39,rp_context_mismatch,rp_context,reject,reject,semantic_mismatch,semantic_mismatch,True
40,rp_context_mismatch,rp_context,reject,reject,semantic_mismatch,semantic_mismatch,True
41,rp_context_mismatch,rp_context,reject,reject,semantic_mismatch,semantic_mismatch,True
42,rp_context_mismatch,rp_context,reject,reject,semantic_mismatch,semantic_mismatch,True
43,rp_context_mismatch,rp_context,reject,reject,semantic_mismatch,semantic_mismatch,True
44,rp_context_mismatch,rp_context,reject,reject,semantic_mismatch,semantic_mismatch,True
45,rp_context_mismatch,rp_context,reject,reject,semantic_mismatch,semantic_mismatch,True
46,rp_context_mismatch,rp_context,reject,reject,semantic_mismatch,semantic_mismatch,True
47,rp_context_mismatch,rp_context,reject,reject,semantic_mismatch,semantic_mismatch,True
48,rp_context_mismatch,rp_context,reject,reject,semantic_mismatch,semantic_mismatch,True
49,rp_context_mismatch,rp_context,reject,reject,semantic_mismatch,semantic_mismatch,True
50,rp_context_mismatch,rp_context,reject,reject,semantic_mismatch,semantic_mismatch,True
51,rp_context_mismatch,rp_context,reject,reject,semantic_mismatch,semantic_mismatch,True
52,rp_context_mismatch,rp_context,reject,reject,semantic_mismatch,semantic_mismatch,True
53,rp_context_mismatch,rp_context,reject,reject,semantic_mismatch,semantic_mismatch,True
54,rp_context_mismatch,rp_context,reject,reject,semantic_mismatch,semantic_mismatch,True
55,rp_context_mismatch,rp_context,reject,reject,semantic_mismatch,semantic_mismatch,True
56,rp_context_mismatch,rp_context,reject,reject,semantic_mismatch,semantic_mismatch,True
57,rp_context_mismatch,rp_context,reject,reject,semantic_mismatch,semantic_mismatch,True
58,rp_context_mismatch,rp_context,reject,reject,semantic_mismatch,semantic_mismatch,True
59,rp_context_mismatch,rp_context,reject,reject,semantic_mismatch,semantic_mismatch,True
60,rp_context_mismatch,rp_context,reject,reject,semantic_mismatch,semantic_mismatch,True
1,nonce_mismatch,nonce,reject,reject,nonce_mismatch,nonce_mismatch,True
2,nonce_mismatch,nonce,reject,reject,nonce_mismatch,nonce_mismatch,True
3,nonce_mismatch,nonce,reject,reject,nonce_mismatch,nonce_mismatch,True
4,nonce_mismatch,nonce,reject,reject,nonce_mismatch,nonce_mismatch,True
5,nonce_mismatch,nonce,reject,reject,nonce_mismatch,nonce_mismatch,True
6,nonce_mismatch,nonce,reject,reject,nonce_mismatch,nonce_mismatch,True
7,nonce_mismatch,nonce,reject,reject,nonce_mismatch,nonce_mismatch,True
8,nonce_mismatch,nonce,reject,reject,nonce_mismatch,nonce_mismatch,True
9,nonce_mismatch,nonce,reject,reject,nonce_mismatch,nonce_mismatch,True
10,nonce_mismatch,nonce,reject,reject,nonce_mismatch,nonce_mismatch,True
11,nonce_mismatch,nonce,reject,reject,nonce_mismatch,nonce_mismatch,True
12,nonce_mismatch,nonce,reject,reject,nonce_mismatch,nonce_mismatch,True
13,nonce_mismatch,nonce,reject,reject,nonce_mismatch,nonce_mismatch,True
14,nonce_mismatch,nonce,reject,reject,nonce_mismatch,nonce_mismatch,True
15,nonce_mismatch,nonce,reject,reject,nonce_mismatch,nonce_mismatch,True
16,nonce_mismatch,nonce,reject,reject,nonce_mismatch,nonce_mismatch,True
17,nonce_mismatch,nonce,reject,reject,nonce_mismatch,nonce_mismatch,True
18,nonce_mismatch,nonce,reject,reject,nonce_mismatch,nonce_mismatch,True
19,nonce_mismatch,nonce,reject,reject,nonce_mismatch,nonce_mismatch,True
20,nonce_mismatch,nonce,reject,reject,nonce_mismatch,nonce_mismatch,True
21,nonce_mismatch,nonce,reject,reject,nonce_mismatch,nonce_mismatch,True
22,nonce_mismatch,nonce,reject,reject,nonce_mismatch,nonce_mismatch,True
23,nonce_mismatch,nonce,reject,reject,nonce_mismatch,nonce_mismatch,True
24,nonce_mismatch,nonce,reject,reject,nonce_mismatch,nonce_mismatch,True
25,nonce_mismatch,nonce,reject,reject,nonce_mismatch,nonce_mismatch,True
26,nonce_mismatch,nonce,reject,reject,nonce_mismatch,nonce_mismatch,True
27,nonce_mismatch,nonce,reject,reject,nonce_mismatch,nonce_mismatch,True
28,nonce_mismatch,nonce,reject,reject,nonce_mismatch,nonce_mismatch,True
29,nonce_mismatch,nonce,reject,reject,nonce_mismatch,nonce_mismatch,True
30,nonce_mismatch,nonce,reject,reject,nonce_mismatch,nonce_mismatch,True
31,nonce_mismatch,nonce,reject,reject,nonce_mismatch,nonce_mismatch,True
32,nonce_mismatch,nonce,reject,reject,nonce_mismatch,nonce_mismatch,True
33,nonce_mismatch,nonce,reject,reject,nonce_mismatch,nonce_mismatch,True
34,nonce_mismatch,nonce,reject,reject,nonce_mismatch,nonce_mismatch,True
35,nonce_mismatch,nonce,reject,reject,nonce_mismatch,nonce_mismatch,True
36,nonce_mismatch,nonce,reject,reject,nonce_mismatch,nonce_mismatch,True
37,nonce_mismatch,nonce,reject,reject,nonce_mismatch,nonce_mismatch,True
38,nonce_mismatch,nonce,reject,reject,nonce_mismatch,nonce_mismatch,True
39,nonce_mismatch,nonce,reject,reject,nonce_mismatch,nonce_mismatch,True
40,nonce_mismatch,nonce,reject,reject,nonce_mismatch,nonce_mismatch,True
41,nonce_mismatch,nonce,reject,reject,nonce_mismatch,nonce_mismatch,True
42,nonce_mismatch,nonce,reject,reject,nonce_mismatch,nonce_mismatch,True
43,nonce_mismatch,nonce,reject,reject,nonce_mismatch,nonce_mismatch,True
44,nonce_mismatch,nonce,reject,reject,nonce_mismatch,nonce_mismatch,True
45,nonce_mismatch,nonce,reject,reject,nonce_mismatch,nonce_mismatch,True
46,nonce_mismatch,nonce,reject,reject,nonce_mismatch,nonce_mismatch,True
47,nonce_mismatch,nonce,reject,reject,nonce_mismatch,nonce_mismatch,True
48,nonce_mismatch,nonce,reject,reject,nonce_mismatch,nonce_mismatch,True
49,nonce_mismatch,nonce,reject,reject,nonce_mismatch,nonce_mismatch,True
50,nonce_mismatch,nonce,reject,reject,nonce_mismatch,nonce_mismatch,True
51,nonce_mismatch,nonce,reject,reject,nonce_mismatch,nonce_mismatch,True
52,nonce_mismatch,nonce,reject,reject,nonce_mismatch,nonce_mismatch,True
53,nonce_mismatch,nonce,reject,reject,nonce_mismatch,nonce_mismatch,True
54,nonce_mismatch,nonce,reject,reject,nonce_mismatch,nonce_mismatch,True
55,nonce_mismatch,nonce,reject,reject,nonce_mismatch,nonce_mismatch,True
56,nonce_mismatch,nonce,reject,reject,nonce_mismatch,nonce_mismatch,True
57,nonce_mismatch,nonce,reject,reject,nonce_mismatch,nonce_mismatch,True
58,nonce_mismatch,nonce,reject,reject,nonce_mismatch,nonce_mismatch,True
59,nonce_mismatch,nonce,reject,reject,nonce_mismatch,nonce_mismatch,True
60,nonce_mismatch,nonce,reject,reject,nonce_mismatch,nonce_mismatch,True
1,nonce_reuse,nonce_reuse,reject,reject,nonce_reuse,nonce_reuse,True
2,nonce_reuse,nonce_reuse,reject,reject,nonce_reuse,nonce_reuse,True
3,nonce_reuse,nonce_reuse,reject,reject,nonce_reuse,nonce_reuse,True
4,nonce_reuse,nonce_reuse,reject,reject,nonce_reuse,nonce_reuse,True
5,nonce_reuse,nonce_reuse,reject,reject,nonce_reuse,nonce_reuse,True
6,nonce_reuse,nonce_reuse,reject,reject,nonce_reuse,nonce_reuse,True
7,nonce_reuse,nonce_reuse,reject,reject,nonce_reuse,nonce_reuse,True
8,nonce_reuse,nonce_reuse,reject,reject,nonce_reuse,nonce_reuse,True
9,nonce_reuse,nonce_reuse,reject,reject,nonce_reuse,nonce_reuse,True
10,nonce_reuse,nonce_reuse,reject,reject,nonce_reuse,nonce_reuse,True
11,nonce_reuse,nonce_reuse,reject,reject,nonce_reuse,nonce_reuse,True
12,nonce_reuse,nonce_reuse,reject,reject,nonce_reuse,nonce_reuse,True
13,nonce_reuse,nonce_reuse,reject,reject,nonce_reuse,nonce_reuse,True
14,nonce_reuse,nonce_reuse,reject,reject,nonce_reuse,nonce_reuse,True
15,nonce_reuse,nonce_reuse,reject,reject,nonce_reuse,nonce_reuse,True
16,nonce_reuse,nonce_reuse,reject,reject,nonce_reuse,nonce_reuse,True
17,nonce_reuse,nonce_reuse,reject,reject,nonce_reuse,nonce_reuse,True
18,nonce_reuse,nonce_reuse,reject,reject,nonce_reuse,nonce_reuse,True
19,nonce_reuse,nonce_reuse,reject,reject,nonce_reuse,nonce_reuse,True
20,nonce_reuse,nonce_reuse,reject,reject,nonce_reuse,nonce_reuse,True
21,nonce_reuse,nonce_reuse,reject,reject,nonce_reuse,nonce_reuse,True
22,nonce_reuse,nonce_reuse,reject,reject,nonce_reuse,nonce_reuse,True
23,nonce_reuse,nonce_reuse,reject,reject,nonce_reuse,nonce_reuse,True
24,nonce_reuse,nonce_reuse,reject,reject,nonce_reuse,nonce_reuse,True
25,nonce_reuse,nonce_reuse,reject,reject,nonce_reuse,nonce_reuse,True
26,nonce_reuse,nonce_reuse,reject,reject,nonce_reuse,nonce_reuse,True
27,nonce_reuse,nonce_reuse,reject,reject,nonce_reuse,nonce_reuse,True
28,nonce_reuse,nonce_reuse,reject,reject,nonce_reuse,nonce_reuse,True
29,nonce_reuse,nonce_reuse,reject,reject,nonce_reuse,nonce_reuse,True
30,nonce_reuse,nonce_reuse,reject,reject,nonce_reuse,nonce_reuse,True
31,nonce_reuse,nonce_reuse,reject,reject,nonce_reuse,nonce_reuse,True
32,nonce_reuse,nonce_reuse,reject,reject,nonce_reuse,nonce_reuse,True
33,nonce_reuse,nonce_reuse,reject,reject,nonce_reuse,nonce_reuse,True
34,nonce_reuse,nonce_reuse,reject,reject,nonce_reuse,nonce_reuse,True
35,nonce_reuse,nonce_reuse,reject,reject,nonce_reuse,nonce_reuse,True
36,nonce_reuse,nonce_reuse,reject,reject,nonce_reuse,nonce_reuse,True
37,nonce_reuse,nonce_reuse,reject,reject,nonce_reuse,nonce_reuse,True
38,nonce_reuse,nonce_reuse,reject,reject,nonce_reuse,nonce_reuse,True
39,nonce_reuse,nonce_reuse,reject,reject,nonce_reuse,nonce_reuse,True
40,nonce_reuse,nonce_reuse,reject,reject,nonce_reuse,nonce_reuse,True
41,nonce_reuse,nonce_reuse,reject,reject,nonce_reuse,nonce_reuse,True
42,nonce_reuse,nonce_reuse,reject,reject,nonce_reuse,nonce_reuse,True
43,nonce_reuse,nonce_reuse,reject,reject,nonce_reuse,nonce_reuse,True
44,nonce_reuse,nonce_reuse,reject,reject,nonce_reuse,nonce_reuse,True
45,nonce_reuse,nonce_reuse,reject,reject,nonce_reuse,nonce_reuse,True
46,nonce_reuse,nonce_reuse,reject,reject,nonce_reuse,nonce_reuse,True
47,nonce_reuse,nonce_reuse,reject,reject,nonce_reuse,nonce_reuse,True
48,nonce_reuse,nonce_reuse,reject,reject,nonce_reuse,nonce_reuse,True
49,nonce_reuse,nonce_reuse,reject,reject,nonce_reuse,nonce_reuse,True
50,nonce_reuse,nonce_reuse,reject,reject,nonce_reuse,nonce_reuse,True
51,nonce_reuse,nonce_reuse,reject,reject,nonce_reuse,nonce_reuse,True
52,nonce_reuse,nonce_reuse,reject,reject,nonce_reuse,nonce_reuse,True
53,nonce_reuse,nonce_reuse,reject,reject,nonce_reuse,nonce_reuse,True
54,nonce_reuse,nonce_reuse,reject,reject,nonce_reuse,nonce_reuse,True
55,nonce_reuse,nonce_reuse,reject,reject,nonce_reuse,nonce_reuse,True
56,nonce_reuse,nonce_reuse,reject,reject,nonce_reuse,nonce_reuse,True
57,nonce_reuse,nonce_reuse,reject,reject,nonce_reuse,nonce_reuse,True
58,nonce_reuse,nonce_reuse,reject,reject,nonce_reuse,nonce_reuse,True
59,nonce_reuse,nonce_reuse,reject,reject,nonce_reuse,nonce_reuse,True
60,nonce_reuse,nonce_reuse,reject,reject,nonce_reuse,nonce_reuse,True
1,proof_timestamp_mismatch,timestamp,reject,reject,proof_mismatch,proof_mismatch,True
2,proof_timestamp_mismatch,timestamp,reject,reject,proof_mismatch,proof_mismatch,True
3,proof_timestamp_mismatch,timestamp,reject,reject,proof_mismatch,proof_mismatch,True
4,proof_timestamp_mismatch,timestamp,reject,reject,proof_mismatch,proof_mismatch,True
5,proof_timestamp_mismatch,timestamp,reject,reject,proof_mismatch,proof_mismatch,True
6,proof_timestamp_mismatch,timestamp,reject,reject,proof_mismatch,proof_mismatch,True
7,proof_timestamp_mismatch,timestamp,reject,reject,proof_mismatch,proof_mismatch,True
8,proof_timestamp_mismatch,timestamp,reject,reject,proof_mismatch,proof_mismatch,True
9,proof_timestamp_mismatch,timestamp,reject,reject,proof_mismatch,proof_mismatch,True
10,proof_timestamp_mismatch,timestamp,reject,reject,proof_mismatch,proof_mismatch,True
11,proof_timestamp_mismatch,timestamp,reject,reject,proof_mismatch,proof_mismatch,True
12,proof_timestamp_mismatch,timestamp,reject,reject,proof_mismatch,proof_mismatch,True
13,proof_timestamp_mismatch,timestamp,reject,reject,proof_mismatch,proof_mismatch,True
14,proof_timestamp_mismatch,timestamp,reject,reject,proof_mismatch,proof_mismatch,True
15,proof_timestamp_mismatch,timestamp,reject,reject,proof_mismatch,proof_mismatch,True
16,proof_timestamp_mismatch,timestamp,reject,reject,proof_mismatch,proof_mismatch,True
17,proof_timestamp_mismatch,timestamp,reject,reject,proof_mismatch,proof_mismatch,True
18,proof_timestamp_mismatch,timestamp,reject,reject,proof_mismatch,proof_mismatch,True
19,proof_timestamp_mismatch,timestamp,reject,reject,proof_mismatch,proof_mismatch,True
20,proof_timestamp_mismatch,timestamp,reject,reject,proof_mismatch,proof_mismatch,True
21,proof_timestamp_mismatch,timestamp,reject,reject,proof_mismatch,proof_mismatch,True
22,proof_timestamp_mismatch,timestamp,reject,reject,proof_mismatch,proof_mismatch,True
23,proof_timestamp_mismatch,timestamp,reject,reject,proof_mismatch,proof_mismatch,True
24,proof_timestamp_mismatch,timestamp,reject,reject,proof_mismatch,proof_mismatch,True
25,proof_timestamp_mismatch,timestamp,reject,reject,proof_mismatch,proof_mismatch,True
26,proof_timestamp_mismatch,timestamp,reject,reject,proof_mismatch,proof_mismatch,True
27,proof_timestamp_mismatch,timestamp,reject,reject,proof_mismatch,proof_mismatch,True
28,proof_timestamp_mismatch,timestamp,reject,reject,proof_mismatch,proof_mismatch,True
29,proof_timestamp_mismatch,timestamp,reject,reject,proof_mismatch,proof_mismatch,True
30,proof_timestamp_mismatch,timestamp,reject,reject,proof_mismatch,proof_mismatch,True
31,proof_timestamp_mismatch,timestamp,reject,reject,proof_mismatch,proof_mismatch,True
32,proof_timestamp_mismatch,timestamp,reject,reject,proof_mismatch,proof_mismatch,True
33,proof_timestamp_mismatch,timestamp,reject,reject,proof_mismatch,proof_mismatch,True
34,proof_timestamp_mismatch,timestamp,reject,reject,proof_mismatch,proof_mismatch,True
35,proof_timestamp_mismatch,timestamp,reject,reject,proof_mismatch,proof_mismatch,True
36,proof_timestamp_mismatch,timestamp,reject,reject,proof_mismatch,proof_mismatch,True
37,proof_timestamp_mismatch,timestamp,reject,reject,proof_mismatch,proof_mismatch,True
38,proof_timestamp_mismatch,timestamp,reject,reject,proof_mismatch,proof_mismatch,True
39,proof_timestamp_mismatch,timestamp,reject,reject,proof_mismatch,proof_mismatch,True
40,proof_timestamp_mismatch,timestamp,reject,reject,proof_mismatch,proof_mismatch,True
41,proof_timestamp_mismatch,timestamp,reject,reject,proof_mismatch,proof_mismatch,True
42,proof_timestamp_mismatch,timestamp,reject,reject,proof_mismatch,proof_mismatch,True
43,proof_timestamp_mismatch,timestamp,reject,reject,proof_mismatch,proof_mismatch,True
44,proof_timestamp_mismatch,timestamp,reject,reject,proof_mismatch,proof_mismatch,True
45,proof_timestamp_mismatch,timestamp,reject,reject,proof_mismatch,proof_mismatch,True
46,proof_timestamp_mismatch,timestamp,reject,reject,proof_mismatch,proof_mismatch,True
47,proof_timestamp_mismatch,timestamp,reject,reject,proof_mismatch,proof_mismatch,True
48,proof_timestamp_mismatch,timestamp,reject,reject,proof_mismatch,proof_mismatch,True
49,proof_timestamp_mismatch,timestamp,reject,reject,proof_mismatch,proof_mismatch,True
50,proof_timestamp_mismatch,timestamp,reject,reject,proof_mismatch,proof_mismatch,True
51,proof_timestamp_mismatch,timestamp,reject,reject,proof_mismatch,proof_mismatch,True
52,proof_timestamp_mismatch,timestamp,reject,reject,proof_mismatch,proof_mismatch,True
53,proof_timestamp_mismatch,timestamp,reject,reject,proof_mismatch,proof_mismatch,True
54,proof_timestamp_mismatch,timestamp,reject,reject,proof_mismatch,proof_mismatch,True
55,proof_timestamp_mismatch,timestamp,reject,reject,proof_mismatch,proof_mismatch,True
56,proof_timestamp_mismatch,timestamp,reject,reject,proof_mismatch,proof_mismatch,True
57,proof_timestamp_mismatch,timestamp,reject,reject,proof_mismatch,proof_mismatch,True
58,proof_timestamp_mismatch,timestamp,reject,reject,proof_mismatch,proof_mismatch,True
59,proof_timestamp_mismatch,timestamp,reject,reject,proof_mismatch,proof_mismatch,True
60,proof_timestamp_mismatch,timestamp,reject,reject,proof_mismatch,proof_mismatch,True
1,expired_validity_window,validity_window,reject,reject,expired,expired,True
2,expired_validity_window,validity_window,reject,reject,expired,expired,True
3,expired_validity_window,validity_window,reject,reject,expired,expired,True
4,expired_validity_window,validity_window,reject,reject,expired,expired,True
5,expired_validity_window,validity_window,reject,reject,expired,expired,True
6,expired_validity_window,validity_window,reject,reject,expired,expired,True
7,expired_validity_window,validity_window,reject,reject,expired,expired,True
8,expired_validity_window,validity_window,reject,reject,expired,expired,True
9,expired_validity_window,validity_window,reject,reject,expired,expired,True
10,expired_validity_window,validity_window,reject,reject,expired,expired,True
11,expired_validity_window,validity_window,reject,reject,expired,expired,True
12,expired_validity_window,validity_window,reject,reject,expired,expired,True
13,expired_validity_window,validity_window,reject,reject,expired,expired,True
14,expired_validity_window,validity_window,reject,reject,expired,expired,True
15,expired_validity_window,validity_window,reject,reject,expired,expired,True
16,expired_validity_window,validity_window,reject,reject,expired,expired,True
17,expired_validity_window,validity_window,reject,reject,expired,expired,True
18,expired_validity_window,validity_window,reject,reject,expired,expired,True
19,expired_validity_window,validity_window,reject,reject,expired,expired,True
20,expired_validity_window,validity_window,reject,reject,expired,expired,True
21,expired_validity_window,validity_window,reject,reject,expired,expired,True
22,expired_validity_window,validity_window,reject,reject,expired,expired,True
23,expired_validity_window,validity_window,reject,reject,expired,expired,True
24,expired_validity_window,validity_window,reject,reject,expired,expired,True
25,expired_validity_window,validity_window,reject,reject,expired,expired,True
26,expired_validity_window,validity_window,reject,reject,expired,expired,True
27,expired_validity_window,validity_window,reject,reject,expired,expired,True
28,expired_validity_window,validity_window,reject,reject,expired,expired,True
29,expired_validity_window,validity_window,reject,reject,expired,expired,True
30,expired_validity_window,validity_window,reject,reject,expired,expired,True
31,expired_validity_window,validity_window,reject,reject,expired,expired,True
32,expired_validity_window,validity_window,reject,reject,expired,expired,True
33,expired_validity_window,validity_window,reject,reject,expired,expired,True
34,expired_validity_window,validity_window,reject,reject,expired,expired,True
35,expired_validity_window,validity_window,reject,reject,expired,expired,True
36,expired_validity_window,validity_window,reject,reject,expired,expired,True
37,expired_validity_window,validity_window,reject,reject,expired,expired,True
38,expired_validity_window,validity_window,reject,reject,expired,expired,True
39,expired_validity_window,validity_window,reject,reject,expired,expired,True
40,expired_validity_window,validity_window,reject,reject,expired,expired,True
41,expired_validity_window,validity_window,reject,reject,expired,expired,True
42,expired_validity_window,validity_window,reject,reject,expired,expired,True
43,expired_validity_window,validity_window,reject,reject,expired,expired,True
44,expired_validity_window,validity_window,reject,reject,expired,expired,True
45,expired_validity_window,validity_window,reject,reject,expired,expired,True
46,expired_validity_window,validity_window,reject,reject,expired,expired,True
47,expired_validity_window,validity_window,reject,reject,expired,expired,True
48,expired_validity_window,validity_window,reject,reject,expired,expired,True
49,expired_validity_window,validity_window,reject,reject,expired,expired,True
50,expired_validity_window,validity_window,reject,reject,expired,expired,True
51,expired_validity_window,validity_window,reject,reject,expired,expired,True
52,expired_validity_window,validity_window,reject,reject,expired,expired,True
53,expired_validity_window,validity_window,reject,reject,expired,expired,True
54,expired_validity_window,validity_window,reject,reject,expired,expired,True
55,expired_validity_window,validity_window,reject,reject,expired,expired,True
56,expired_validity_window,validity_window,reject,reject,expired,expired,True
57,expired_validity_window,validity_window,reject,reject,expired,expired,True
58,expired_validity_window,validity_window,reject,reject,expired,expired,True
59,expired_validity_window,validity_window,reject,reject,expired,expired,True
60,expired_validity_window,validity_window,reject,reject,expired,expired,True
