trial,arm,root_b_source,root_b_pid,honest_account_number,primary_store_account_number_after_compromise,attack_decision,attack_reason,paired_control_decision,paired_control_reason
0,shared,primary,627,700000,ATTACKER-0,accept,,accept,
1,shared,primary,627,700001,ATTACKER-1,accept,,accept,
2,shared,primary,627,700002,ATTACKER-2,accept,,accept,
3,shared,primary,627,700003,ATTACKER-3,accept,,accept,
4,shared,primary,627,700004,ATTACKER-4,accept,,accept,
5,shared,primary,627,700005,ATTACKER-5,accept,,accept,
6,shared,primary,627,700006,ATTACKER-6,accept,,accept,
7,shared,primary,627,700007,ATTACKER-7,accept,,accept,
8,shared,primary,627,700008,ATTACKER-8,accept,,accept,
9,shared,primary,627,700009,ATTACKER-9,accept,,accept,
10,shared,primary,627,700010,ATTACKER-10,accept,,accept,
11,shared,primary,627,700011,ATTACKER-11,accept,,accept,
12,shared,primary,627,700012,ATTACKER-12,accept,,accept,
13,shared,primary,627,700013,ATTACKER-13,accept,,accept,
14,shared,primary,627,700014,ATTACKER-14,accept,,accept,
15,shared,primary,627,700015,ATTACKER-15,accept,,accept,
16,shared,primary,627,700016,ATTACKER-16,accept,,accept,
17,shared,primary,627,700017,ATTACKER-17,accept,,accept,
18,shared,primary,627,700018,ATTACKER-18,accept,,accept,
19,shared,primary,627,700019,ATTACKER-19,accept,,accept,
20,shared,primary,627,700020,ATTACKER-20,accept,,accept,
21,shared,primary,627,700021,ATTACKER-21,accept,,accept,
22,shared,primary,627,700022,ATTACKER-22,accept,,accept,
23,shared,primary,627,700023,ATTACKER-23,accept,,accept,
24,shared,primary,627,700024,ATTACKER-24,accept,,accept,
25,shared,primary,627,700025,ATTACKER-25,accept,,accept,
26,shared,primary,627,700026,ATTACKER-26,accept,,accept,
27,shared,primary,627,700027,ATTACKER-27,accept,,accept,
28,shared,primary,627,700028,ATTACKER-28,accept,,accept,
29,shared,primary,627,700029,ATTACKER-29,accept,,accept,
30,shared,primary,627,700030,ATTACKER-30,accept,,accept,
31,shared,primary,627,700031,ATTACKER-31,accept,,accept,
32,shared,primary,627,700032,ATTACKER-32,accept,,accept,
33,shared,primary,627,700033,ATTACKER-33,accept,,accept,
34,shared,primary,627,700034,ATTACKER-34,accept,,accept,
35,shared,primary,627,700035,ATTACKER-35,accept,,accept,
36,shared,primary,627,700036,ATTACKER-36,accept,,accept,
37,shared,primary,627,700037,ATTACKER-37,accept,,accept,
38,shared,primary,627,700038,ATTACKER-38,accept,,accept,
39,shared,primary,627,700039,ATTACKER-39,accept,,accept,
40,shared,primary,627,700040,ATTACKER-40,accept,,accept,
41,shared,primary,627,700041,ATTACKER-41,accept,,accept,
42,shared,primary,627,700042,ATTACKER-42,accept,,accept,
43,shared,primary,627,700043,ATTACKER-43,accept,,accept,
44,shared,primary,627,700044,ATTACKER-44,accept,,accept,
45,shared,primary,627,700045,ATTACKER-45,accept,,accept,
46,shared,primary,627,700046,ATTACKER-46,accept,,accept,
47,shared,primary,627,700047,ATTACKER-47,accept,,accept,
48,shared,primary,627,700048,ATTACKER-48,accept,,accept,
49,shared,primary,627,700049,ATTACKER-49,accept,,accept,
50,shared,primary,627,700050,ATTACKER-50,accept,,accept,
51,shared,primary,627,700051,ATTACKER-51,accept,,accept,
52,shared,primary,627,700052,ATTACKER-52,accept,,accept,
53,shared,primary,627,700053,ATTACKER-53,accept,,accept,
54,shared,primary,627,700054,ATTACKER-54,accept,,accept,
55,shared,primary,627,700055,ATTACKER-55,accept,,accept,
56,shared,primary,627,700056,ATTACKER-56,accept,,accept,
57,shared,primary,627,700057,ATTACKER-57,accept,,accept,
58,shared,primary,627,700058,ATTACKER-58,accept,,accept,
59,shared,primary,627,700059,ATTACKER-59,accept,,accept,
60,shared,primary,627,700060,ATTACKER-60,accept,,accept,
61,shared,primary,627,700061,ATTACKER-61,accept,,accept,
62,shared,primary,627,700062,ATTACKER-62,accept,,accept,
63,shared,primary,627,700063,ATTACKER-63,accept,,accept,
64,shared,primary,627,700064,ATTACKER-64,accept,,accept,
65,shared,primary,627,700065,ATTACKER-65,accept,,accept,
66,shared,primary,627,700066,ATTACKER-66,accept,,accept,
67,shared,primary,627,700067,ATTACKER-67,accept,,accept,
68,shared,primary,627,700068,ATTACKER-68,accept,,accept,
69,shared,primary,627,700069,ATTACKER-69,accept,,accept,
70,shared,primary,627,700070,ATTACKER-70,accept,,accept,
71,shared,primary,627,700071,ATTACKER-71,accept,,accept,
72,shared,primary,627,700072,ATTACKER-72,accept,,accept,
73,shared,primary,627,700073,ATTACKER-73,accept,,accept,
74,shared,primary,627,700074,ATTACKER-74,accept,,accept,
75,shared,primary,627,700075,ATTACKER-75,accept,,accept,
76,shared,primary,627,700076,ATTACKER-76,accept,,accept,
77,shared,primary,627,700077,ATTACKER-77,accept,,accept,
78,shared,primary,627,700078,ATTACKER-78,accept,,accept,
79,shared,primary,627,700079,ATTACKER-79,accept,,accept,
80,shared,primary,627,700080,ATTACKER-80,accept,,accept,
81,shared,primary,627,700081,ATTACKER-81,accept,,accept,
82,shared,primary,627,700082,ATTACKER-82,accept,,accept,
83,shared,primary,627,700083,ATTACKER-83,accept,,accept,
84,shared,primary,627,700084,ATTACKER-84,accept,,accept,
85,shared,primary,627,700085,ATTACKER-85,accept,,accept,
86,shared,primary,627,700086,ATTACKER-86,accept,,accept,
87,shared,primary,627,700087,ATTACKER-87,accept,,accept,
88,shared,primary,627,700088,ATTACKER-88,accept,,accept,
89,shared,primary,627,700089,ATTACKER-89,accept,,accept,
90,shared,primary,627,700090,ATTACKER-90,accept,,accept,
91,shared,primary,627,700091,ATTACKER-91,accept,,accept,
92,shared,primary,627,700092,ATTACKER-92,accept,,accept,
93,shared,primary,627,700093,ATTACKER-93,accept,,accept,
94,shared,primary,627,700094,ATTACKER-94,accept,,accept,
95,shared,primary,627,700095,ATTACKER-95,accept,,accept,
96,shared,primary,627,700096,ATTACKER-96,accept,,accept,
97,shared,primary,627,700097,ATTACKER-97,accept,,accept,
98,shared,primary,627,700098,ATTACKER-98,accept,,accept,
99,shared,primary,627,700099,ATTACKER-99,accept,,accept,
100,shared,primary,627,700100,ATTACKER-100,accept,,accept,
101,shared,primary,627,700101,ATTACKER-101,accept,,accept,
102,shared,primary,627,700102,ATTACKER-102,accept,,accept,
103,shared,primary,627,700103,ATTACKER-103,accept,,accept,
104,shared,primary,627,700104,ATTACKER-104,accept,,accept,
105,shared,primary,627,700105,ATTACKER-105,accept,,accept,
106,shared,primary,627,700106,ATTACKER-106,accept,,accept,
107,shared,primary,627,700107,ATTACKER-107,accept,,accept,
108,shared,primary,627,700108,ATTACKER-108,accept,,accept,
109,shared,primary,627,700109,ATTACKER-109,accept,,accept,
110,shared,primary,627,700110,ATTACKER-110,accept,,accept,
111,shared,primary,627,700111,ATTACKER-111,accept,,accept,
112,shared,primary,627,700112,ATTACKER-112,accept,,accept,
113,shared,primary,627,700113,ATTACKER-113,accept,,accept,
114,shared,primary,627,700114,ATTACKER-114,accept,,accept,
115,shared,primary,627,700115,ATTACKER-115,accept,,accept,
116,shared,primary,627,700116,ATTACKER-116,accept,,accept,
117,shared,primary,627,700117,ATTACKER-117,accept,,accept,
118,shared,primary,627,700118,ATTACKER-118,accept,,accept,
119,shared,primary,627,700119,ATTACKER-119,accept,,accept,
120,shared,primary,627,700120,ATTACKER-120,accept,,accept,
121,shared,primary,627,700121,ATTACKER-121,accept,,accept,
122,shared,primary,627,700122,ATTACKER-122,accept,,accept,
123,shared,primary,627,700123,ATTACKER-123,accept,,accept,
124,shared,primary,627,700124,ATTACKER-124,accept,,accept,
125,shared,primary,627,700125,ATTACKER-125,accept,,accept,
126,shared,primary,627,700126,ATTACKER-126,accept,,accept,
127,shared,primary,627,700127,ATTACKER-127,accept,,accept,
128,shared,primary,627,700128,ATTACKER-128,accept,,accept,
129,shared,primary,627,700129,ATTACKER-129,accept,,accept,
130,shared,primary,627,700130,ATTACKER-130,accept,,accept,
131,shared,primary,627,700131,ATTACKER-131,accept,,accept,
132,shared,primary,627,700132,ATTACKER-132,accept,,accept,
133,shared,primary,627,700133,ATTACKER-133,accept,,accept,
134,shared,primary,627,700134,ATTACKER-134,accept,,accept,
135,shared,primary,627,700135,ATTACKER-135,accept,,accept,
136,shared,primary,627,700136,ATTACKER-136,accept,,accept,
137,shared,primary,627,700137,ATTACKER-137,accept,,accept,
138,shared,primary,627,700138,ATTACKER-138,accept,,accept,
139,shared,primary,627,700139,ATTACKER-139,accept,,accept,
140,shared,primary,627,700140,ATTACKER-140,accept,,accept,
141,shared,primary,627,700141,ATTACKER-141,accept,,accept,
142,shared,primary,627,700142,ATTACKER-142,accept,,accept,
143,shared,primary,627,700143,ATTACKER-143,accept,,accept,
144,shared,primary,627,700144,ATTACKER-144,accept,,accept,
145,shared,primary,627,700145,ATTACKER-145,accept,,accept,
146,shared,primary,627,700146,ATTACKER-146,accept,,accept,
147,shared,primary,627,700147,ATTACKER-147,accept,,accept,
148,shared,primary,627,700148,ATTACKER-148,accept,,accept,
149,shared,primary,627,700149,ATTACKER-149,accept,,accept,
150,shared,primary,627,700150,ATTACKER-150,accept,,accept,
151,shared,primary,627,700151,ATTACKER-151,accept,,accept,
152,shared,primary,627,700152,ATTACKER-152,accept,,accept,
153,shared,primary,627,700153,ATTACKER-153,accept,,accept,
154,shared,primary,627,700154,ATTACKER-154,accept,,accept,
155,shared,primary,627,700155,ATTACKER-155,accept,,accept,
156,shared,primary,627,700156,ATTACKER-156,accept,,accept,
157,shared,primary,627,700157,ATTACKER-157,accept,,accept,
158,shared,primary,627,700158,ATTACKER-158,accept,,accept,
159,shared,primary,627,700159,ATTACKER-159,accept,,accept,
160,shared,primary,627,700160,ATTACKER-160,accept,,accept,
161,shared,primary,627,700161,ATTACKER-161,accept,,accept,
162,shared,primary,627,700162,ATTACKER-162,accept,,accept,
163,shared,primary,627,700163,ATTACKER-163,accept,,accept,
164,shared,primary,627,700164,ATTACKER-164,accept,,accept,
165,shared,primary,627,700165,ATTACKER-165,accept,,accept,
166,shared,primary,627,700166,ATTACKER-166,accept,,accept,
167,shared,primary,627,700167,ATTACKER-167,accept,,accept,
168,shared,primary,627,700168,ATTACKER-168,accept,,accept,
169,shared,primary,627,700169,ATTACKER-169,accept,,accept,
170,shared,primary,627,700170,ATTACKER-170,accept,,accept,
171,shared,primary,627,700171,ATTACKER-171,accept,,accept,
172,shared,primary,627,700172,ATTACKER-172,accept,,accept,
173,shared,primary,627,700173,ATTACKER-173,accept,,accept,
174,shared,primary,627,700174,ATTACKER-174,accept,,accept,
175,shared,primary,627,700175,ATTACKER-175,accept,,accept,
176,shared,primary,627,700176,ATTACKER-176,accept,,accept,
177,shared,primary,627,700177,ATTACKER-177,accept,,accept,
178,shared,primary,627,700178,ATTACKER-178,accept,,accept,
179,shared,primary,627,700179,ATTACKER-179,accept,,accept,
180,shared,primary,627,700180,ATTACKER-180,accept,,accept,
181,shared,primary,627,700181,ATTACKER-181,accept,,accept,
182,shared,primary,627,700182,ATTACKER-182,accept,,accept,
183,shared,primary,627,700183,ATTACKER-183,accept,,accept,
184,shared,primary,627,700184,ATTACKER-184,accept,,accept,
185,shared,primary,627,700185,ATTACKER-185,accept,,accept,
186,shared,primary,627,700186,ATTACKER-186,accept,,accept,
187,shared,primary,627,700187,ATTACKER-187,accept,,accept,
188,shared,primary,627,700188,ATTACKER-188,accept,,accept,
189,shared,primary,627,700189,ATTACKER-189,accept,,accept,
190,shared,primary,627,700190,ATTACKER-190,accept,,accept,
191,shared,primary,627,700191,ATTACKER-191,accept,,accept,
192,shared,primary,627,700192,ATTACKER-192,accept,,accept,
193,shared,primary,627,700193,ATTACKER-193,accept,,accept,
194,shared,primary,627,700194,ATTACKER-194,accept,,accept,
195,shared,primary,627,700195,ATTACKER-195,accept,,accept,
196,shared,primary,627,700196,ATTACKER-196,accept,,accept,
197,shared,primary,627,700197,ATTACKER-197,accept,,accept,
198,shared,primary,627,700198,ATTACKER-198,accept,,accept,
199,shared,primary,627,700199,ATTACKER-199,accept,,accept,
200,shared,primary,627,700200,ATTACKER-200,accept,,accept,
201,shared,primary,627,700201,ATTACKER-201,accept,,accept,
202,shared,primary,627,700202,ATTACKER-202,accept,,accept,
203,shared,primary,627,700203,ATTACKER-203,accept,,accept,
204,shared,primary,627,700204,ATTACKER-204,accept,,accept,
205,shared,primary,627,700205,ATTACKER-205,accept,,accept,
206,shared,primary,627,700206,ATTACKER-206,accept,,accept,
207,shared,primary,627,700207,ATTACKER-207,accept,,accept,
208,shared,primary,627,700208,ATTACKER-208,accept,,accept,
209,shared,primary,627,700209,ATTACKER-209,accept,,accept,
210,shared,primary,627,700210,ATTACKER-210,accept,,accept,
211,shared,primary,627,700211,ATTACKER-211,accept,,accept,
212,shared,primary,627,700212,ATTACKER-212,accept,,accept,
213,shared,primary,627,700213,ATTACKER-213,accept,,accept,
214,shared,primary,627,700214,ATTACKER-214,accept,,accept,
215,shared,primary,627,700215,ATTACKER-215,accept,,accept,
216,shared,primary,627,700216,ATTACKER-216,accept,,accept,
217,shared,primary,627,700217,ATTACKER-217,accept,,accept,
218,shared,primary,627,700218,ATTACKER-218,accept,,accept,
219,shared,primary,627,700219,ATTACKER-219,accept,,accept,
220,shared,primary,627,700220,ATTACKER-220,accept,,accept,
221,shared,primary,627,700221,ATTACKER-221,accept,,accept,
222,shared,primary,627,700222,ATTACKER-222,accept,,accept,
223,shared,primary,627,700223,ATTACKER-223,accept,,accept,
224,shared,primary,627,700224,ATTACKER-224,accept,,accept,
225,shared,primary,627,700225,ATTACKER-225,accept,,accept,
226,shared,primary,627,700226,ATTACKER-226,accept,,accept,
227,shared,primary,627,700227,ATTACKER-227,accept,,accept,
228,shared,primary,627,700228,ATTACKER-228,accept,,accept,
229,shared,primary,627,700229,ATTACKER-229,accept,,accept,
230,shared,primary,627,700230,ATTACKER-230,accept,,accept,
231,shared,primary,627,700231,ATTACKER-231,accept,,accept,
232,shared,primary,627,700232,ATTACKER-232,accept,,accept,
233,shared,primary,627,700233,ATTACKER-233,accept,,accept,
234,shared,primary,627,700234,ATTACKER-234,accept,,accept,
235,shared,primary,627,700235,ATTACKER-235,accept,,accept,
236,shared,primary,627,700236,ATTACKER-236,accept,,accept,
237,shared,primary,627,700237,ATTACKER-237,accept,,accept,
238,shared,primary,627,700238,ATTACKER-238,accept,,accept,
239,shared,primary,627,700239,ATTACKER-239,accept,,accept,
240,shared,primary,627,700240,ATTACKER-240,accept,,accept,
241,shared,primary,627,700241,ATTACKER-241,accept,,accept,
242,shared,primary,627,700242,ATTACKER-242,accept,,accept,
243,shared,primary,627,700243,ATTACKER-243,accept,,accept,
244,shared,primary,627,700244,ATTACKER-244,accept,,accept,
245,shared,primary,627,700245,ATTACKER-245,accept,,accept,
246,shared,primary,627,700246,ATTACKER-246,accept,,accept,
247,shared,primary,627,700247,ATTACKER-247,accept,,accept,
248,shared,primary,627,700248,ATTACKER-248,accept,,accept,
249,shared,primary,627,700249,ATTACKER-249,accept,,accept,
250,shared,primary,627,700250,ATTACKER-250,accept,,accept,
251,shared,primary,627,700251,ATTACKER-251,accept,,accept,
252,shared,primary,627,700252,ATTACKER-252,accept,,accept,
253,shared,primary,627,700253,ATTACKER-253,accept,,accept,
254,shared,primary,627,700254,ATTACKER-254,accept,,accept,
255,shared,primary,627,700255,ATTACKER-255,accept,,accept,
256,shared,primary,627,700256,ATTACKER-256,accept,,accept,
257,shared,primary,627,700257,ATTACKER-257,accept,,accept,
258,shared,primary,627,700258,ATTACKER-258,accept,,accept,
259,shared,primary,627,700259,ATTACKER-259,accept,,accept,
260,shared,primary,627,700260,ATTACKER-260,accept,,accept,
261,shared,primary,627,700261,ATTACKER-261,accept,,accept,
262,shared,primary,627,700262,ATTACKER-262,accept,,accept,
263,shared,primary,627,700263,ATTACKER-263,accept,,accept,
264,shared,primary,627,700264,ATTACKER-264,accept,,accept,
265,shared,primary,627,700265,ATTACKER-265,accept,,accept,
266,shared,primary,627,700266,ATTACKER-266,accept,,accept,
267,shared,primary,627,700267,ATTACKER-267,accept,,accept,
268,shared,primary,627,700268,ATTACKER-268,accept,,accept,
269,shared,primary,627,700269,ATTACKER-269,accept,,accept,
270,shared,primary,627,700270,ATTACKER-270,accept,,accept,
271,shared,primary,627,700271,ATTACKER-271,accept,,accept,
272,shared,primary,627,700272,ATTACKER-272,accept,,accept,
273,shared,primary,627,700273,ATTACKER-273,accept,,accept,
274,shared,primary,627,700274,ATTACKER-274,accept,,accept,
275,shared,primary,627,700275,ATTACKER-275,accept,,accept,
276,shared,primary,627,700276,ATTACKER-276,accept,,accept,
277,shared,primary,627,700277,ATTACKER-277,accept,,accept,
278,shared,primary,627,700278,ATTACKER-278,accept,,accept,
279,shared,primary,627,700279,ATTACKER-279,accept,,accept,
280,shared,primary,627,700280,ATTACKER-280,accept,,accept,
281,shared,primary,627,700281,ATTACKER-281,accept,,accept,
282,shared,primary,627,700282,ATTACKER-282,accept,,accept,
283,shared,primary,627,700283,ATTACKER-283,accept,,accept,
284,shared,primary,627,700284,ATTACKER-284,accept,,accept,
285,shared,primary,627,700285,ATTACKER-285,accept,,accept,
286,shared,primary,627,700286,ATTACKER-286,accept,,accept,
287,shared,primary,627,700287,ATTACKER-287,accept,,accept,
288,shared,primary,627,700288,ATTACKER-288,accept,,accept,
289,shared,primary,627,700289,ATTACKER-289,accept,,accept,
290,shared,primary,627,700290,ATTACKER-290,accept,,accept,
291,shared,primary,627,700291,ATTACKER-291,accept,,accept,
292,shared,primary,627,700292,ATTACKER-292,accept,,accept,
293,shared,primary,627,700293,ATTACKER-293,accept,,accept,
294,shared,primary,627,700294,ATTACKER-294,accept,,accept,
295,shared,primary,627,700295,ATTACKER-295,accept,,accept,
296,shared,primary,627,700296,ATTACKER-296,accept,,accept,
297,shared,primary,627,700297,ATTACKER-297,accept,,accept,
298,shared,primary,627,700298,ATTACKER-298,accept,,accept,
299,shared,primary,627,700299,ATTACKER-299,accept,,accept,
