backend,domain,field,visible
webauthn,banking,action,1
webauthn,banking,scope.from_account,1
webauthn,banking,scope.to_account,1
webauthn,banking,scope.amount,1
webauthn,banking,scope.currency,1
webauthn,banking,context.user_id,1
webauthn,banking,context.rp_id,1
webauthn,banking,context.workflow_id,1
webauthn,banking,constraints.expires_in_seconds,1
zt_authenticator,banking,action,1
zt_authenticator,banking,scope.from_account,1
zt_authenticator,banking,scope.to_account,1
zt_authenticator,banking,scope.amount,1
zt_authenticator,banking,scope.currency,1
zt_authenticator,banking,context.user_id,1
zt_authenticator,banking,context.rp_id,1
zt_authenticator,banking,context.workflow_id,1
zt_authenticator,banking,constraints.expires_in_seconds,1
webauthn,enterprise,action,1
webauthn,enterprise,scope.target_user,1
webauthn,enterprise,scope.role,1
webauthn,enterprise,scope.tenant,1
webauthn,enterprise,scope.duration_hours,1
webauthn,enterprise,context.user_id,1
webauthn,enterprise,context.rp_id,1
webauthn,enterprise,context.workflow_id,1
webauthn,enterprise,constraints.expires_in_seconds,1
zt_authenticator,enterprise,action,1
zt_authenticator,enterprise,scope.target_user,1
zt_authenticator,enterprise,scope.role,1
zt_authenticator,enterprise,scope.tenant,1
zt_authenticator,enterprise,scope.duration_hours,1
zt_authenticator,enterprise,context.user_id,1
zt_authenticator,enterprise,context.rp_id,1
zt_authenticator,enterprise,context.workflow_id,1
zt_authenticator,enterprise,constraints.expires_in_seconds,1
webauthn,healthcare,action,1
webauthn,healthcare,scope.patient_id,1
webauthn,healthcare,scope.record_type,1
webauthn,healthcare,scope.recipient,1
webauthn,healthcare,scope.purpose,1
webauthn,healthcare,context.user_id,1
webauthn,healthcare,context.rp_id,1
webauthn,healthcare,context.workflow_id,1
webauthn,healthcare,constraints.expires_in_seconds,1
zt_authenticator,healthcare,action,1
zt_authenticator,healthcare,scope.patient_id,1
zt_authenticator,healthcare,scope.record_type,1
zt_authenticator,healthcare,scope.recipient,1
zt_authenticator,healthcare,scope.purpose,1
zt_authenticator,healthcare,context.user_id,1
zt_authenticator,healthcare,context.rp_id,1
zt_authenticator,healthcare,context.workflow_id,1
zt_authenticator,healthcare,constraints.expires_in_seconds,1
webauthn,cloud_api,action,1
webauthn,cloud_api,scope.key_id,1
webauthn,cloud_api,scope.project,1
webauthn,cloud_api,scope.region,1
webauthn,cloud_api,context.user_id,1
webauthn,cloud_api,context.rp_id,1
webauthn,cloud_api,context.workflow_id,1
webauthn,cloud_api,constraints.expires_in_seconds,1
zt_authenticator,cloud_api,action,1
zt_authenticator,cloud_api,scope.key_id,1
zt_authenticator,cloud_api,scope.project,1
zt_authenticator,cloud_api,scope.region,1
zt_authenticator,cloud_api,context.user_id,1
zt_authenticator,cloud_api,context.rp_id,1
zt_authenticator,cloud_api,context.workflow_id,1
zt_authenticator,cloud_api,constraints.expires_in_seconds,1
