backend,domain,case,changed_field,changed_field_visible,changed_value_visible,rendering_differs,mutation_detectable_from_content,explicit_action,explicit_rp,explicit_expiry,vague_only_prompt
webauthn,banking,action_substitution,action,1,1,1,1,1,1,1,0
webauthn,banking,target_substitution,scope.to_account,1,1,1,1,1,1,1,0
webauthn,banking,value_substitution,scope.amount,1,1,1,1,1,1,1,0
webauthn,banking,principal_substitution,context.user_id,1,1,1,1,1,1,1,0
webauthn,banking,rp_substitution,context.rp_id,1,1,1,1,1,1,1,0
webauthn,banking,workflow_substitution,context.workflow_id,1,1,1,1,1,1,1,0
zt_authenticator,banking,action_substitution,action,1,1,1,1,1,1,1,0
zt_authenticator,banking,target_substitution,scope.to_account,1,1,1,1,1,1,1,0
zt_authenticator,banking,value_substitution,scope.amount,1,1,1,1,1,1,1,0
zt_authenticator,banking,principal_substitution,context.user_id,1,1,1,1,1,1,1,0
zt_authenticator,banking,rp_substitution,context.rp_id,1,1,1,1,1,1,1,0
zt_authenticator,banking,workflow_substitution,context.workflow_id,1,1,1,1,1,1,1,0
webauthn,enterprise,action_substitution,action,1,1,1,1,1,1,1,0
webauthn,enterprise,target_substitution,scope.target_user,1,1,1,1,1,1,1,0
webauthn,enterprise,value_substitution,scope.role,1,1,1,1,1,1,1,0
webauthn,enterprise,principal_substitution,context.user_id,1,1,1,1,1,1,1,0
webauthn,enterprise,rp_substitution,context.rp_id,1,1,1,1,1,1,1,0
webauthn,enterprise,workflow_substitution,context.workflow_id,1,1,1,1,1,1,1,0
zt_authenticator,enterprise,action_substitution,action,1,1,1,1,1,1,1,0
zt_authenticator,enterprise,target_substitution,scope.target_user,1,1,1,1,1,1,1,0
zt_authenticator,enterprise,value_substitution,scope.role,1,1,1,1,1,1,1,0
zt_authenticator,enterprise,principal_substitution,context.user_id,1,1,1,1,1,1,1,0
zt_authenticator,enterprise,rp_substitution,context.rp_id,1,1,1,1,1,1,1,0
zt_authenticator,enterprise,workflow_substitution,context.workflow_id,1,1,1,1,1,1,1,0
webauthn,healthcare,action_substitution,action,1,1,1,1,1,1,1,0
webauthn,healthcare,target_substitution,scope.patient_id,1,1,1,1,1,1,1,0
webauthn,healthcare,value_substitution,scope.purpose,1,1,1,1,1,1,1,0
webauthn,healthcare,principal_substitution,context.user_id,1,1,1,1,1,1,1,0
webauthn,healthcare,rp_substitution,context.rp_id,1,1,1,1,1,1,1,0
webauthn,healthcare,workflow_substitution,context.workflow_id,1,1,1,1,1,1,1,0
zt_authenticator,healthcare,action_substitution,action,1,1,1,1,1,1,1,0
zt_authenticator,healthcare,target_substitution,scope.patient_id,1,1,1,1,1,1,1,0
zt_authenticator,healthcare,value_substitution,scope.purpose,1,1,1,1,1,1,1,0
zt_authenticator,healthcare,principal_substitution,context.user_id,1,1,1,1,1,1,1,0
zt_authenticator,healthcare,rp_substitution,context.rp_id,1,1,1,1,1,1,1,0
zt_authenticator,healthcare,workflow_substitution,context.workflow_id,1,1,1,1,1,1,1,0
webauthn,cloud_api,action_substitution,action,1,1,1,1,1,1,1,0
webauthn,cloud_api,target_substitution,scope.key_id,1,1,1,1,1,1,1,0
webauthn,cloud_api,value_substitution,scope.project,1,1,1,1,1,1,1,0
webauthn,cloud_api,principal_substitution,context.user_id,1,1,1,1,1,1,1,0
webauthn,cloud_api,rp_substitution,context.rp_id,1,1,1,1,1,1,1,0
webauthn,cloud_api,workflow_substitution,context.workflow_id,1,1,1,1,1,1,1,0
zt_authenticator,cloud_api,action_substitution,action,1,1,1,1,1,1,1,0
zt_authenticator,cloud_api,target_substitution,scope.key_id,1,1,1,1,1,1,1,0
zt_authenticator,cloud_api,value_substitution,scope.project,1,1,1,1,1,1,1,0
zt_authenticator,cloud_api,principal_substitution,context.user_id,1,1,1,1,1,1,1,0
zt_authenticator,cloud_api,rp_substitution,context.rp_id,1,1,1,1,1,1,1,0
zt_authenticator,cloud_api,workflow_substitution,context.workflow_id,1,1,1,1,1,1,1,0
