domain,trial,case,expected,actual,reason,correct,verification_ms
banking_transfer,1,exact_match,accept,accept,approved,True,0.023792000000008584
banking_transfer,1,amount_tamper,reject,reject,semantic_mismatch,True,0.01837500000000103
banking_transfer,1,recipient_tamper,reject,reject,semantic_mismatch,True,0.01962500000000922
banking_transfer,2,exact_match,accept,accept,approved,True,0.016833999999993354
banking_transfer,2,amount_tamper,reject,reject,semantic_mismatch,True,0.01708300000000107
banking_transfer,2,recipient_tamper,reject,reject,semantic_mismatch,True,0.017084000000000543
banking_transfer,3,exact_match,accept,accept,approved,True,0.016749999999995935
banking_transfer,3,amount_tamper,reject,reject,semantic_mismatch,True,0.04120800000000091
banking_transfer,3,recipient_tamper,reject,reject,semantic_mismatch,True,0.05433299999998975
banking_transfer,4,exact_match,accept,accept,approved,True,0.017792000000002584
banking_transfer,4,amount_tamper,reject,reject,semantic_mismatch,True,0.017417000000005678
banking_transfer,4,recipient_tamper,reject,reject,semantic_mismatch,True,0.017000000000003124
banking_transfer,5,exact_match,accept,accept,approved,True,0.016708000000004164
banking_transfer,5,amount_tamper,reject,reject,semantic_mismatch,True,0.01658300000000057
banking_transfer,5,recipient_tamper,reject,reject,semantic_mismatch,True,0.016665999999998515
banking_transfer,6,exact_match,accept,accept,approved,True,0.01645899999999645
banking_transfer,6,amount_tamper,reject,reject,semantic_mismatch,True,0.016707999999990286
banking_transfer,6,recipient_tamper,reject,reject,semantic_mismatch,True,0.01683299999999388
banking_transfer,7,exact_match,accept,accept,approved,True,0.01670899999998976
banking_transfer,7,amount_tamper,reject,reject,semantic_mismatch,True,0.016665999999998515
banking_transfer,7,recipient_tamper,reject,reject,semantic_mismatch,True,0.016584000000000043
banking_transfer,8,exact_match,accept,accept,approved,True,0.016584000000000043
banking_transfer,8,amount_tamper,reject,reject,semantic_mismatch,True,0.016665999999998515
banking_transfer,8,recipient_tamper,reject,reject,semantic_mismatch,True,0.016542000000008272
banking_transfer,9,exact_match,accept,accept,approved,True,0.016415999999991326
banking_transfer,9,amount_tamper,reject,reject,semantic_mismatch,True,0.016750000000009813
banking_transfer,9,recipient_tamper,reject,reject,semantic_mismatch,True,0.016499999999988746
banking_transfer,10,exact_match,accept,accept,approved,True,0.022166000000004016
banking_transfer,10,amount_tamper,reject,reject,semantic_mismatch,True,0.017042000000008772
banking_transfer,10,recipient_tamper,reject,reject,semantic_mismatch,True,0.016541999999994395
banking_transfer,11,exact_match,accept,accept,approved,True,0.016416000000005204
banking_transfer,11,amount_tamper,reject,reject,semantic_mismatch,True,0.01666699999999799
banking_transfer,11,recipient_tamper,reject,reject,semantic_mismatch,True,0.016292000000001083
banking_transfer,12,exact_match,accept,accept,approved,True,0.016249999999995435
banking_transfer,12,amount_tamper,reject,reject,semantic_mismatch,True,0.01633299999999338
banking_transfer,12,recipient_tamper,reject,reject,semantic_mismatch,True,0.016249999999995435
banking_transfer,13,exact_match,accept,accept,approved,True,0.016292000000001083
banking_transfer,13,amount_tamper,reject,reject,semantic_mismatch,True,0.016249999999995435
banking_transfer,13,recipient_tamper,reject,reject,semantic_mismatch,True,0.016209000000003138
banking_transfer,14,exact_match,accept,accept,approved,True,0.027332999999990504
banking_transfer,14,amount_tamper,reject,reject,semantic_mismatch,True,0.026791999999997707
banking_transfer,14,recipient_tamper,reject,reject,semantic_mismatch,True,0.017709000000004638
banking_transfer,15,exact_match,accept,accept,approved,True,0.01612499999999184
banking_transfer,15,amount_tamper,reject,reject,semantic_mismatch,True,0.016375000000012907
banking_transfer,15,recipient_tamper,reject,reject,semantic_mismatch,True,0.017125000000006718
banking_transfer,16,exact_match,accept,accept,approved,True,0.016167000000011367
banking_transfer,16,amount_tamper,reject,reject,semantic_mismatch,True,0.016249999999995435
banking_transfer,16,recipient_tamper,reject,reject,semantic_mismatch,True,0.016249999999995435
banking_transfer,17,exact_match,accept,accept,approved,True,0.025749999999991058
banking_transfer,17,amount_tamper,reject,reject,semantic_mismatch,True,0.03837500000000715
banking_transfer,17,recipient_tamper,reject,reject,semantic_mismatch,True,0.031000000000003247
banking_transfer,18,exact_match,accept,accept,approved,True,0.017416000000006204
banking_transfer,18,amount_tamper,reject,reject,semantic_mismatch,True,0.01683299999999388
banking_transfer,18,recipient_tamper,reject,reject,semantic_mismatch,True,0.02604100000000442
banking_transfer,19,exact_match,accept,accept,approved,True,0.01658300000000057
banking_transfer,19,amount_tamper,reject,reject,semantic_mismatch,True,0.016709000000003638
banking_transfer,19,recipient_tamper,reject,reject,semantic_mismatch,True,0.016749999999995935
banking_transfer,20,exact_match,accept,accept,approved,True,0.016792000000001583
banking_transfer,20,amount_tamper,reject,reject,semantic_mismatch,True,0.01658300000000057
banking_transfer,20,recipient_tamper,reject,reject,semantic_mismatch,True,0.01633299999999338
banking_transfer,21,exact_match,accept,accept,approved,True,0.016207999999989786
banking_transfer,21,amount_tamper,reject,reject,semantic_mismatch,True,0.016458000000010853
banking_transfer,21,recipient_tamper,reject,reject,semantic_mismatch,True,0.02495899999999107
banking_transfer,22,exact_match,accept,accept,approved,True,0.016500000000002624
banking_transfer,22,amount_tamper,reject,reject,semantic_mismatch,True,0.0164169999999908
banking_transfer,22,recipient_tamper,reject,reject,semantic_mismatch,True,0.016249999999995435
banking_transfer,23,exact_match,accept,accept,approved,True,0.016125000000005718
banking_transfer,23,amount_tamper,reject,reject,semantic_mismatch,True,0.016417000000004678
banking_transfer,23,recipient_tamper,reject,reject,semantic_mismatch,True,0.016457999999996975
banking_transfer,24,exact_match,accept,accept,approved,True,0.016416000000005204
banking_transfer,24,amount_tamper,reject,reject,semantic_mismatch,True,0.016625000000006218
banking_transfer,24,recipient_tamper,reject,reject,semantic_mismatch,True,0.016416000000005204
banking_transfer,25,exact_match,accept,accept,approved,True,0.01729100000000261
banking_transfer,25,amount_tamper,reject,reject,semantic_mismatch,True,0.017000000000003124
banking_transfer,25,recipient_tamper,reject,reject,semantic_mismatch,True,0.01666699999999799
banking_transfer,26,exact_match,accept,accept,approved,True,0.016708000000004164
banking_transfer,26,amount_tamper,reject,reject,semantic_mismatch,True,0.01683299999999388
banking_transfer,26,recipient_tamper,reject,reject,semantic_mismatch,True,0.016708000000004164
banking_transfer,27,exact_match,accept,accept,approved,True,0.016417000000004678
banking_transfer,27,amount_tamper,reject,reject,semantic_mismatch,True,0.016665999999998515
banking_transfer,27,recipient_tamper,reject,reject,semantic_mismatch,True,0.01666699999999799
banking_transfer,28,exact_match,accept,accept,approved,True,0.029000000000001247
banking_transfer,28,amount_tamper,reject,reject,semantic_mismatch,True,0.018291999999989206
banking_transfer,28,recipient_tamper,reject,reject,semantic_mismatch,True,0.018292000000003084
banking_transfer,29,exact_match,accept,accept,approved,True,0.017041999999994895
banking_transfer,29,amount_tamper,reject,reject,semantic_mismatch,True,0.017165999999999015
banking_transfer,29,recipient_tamper,reject,reject,semantic_mismatch,True,0.016958000000011353
banking_transfer,30,exact_match,accept,accept,approved,True,0.017542000000009272
banking_transfer,30,amount_tamper,reject,reject,semantic_mismatch,True,0.01679100000000211
banking_transfer,30,recipient_tamper,reject,reject,semantic_mismatch,True,0.01687499999999953
banking_transfer,31,exact_match,accept,accept,approved,True,0.01633299999999338
banking_transfer,31,amount_tamper,reject,reject,semantic_mismatch,True,0.01658300000000057
banking_transfer,31,recipient_tamper,reject,reject,semantic_mismatch,True,0.016415999999991326
banking_transfer,32,exact_match,accept,accept,approved,True,0.016416000000005204
banking_transfer,32,amount_tamper,reject,reject,semantic_mismatch,True,0.016500000000002624
banking_transfer,32,recipient_tamper,reject,reject,semantic_mismatch,True,0.016457999999996975
banking_transfer,33,exact_match,accept,accept,approved,True,0.0164169999999908
banking_transfer,33,amount_tamper,reject,reject,semantic_mismatch,True,0.01679100000000211
banking_transfer,33,recipient_tamper,reject,reject,semantic_mismatch,True,0.01662499999999234
banking_transfer,34,exact_match,accept,accept,approved,True,0.01637499999999903
banking_transfer,34,amount_tamper,reject,reject,semantic_mismatch,True,0.01633300000000726
banking_transfer,34,recipient_tamper,reject,reject,semantic_mismatch,True,0.01637499999999903
banking_transfer,35,exact_match,accept,accept,approved,True,0.016250000000009313
banking_transfer,35,amount_tamper,reject,reject,semantic_mismatch,True,0.017584000000001043
banking_transfer,35,recipient_tamper,reject,reject,semantic_mismatch,True,0.016792000000001583
banking_transfer,36,exact_match,accept,accept,approved,True,0.01637499999999903
banking_transfer,36,amount_tamper,reject,reject,semantic_mismatch,True,0.01687499999999953
banking_transfer,36,recipient_tamper,reject,reject,semantic_mismatch,True,0.0164169999999908
banking_transfer,37,exact_match,accept,accept,approved,True,0.016457999999996975
banking_transfer,37,amount_tamper,reject,reject,semantic_mismatch,True,0.016750000000009813
banking_transfer,37,recipient_tamper,reject,reject,semantic_mismatch,True,0.016292000000001083
banking_transfer,38,exact_match,accept,accept,approved,True,0.016250000000009313
banking_transfer,38,amount_tamper,reject,reject,semantic_mismatch,True,0.016208000000003664
banking_transfer,38,recipient_tamper,reject,reject,semantic_mismatch,True,0.016125000000005718
banking_transfer,39,exact_match,accept,accept,approved,True,0.016125000000005718
banking_transfer,39,amount_tamper,reject,reject,semantic_mismatch,True,0.016249999999995435
banking_transfer,39,recipient_tamper,reject,reject,semantic_mismatch,True,0.016209000000003138
banking_transfer,40,exact_match,accept,accept,approved,True,0.01620899999998926
banking_transfer,40,amount_tamper,reject,reject,semantic_mismatch,True,0.016207999999989786
banking_transfer,40,recipient_tamper,reject,reject,semantic_mismatch,True,0.015957999999996475
banking_transfer,41,exact_match,accept,accept,approved,True,0.0160410000000083
banking_transfer,41,amount_tamper,reject,reject,semantic_mismatch,True,0.016165999999998015
banking_transfer,41,recipient_tamper,reject,reject,semantic_mismatch,True,0.01666699999999799
banking_transfer,42,exact_match,accept,accept,approved,True,0.016165999999998015
banking_transfer,42,amount_tamper,reject,reject,semantic_mismatch,True,0.016250000000009313
banking_transfer,42,recipient_tamper,reject,reject,semantic_mismatch,True,0.01608300000000007
banking_transfer,43,exact_match,accept,accept,approved,True,0.016250000000009313
banking_transfer,43,amount_tamper,reject,reject,semantic_mismatch,True,0.016249999999995435
banking_transfer,43,recipient_tamper,reject,reject,semantic_mismatch,True,0.01616699999999749
banking_transfer,44,exact_match,accept,accept,approved,True,0.01620899999998926
banking_transfer,44,amount_tamper,reject,reject,semantic_mismatch,True,0.016375000000012907
banking_transfer,44,recipient_tamper,reject,reject,semantic_mismatch,True,0.016458000000010853
banking_transfer,45,exact_match,accept,accept,approved,True,0.01629100000000161
banking_transfer,45,amount_tamper,reject,reject,semantic_mismatch,True,0.0164169999999908
banking_transfer,45,recipient_tamper,reject,reject,semantic_mismatch,True,0.016499999999988746
banking_transfer,46,exact_match,accept,accept,approved,True,0.016749999999995935
banking_transfer,46,amount_tamper,reject,reject,semantic_mismatch,True,0.016500000000002624
banking_transfer,46,recipient_tamper,reject,reject,semantic_mismatch,True,0.016542000000008272
banking_transfer,47,exact_match,accept,accept,approved,True,0.016249999999995435
banking_transfer,47,amount_tamper,reject,reject,semantic_mismatch,True,0.016500000000002624
banking_transfer,47,recipient_tamper,reject,reject,semantic_mismatch,True,0.016417000000004678
banking_transfer,48,exact_match,accept,accept,approved,True,0.016249999999995435
banking_transfer,48,amount_tamper,reject,reject,semantic_mismatch,True,0.016541999999994395
banking_transfer,48,recipient_tamper,reject,reject,semantic_mismatch,True,0.0164169999999908
banking_transfer,49,exact_match,accept,accept,approved,True,0.016209000000003138
banking_transfer,49,amount_tamper,reject,reject,semantic_mismatch,True,0.016500000000002624
banking_transfer,49,recipient_tamper,reject,reject,semantic_mismatch,True,0.021792000000006584
banking_transfer,50,exact_match,accept,accept,approved,True,0.016415999999991326
banking_transfer,50,amount_tamper,reject,reject,semantic_mismatch,True,0.017165999999999015
banking_transfer,50,recipient_tamper,reject,reject,semantic_mismatch,True,0.016500000000002624
banking_transfer,51,exact_match,accept,accept,approved,True,0.01637499999999903
banking_transfer,51,amount_tamper,reject,reject,semantic_mismatch,True,0.016417000000004678
banking_transfer,51,recipient_tamper,reject,reject,semantic_mismatch,True,0.016417000000004678
banking_transfer,52,exact_match,accept,accept,approved,True,0.07812499999999833
banking_transfer,52,amount_tamper,reject,reject,semantic_mismatch,True,0.01833299999999538
banking_transfer,52,recipient_tamper,reject,reject,semantic_mismatch,True,0.016249999999995435
banking_transfer,53,exact_match,accept,accept,approved,True,0.01608300000000007
banking_transfer,53,amount_tamper,reject,reject,semantic_mismatch,True,0.01616699999999749
banking_transfer,53,recipient_tamper,reject,reject,semantic_mismatch,True,0.01620899999998926
banking_transfer,54,exact_match,accept,accept,approved,True,0.016042000000007772
banking_transfer,54,amount_tamper,reject,reject,semantic_mismatch,True,0.06462499999999871
banking_transfer,54,recipient_tamper,reject,reject,semantic_mismatch,True,0.05020800000000991
banking_transfer,55,exact_match,accept,accept,approved,True,0.06887499999999602
banking_transfer,55,amount_tamper,reject,reject,semantic_mismatch,True,0.0205410000000128
banking_transfer,55,recipient_tamper,reject,reject,semantic_mismatch,True,0.01712499999999284
banking_transfer,56,exact_match,accept,accept,approved,True,0.016792000000001583
banking_transfer,56,amount_tamper,reject,reject,semantic_mismatch,True,0.034834000000011356
banking_transfer,56,recipient_tamper,reject,reject,semantic_mismatch,True,0.017209000000004138
banking_transfer,57,exact_match,accept,accept,approved,True,0.016499999999988746
banking_transfer,57,amount_tamper,reject,reject,semantic_mismatch,True,0.016500000000002624
banking_transfer,57,recipient_tamper,reject,reject,semantic_mismatch,True,0.016625000000006218
banking_transfer,58,exact_match,accept,accept,approved,True,0.016457999999996975
banking_transfer,58,amount_tamper,reject,reject,semantic_mismatch,True,0.018957999999999475
banking_transfer,58,recipient_tamper,reject,reject,semantic_mismatch,True,0.01687499999999953
banking_transfer,59,exact_match,accept,accept,approved,True,0.01658300000000057
banking_transfer,59,amount_tamper,reject,reject,semantic_mismatch,True,0.016625000000006218
banking_transfer,59,recipient_tamper,reject,reject,semantic_mismatch,True,0.016500000000002624
banking_transfer,60,exact_match,accept,accept,approved,True,0.016500000000002624
banking_transfer,60,amount_tamper,reject,reject,semantic_mismatch,True,0.016334000000006732
banking_transfer,60,recipient_tamper,reject,reject,semantic_mismatch,True,0.04250000000000087
enterprise_admin,1,exact_match,accept,accept,approved,True,0.018334000000008732
enterprise_admin,1,role_escalation,reject,reject,semantic_mismatch,True,0.01683299999999388
enterprise_admin,1,tenant_tamper,reject,reject,semantic_mismatch,True,0.01637499999999903
enterprise_admin,2,exact_match,accept,accept,approved,True,0.016125000000005718
enterprise_admin,2,role_escalation,reject,reject,semantic_mismatch,True,0.016125000000005718
enterprise_admin,2,tenant_tamper,reject,reject,semantic_mismatch,True,0.016291999999987206
enterprise_admin,3,exact_match,accept,accept,approved,True,0.016208000000003664
enterprise_admin,3,role_escalation,reject,reject,semantic_mismatch,True,0.01616699999999749
enterprise_admin,3,tenant_tamper,reject,reject,semantic_mismatch,True,0.015958000000010353
enterprise_admin,4,exact_match,accept,accept,approved,True,0.016249999999995435
enterprise_admin,4,role_escalation,reject,reject,semantic_mismatch,True,0.016125000000005718
enterprise_admin,4,tenant_tamper,reject,reject,semantic_mismatch,True,0.016250000000009313
enterprise_admin,5,exact_match,accept,accept,approved,True,0.016207999999989786
enterprise_admin,5,role_escalation,reject,reject,semantic_mismatch,True,0.01633299999999338
enterprise_admin,5,tenant_tamper,reject,reject,semantic_mismatch,True,0.016208000000003664
enterprise_admin,6,exact_match,accept,accept,approved,True,0.09779199999999932
enterprise_admin,6,role_escalation,reject,reject,semantic_mismatch,True,0.0164169999999908
enterprise_admin,6,tenant_tamper,reject,reject,semantic_mismatch,True,0.01604099999999442
enterprise_admin,7,exact_match,accept,accept,approved,True,0.01616699999999749
enterprise_admin,7,role_escalation,reject,reject,semantic_mismatch,True,0.016666000000012393
enterprise_admin,7,tenant_tamper,reject,reject,semantic_mismatch,True,0.016416000000005204
enterprise_admin,8,exact_match,accept,accept,approved,True,0.016208000000003664
enterprise_admin,8,role_escalation,reject,reject,semantic_mismatch,True,0.01637499999999903
enterprise_admin,8,tenant_tamper,reject,reject,semantic_mismatch,True,0.016041999999993894
enterprise_admin,9,exact_match,accept,accept,approved,True,0.016042000000007772
enterprise_admin,9,role_escalation,reject,reject,semantic_mismatch,True,0.016250000000009313
enterprise_admin,9,tenant_tamper,reject,reject,semantic_mismatch,True,0.01633299999999338
enterprise_admin,10,exact_match,accept,accept,approved,True,0.016165999999998015
enterprise_admin,10,role_escalation,reject,reject,semantic_mismatch,True,0.01637499999999903
enterprise_admin,10,tenant_tamper,reject,reject,semantic_mismatch,True,0.016292000000001083
enterprise_admin,11,exact_match,accept,accept,approved,True,0.01612499999999184
enterprise_admin,11,role_escalation,reject,reject,semantic_mismatch,True,0.01637499999999903
enterprise_admin,11,tenant_tamper,reject,reject,semantic_mismatch,True,0.017416000000006204
enterprise_admin,12,exact_match,accept,accept,approved,True,0.01633299999999338
enterprise_admin,12,role_escalation,reject,reject,semantic_mismatch,True,0.016292000000001083
enterprise_admin,12,tenant_tamper,reject,reject,semantic_mismatch,True,0.016249999999995435
enterprise_admin,13,exact_match,accept,accept,approved,True,0.016125000000005718
enterprise_admin,13,role_escalation,reject,reject,semantic_mismatch,True,0.01612499999999184
enterprise_admin,13,tenant_tamper,reject,reject,semantic_mismatch,True,0.016083999999999543
enterprise_admin,14,exact_match,accept,accept,approved,True,0.016041999999993894
enterprise_admin,14,role_escalation,reject,reject,semantic_mismatch,True,0.015999999999988246
enterprise_admin,14,tenant_tamper,reject,reject,semantic_mismatch,True,0.016250000000009313
enterprise_admin,15,exact_match,accept,accept,approved,True,0.016165999999998015
enterprise_admin,15,role_escalation,reject,reject,semantic_mismatch,True,0.059416000000006575
enterprise_admin,15,tenant_tamper,reject,reject,semantic_mismatch,True,0.04066700000000811
enterprise_admin,16,exact_match,accept,accept,approved,True,0.0199169999999943
enterprise_admin,16,role_escalation,reject,reject,semantic_mismatch,True,0.016915999999991826
enterprise_admin,16,tenant_tamper,reject,reject,semantic_mismatch,True,0.01637499999999903
enterprise_admin,17,exact_match,accept,accept,approved,True,0.01608300000000007
enterprise_admin,17,role_escalation,reject,reject,semantic_mismatch,True,0.01612499999999184
enterprise_admin,17,tenant_tamper,reject,reject,semantic_mismatch,True,0.016042000000007772
enterprise_admin,18,exact_match,accept,accept,approved,True,0.016125000000005718
enterprise_admin,18,role_escalation,reject,reject,semantic_mismatch,True,0.016000000000002124
enterprise_admin,18,tenant_tamper,reject,reject,semantic_mismatch,True,0.022415999999997327
enterprise_admin,19,exact_match,accept,accept,approved,True,0.016166000000011893
enterprise_admin,19,role_escalation,reject,reject,semantic_mismatch,True,0.01604099999999442
enterprise_admin,19,tenant_tamper,reject,reject,semantic_mismatch,True,0.01587499999999853
enterprise_admin,20,exact_match,accept,accept,approved,True,0.016000000000002124
enterprise_admin,20,role_escalation,reject,reject,semantic_mismatch,True,0.016417000000004678
enterprise_admin,20,tenant_tamper,reject,reject,semantic_mismatch,True,0.01612499999999184
enterprise_admin,21,exact_match,accept,accept,approved,True,0.015957999999996475
enterprise_admin,21,role_escalation,reject,reject,semantic_mismatch,True,0.015917000000004178
enterprise_admin,21,tenant_tamper,reject,reject,semantic_mismatch,True,0.016042000000007772
enterprise_admin,22,exact_match,accept,accept,approved,True,0.015833999999992354
enterprise_admin,22,role_escalation,reject,reject,semantic_mismatch,True,0.01587499999999853
enterprise_admin,22,tenant_tamper,reject,reject,semantic_mismatch,True,0.016083999999999543
enterprise_admin,23,exact_match,accept,accept,approved,True,0.01595899999999595
enterprise_admin,23,role_escalation,reject,reject,semantic_mismatch,True,0.016000000000002124
enterprise_admin,23,tenant_tamper,reject,reject,semantic_mismatch,True,0.016041999999993894
enterprise_admin,24,exact_match,accept,accept,approved,True,0.01604099999999442
enterprise_admin,24,role_escalation,reject,reject,semantic_mismatch,True,0.016125000000005718
enterprise_admin,24,tenant_tamper,reject,reject,semantic_mismatch,True,0.016209000000003138
enterprise_admin,25,exact_match,accept,accept,approved,True,0.02758300000001157
enterprise_admin,25,role_escalation,reject,reject,semantic_mismatch,True,0.017957999999998475
enterprise_admin,25,tenant_tamper,reject,reject,semantic_mismatch,True,0.01645899999999645
enterprise_admin,26,exact_match,accept,accept,approved,True,0.01604099999999442
enterprise_admin,26,role_escalation,reject,reject,semantic_mismatch,True,0.01616699999999749
enterprise_admin,26,tenant_tamper,reject,reject,semantic_mismatch,True,0.01633299999999338
enterprise_admin,27,exact_match,accept,accept,approved,True,0.01608300000000007
enterprise_admin,27,role_escalation,reject,reject,semantic_mismatch,True,0.037124999999998964
enterprise_admin,27,tenant_tamper,reject,reject,semantic_mismatch,True,0.016791999999987706
enterprise_admin,28,exact_match,accept,accept,approved,True,0.015999999999988246
enterprise_admin,28,role_escalation,reject,reject,semantic_mismatch,True,0.01629100000000161
enterprise_admin,28,tenant_tamper,reject,reject,semantic_mismatch,True,0.01637499999999903
enterprise_admin,29,exact_match,accept,accept,approved,True,0.01633299999999338
enterprise_admin,29,role_escalation,reject,reject,semantic_mismatch,True,0.016500000000002624
enterprise_admin,29,tenant_tamper,reject,reject,semantic_mismatch,True,0.01612499999999184
enterprise_admin,30,exact_match,accept,accept,approved,True,0.016000000000002124
enterprise_admin,30,role_escalation,reject,reject,semantic_mismatch,True,0.016208000000003664
enterprise_admin,30,tenant_tamper,reject,reject,semantic_mismatch,True,0.016250000000009313
enterprise_admin,31,exact_match,accept,accept,approved,True,0.02362499999999934
enterprise_admin,31,role_escalation,reject,reject,semantic_mismatch,True,0.01808300000000207
enterprise_admin,31,tenant_tamper,reject,reject,semantic_mismatch,True,0.017333999999993854
enterprise_admin,32,exact_match,accept,accept,approved,True,0.016792000000001583
enterprise_admin,32,role_escalation,reject,reject,semantic_mismatch,True,0.016958000000011353
enterprise_admin,32,tenant_tamper,reject,reject,semantic_mismatch,True,0.016834000000007232
enterprise_admin,33,exact_match,accept,accept,approved,True,0.01666699999999799
enterprise_admin,33,role_escalation,reject,reject,semantic_mismatch,True,0.017834000000008232
enterprise_admin,33,tenant_tamper,reject,reject,semantic_mismatch,True,0.01712499999999284
enterprise_admin,34,exact_match,accept,accept,approved,True,0.024415999999999327
enterprise_admin,34,role_escalation,reject,reject,semantic_mismatch,True,0.016249999999995435
enterprise_admin,34,tenant_tamper,reject,reject,semantic_mismatch,True,0.01604099999999442
enterprise_admin,35,exact_match,accept,accept,approved,True,0.01587499999999853
enterprise_admin,35,role_escalation,reject,reject,semantic_mismatch,True,0.016083999999999543
enterprise_admin,35,tenant_tamper,reject,reject,semantic_mismatch,True,0.016208000000003664
enterprise_admin,36,exact_match,accept,accept,approved,True,0.016000000000002124
enterprise_admin,36,role_escalation,reject,reject,semantic_mismatch,True,0.01616699999999749
enterprise_admin,36,tenant_tamper,reject,reject,semantic_mismatch,True,0.01608300000000007
enterprise_admin,37,exact_match,accept,accept,approved,True,0.01583300000000676
enterprise_admin,37,role_escalation,reject,reject,semantic_mismatch,True,0.016249999999995435
enterprise_admin,37,tenant_tamper,reject,reject,semantic_mismatch,True,0.016292000000001083
enterprise_admin,38,exact_match,accept,accept,approved,True,0.025207999999998787
enterprise_admin,38,role_escalation,reject,reject,semantic_mismatch,True,0.0164169999999908
enterprise_admin,38,tenant_tamper,reject,reject,semantic_mismatch,True,0.016041999999993894
enterprise_admin,39,exact_match,accept,accept,approved,True,0.016207999999989786
enterprise_admin,39,role_escalation,reject,reject,semantic_mismatch,True,0.01616699999999749
enterprise_admin,39,tenant_tamper,reject,reject,semantic_mismatch,True,0.016165999999998015
enterprise_admin,40,exact_match,accept,accept,approved,True,0.01612499999999184
enterprise_admin,40,role_escalation,reject,reject,semantic_mismatch,True,0.01608300000000007
enterprise_admin,40,tenant_tamper,reject,reject,semantic_mismatch,True,0.01612499999999184
enterprise_admin,41,exact_match,accept,accept,approved,True,0.016292000000001083
enterprise_admin,41,role_escalation,reject,reject,semantic_mismatch,True,0.01612499999999184
enterprise_admin,41,tenant_tamper,reject,reject,semantic_mismatch,True,0.016249999999995435
enterprise_admin,42,exact_match,accept,accept,approved,True,0.01608300000000007
enterprise_admin,42,role_escalation,reject,reject,semantic_mismatch,True,0.016083999999999543
enterprise_admin,42,tenant_tamper,reject,reject,semantic_mismatch,True,0.016042000000007772
enterprise_admin,43,exact_match,accept,accept,approved,True,0.017415999999992327
enterprise_admin,43,role_escalation,reject,reject,semantic_mismatch,True,0.01637499999999903
enterprise_admin,43,tenant_tamper,reject,reject,semantic_mismatch,True,0.015708000000003164
enterprise_admin,44,exact_match,accept,accept,approved,True,0.015792000000000583
enterprise_admin,44,role_escalation,reject,reject,semantic_mismatch,True,0.015749999999994935
enterprise_admin,44,tenant_tamper,reject,reject,semantic_mismatch,True,0.01562499999999134
enterprise_admin,45,exact_match,accept,accept,approved,True,0.015625000000005218
enterprise_admin,45,role_escalation,reject,reject,semantic_mismatch,True,0.015749999999994935
enterprise_admin,45,tenant_tamper,reject,reject,semantic_mismatch,True,0.015792000000000583
enterprise_admin,46,exact_match,accept,accept,approved,True,0.015709000000002638
enterprise_admin,46,role_escalation,reject,reject,semantic_mismatch,True,0.01583299999999288
enterprise_admin,46,tenant_tamper,reject,reject,semantic_mismatch,True,0.015542000000007272
enterprise_admin,47,exact_match,accept,accept,approved,True,0.015792000000000583
enterprise_admin,47,role_escalation,reject,reject,semantic_mismatch,True,0.015792000000000583
enterprise_admin,47,tenant_tamper,reject,reject,semantic_mismatch,True,0.015917000000004178
enterprise_admin,48,exact_match,accept,accept,approved,True,0.015917000000004178
enterprise_admin,48,role_escalation,reject,reject,semantic_mismatch,True,0.01658300000000057
enterprise_admin,48,tenant_tamper,reject,reject,semantic_mismatch,True,0.016417000000004678
enterprise_admin,49,exact_match,accept,accept,approved,True,0.016165999999998015
enterprise_admin,49,role_escalation,reject,reject,semantic_mismatch,True,0.0164169999999908
enterprise_admin,49,tenant_tamper,reject,reject,semantic_mismatch,True,0.016209000000003138
enterprise_admin,50,exact_match,accept,accept,approved,True,0.01587499999999853
enterprise_admin,50,role_escalation,reject,reject,semantic_mismatch,True,0.01595899999999595
enterprise_admin,50,tenant_tamper,reject,reject,semantic_mismatch,True,0.01687499999999953
enterprise_admin,51,exact_match,accept,accept,approved,True,0.01562499999999134
enterprise_admin,51,role_escalation,reject,reject,semantic_mismatch,True,0.01587499999999853
enterprise_admin,51,tenant_tamper,reject,reject,semantic_mismatch,True,0.016041999999993894
enterprise_admin,52,exact_match,accept,accept,approved,True,0.015749999999994935
enterprise_admin,52,role_escalation,reject,reject,semantic_mismatch,True,0.015833999999992354
enterprise_admin,52,tenant_tamper,reject,reject,semantic_mismatch,True,0.015999999999988246
enterprise_admin,53,exact_match,accept,accept,approved,True,0.01579100000000111
enterprise_admin,53,role_escalation,reject,reject,semantic_mismatch,True,0.0159169999999903
enterprise_admin,53,tenant_tamper,reject,reject,semantic_mismatch,True,0.0159169999999903
enterprise_admin,54,exact_match,accept,accept,approved,True,0.015792000000000583
enterprise_admin,54,role_escalation,reject,reject,semantic_mismatch,True,0.01583299999999288
enterprise_admin,54,tenant_tamper,reject,reject,semantic_mismatch,True,0.01587499999999853
enterprise_admin,55,exact_match,accept,accept,approved,True,0.01562499999999134
enterprise_admin,55,role_escalation,reject,reject,semantic_mismatch,True,0.015708000000003164
enterprise_admin,55,tenant_tamper,reject,reject,semantic_mismatch,True,0.01558299999999957
enterprise_admin,56,exact_match,accept,accept,approved,True,0.015500000000001624
enterprise_admin,56,role_escalation,reject,reject,semantic_mismatch,True,0.015583999999999043
enterprise_admin,56,tenant_tamper,reject,reject,semantic_mismatch,True,0.015749999999994935
enterprise_admin,57,exact_match,accept,accept,approved,True,0.01558299999999957
enterprise_admin,57,role_escalation,reject,reject,semantic_mismatch,True,0.015625000000005218
enterprise_admin,57,tenant_tamper,reject,reject,semantic_mismatch,True,0.015749999999994935
enterprise_admin,58,exact_match,accept,accept,approved,True,0.015625000000005218
enterprise_admin,58,role_escalation,reject,reject,semantic_mismatch,True,0.01579100000000111
enterprise_admin,58,tenant_tamper,reject,reject,semantic_mismatch,True,0.01570899999998876
enterprise_admin,59,exact_match,accept,accept,approved,True,0.015708000000003164
enterprise_admin,59,role_escalation,reject,reject,semantic_mismatch,True,0.015917000000004178
enterprise_admin,59,tenant_tamper,reject,reject,semantic_mismatch,True,0.015665999999997515
enterprise_admin,60,exact_match,accept,accept,approved,True,0.01558299999999957
enterprise_admin,60,role_escalation,reject,reject,semantic_mismatch,True,0.015708000000003164
enterprise_admin,60,tenant_tamper,reject,reject,semantic_mismatch,True,0.015749999999994935
healthcare_export,1,exact_match,accept,accept,approved,True,0.016957999999997475
healthcare_export,1,patient_tamper,reject,reject,semantic_mismatch,True,0.01612499999999184
healthcare_export,1,purpose_tamper,reject,reject,semantic_mismatch,True,0.016125000000005718
healthcare_export,2,exact_match,accept,accept,approved,True,0.01587499999999853
healthcare_export,2,patient_tamper,reject,reject,semantic_mismatch,True,0.01587499999999853
healthcare_export,2,purpose_tamper,reject,reject,semantic_mismatch,True,0.016000000000002124
healthcare_export,3,exact_match,accept,accept,approved,True,0.015917000000004178
healthcare_export,3,patient_tamper,reject,reject,semantic_mismatch,True,0.016041999999993894
healthcare_export,3,purpose_tamper,reject,reject,semantic_mismatch,True,0.01583299999999288
healthcare_export,4,exact_match,accept,accept,approved,True,0.015957999999996475
healthcare_export,4,patient_tamper,reject,reject,semantic_mismatch,True,0.016000000000002124
healthcare_export,4,purpose_tamper,reject,reject,semantic_mismatch,True,0.015834000000006232
healthcare_export,5,exact_match,accept,accept,approved,True,0.015750000000008813
healthcare_export,5,patient_tamper,reject,reject,semantic_mismatch,True,0.01587499999999853
healthcare_export,5,purpose_tamper,reject,reject,semantic_mismatch,True,0.01587499999999853
healthcare_export,6,exact_match,accept,accept,approved,True,0.01695899999999695
healthcare_export,6,patient_tamper,reject,reject,semantic_mismatch,True,0.01629100000000161
healthcare_export,6,purpose_tamper,reject,reject,semantic_mismatch,True,0.01612499999999184
healthcare_export,7,exact_match,accept,accept,approved,True,0.01604099999999442
healthcare_export,7,patient_tamper,reject,reject,semantic_mismatch,True,0.01612499999999184
healthcare_export,7,purpose_tamper,reject,reject,semantic_mismatch,True,0.016457999999996975
healthcare_export,8,exact_match,accept,accept,approved,True,0.01616699999999749
healthcare_export,8,patient_tamper,reject,reject,semantic_mismatch,True,0.016250000000009313
healthcare_export,8,purpose_tamper,reject,reject,semantic_mismatch,True,0.01608300000000007
healthcare_export,9,exact_match,accept,accept,approved,True,0.01612499999999184
healthcare_export,9,patient_tamper,reject,reject,semantic_mismatch,True,0.01616699999999749
healthcare_export,9,purpose_tamper,reject,reject,semantic_mismatch,True,0.015999999999988246
healthcare_export,10,exact_match,accept,accept,approved,True,0.01616699999999749
healthcare_export,10,patient_tamper,reject,reject,semantic_mismatch,True,0.01608300000000007
healthcare_export,10,purpose_tamper,reject,reject,semantic_mismatch,True,0.01595899999999595
healthcare_export,11,exact_match,accept,accept,approved,True,0.0159169999999903
healthcare_export,11,patient_tamper,reject,reject,semantic_mismatch,True,0.01612499999999184
healthcare_export,11,purpose_tamper,reject,reject,semantic_mismatch,True,0.01604099999999442
healthcare_export,12,exact_match,accept,accept,approved,True,0.016792000000001583
healthcare_export,12,patient_tamper,reject,reject,semantic_mismatch,True,0.01633300000000726
healthcare_export,12,purpose_tamper,reject,reject,semantic_mismatch,True,0.01616699999999749
healthcare_export,13,exact_match,accept,accept,approved,True,0.015917000000004178
healthcare_export,13,patient_tamper,reject,reject,semantic_mismatch,True,0.016249999999995435
healthcare_export,13,purpose_tamper,reject,reject,semantic_mismatch,True,0.01629100000000161
healthcare_export,14,exact_match,accept,accept,approved,True,0.015833999999992354
healthcare_export,14,patient_tamper,reject,reject,semantic_mismatch,True,0.016125000000005718
healthcare_export,14,purpose_tamper,reject,reject,semantic_mismatch,True,0.01612499999999184
healthcare_export,15,exact_match,accept,accept,approved,True,0.015665999999997515
healthcare_export,15,patient_tamper,reject,reject,semantic_mismatch,True,0.01579100000000111
healthcare_export,15,purpose_tamper,reject,reject,semantic_mismatch,True,0.01587499999999853
healthcare_export,16,exact_match,accept,accept,approved,True,0.01583299999999288
healthcare_export,16,patient_tamper,reject,reject,semantic_mismatch,True,0.01583300000000676
healthcare_export,16,purpose_tamper,reject,reject,semantic_mismatch,True,0.01595899999999595
healthcare_export,17,exact_match,accept,accept,approved,True,0.03345899999999957
healthcare_export,17,patient_tamper,reject,reject,semantic_mismatch,True,0.01737500000000003
healthcare_export,17,purpose_tamper,reject,reject,semantic_mismatch,True,0.016667000000011867
healthcare_export,18,exact_match,accept,accept,approved,True,0.01616699999999749
healthcare_export,18,patient_tamper,reject,reject,semantic_mismatch,True,0.016208000000003664
healthcare_export,18,purpose_tamper,reject,reject,semantic_mismatch,True,0.016166000000011893
healthcare_export,19,exact_match,accept,accept,approved,True,0.01583299999999288
healthcare_export,19,patient_tamper,reject,reject,semantic_mismatch,True,0.01604099999999442
healthcare_export,19,purpose_tamper,reject,reject,semantic_mismatch,True,0.01608300000000007
healthcare_export,20,exact_match,accept,accept,approved,True,0.016042000000007772
healthcare_export,20,patient_tamper,reject,reject,semantic_mismatch,True,0.01608300000000007
healthcare_export,20,purpose_tamper,reject,reject,semantic_mismatch,True,0.016584000000000043
healthcare_export,21,exact_match,accept,accept,approved,True,0.016000000000002124
healthcare_export,21,patient_tamper,reject,reject,semantic_mismatch,True,0.01587499999999853
healthcare_export,21,purpose_tamper,reject,reject,semantic_mismatch,True,0.01608300000000007
healthcare_export,22,exact_match,accept,accept,approved,True,0.01629100000000161
healthcare_export,22,patient_tamper,reject,reject,semantic_mismatch,True,0.016000000000002124
healthcare_export,22,purpose_tamper,reject,reject,semantic_mismatch,True,0.015957999999996475
healthcare_export,23,exact_match,accept,accept,approved,True,0.015916000000004704
healthcare_export,23,patient_tamper,reject,reject,semantic_mismatch,True,0.01579100000000111
healthcare_export,23,purpose_tamper,reject,reject,semantic_mismatch,True,0.016041999999993894
healthcare_export,24,exact_match,accept,accept,approved,True,0.015792000000000583
healthcare_export,24,patient_tamper,reject,reject,semantic_mismatch,True,0.015958000000010353
healthcare_export,24,purpose_tamper,reject,reject,semantic_mismatch,True,0.015916000000004704
healthcare_export,25,exact_match,accept,accept,approved,True,0.015915999999990826
healthcare_export,25,patient_tamper,reject,reject,semantic_mismatch,True,0.016000000000002124
healthcare_export,25,purpose_tamper,reject,reject,semantic_mismatch,True,0.015999999999988246
healthcare_export,26,exact_match,accept,accept,approved,True,0.01595899999999595
healthcare_export,26,patient_tamper,reject,reject,semantic_mismatch,True,0.015957999999996475
healthcare_export,26,purpose_tamper,reject,reject,semantic_mismatch,True,0.016000000000002124
healthcare_export,27,exact_match,accept,accept,approved,True,0.016000000000002124
healthcare_export,27,patient_tamper,reject,reject,semantic_mismatch,True,0.016165999999998015
healthcare_export,27,purpose_tamper,reject,reject,semantic_mismatch,True,0.01608300000000007
healthcare_export,28,exact_match,accept,accept,approved,True,0.015959000000009826
healthcare_export,28,patient_tamper,reject,reject,semantic_mismatch,True,0.016041999999993894
healthcare_export,28,purpose_tamper,reject,reject,semantic_mismatch,True,0.015916000000004704
healthcare_export,29,exact_match,accept,accept,approved,True,0.016165999999998015
healthcare_export,29,patient_tamper,reject,reject,semantic_mismatch,True,0.016709000000003638
healthcare_export,29,purpose_tamper,reject,reject,semantic_mismatch,True,0.01712499999999284
healthcare_export,30,exact_match,accept,accept,approved,True,0.01637499999999903
healthcare_export,30,patient_tamper,reject,reject,semantic_mismatch,True,0.016790999999988232
healthcare_export,30,purpose_tamper,reject,reject,semantic_mismatch,True,0.016749999999995935
healthcare_export,31,exact_match,accept,accept,approved,True,0.016500000000002624
healthcare_export,31,patient_tamper,reject,reject,semantic_mismatch,True,0.01645899999999645
healthcare_export,31,purpose_tamper,reject,reject,semantic_mismatch,True,0.01629100000000161
healthcare_export,32,exact_match,accept,accept,approved,True,0.02662500000000234
healthcare_export,32,patient_tamper,reject,reject,semantic_mismatch,True,0.016041999999993894
healthcare_export,32,purpose_tamper,reject,reject,semantic_mismatch,True,0.016125000000005718
healthcare_export,33,exact_match,accept,accept,approved,True,0.016208000000003664
healthcare_export,33,patient_tamper,reject,reject,semantic_mismatch,True,0.016333999999992854
healthcare_export,33,purpose_tamper,reject,reject,semantic_mismatch,True,0.016749999999995935
healthcare_export,34,exact_match,accept,accept,approved,True,0.016125000000005718
healthcare_export,34,patient_tamper,reject,reject,semantic_mismatch,True,0.016249999999995435
healthcare_export,34,purpose_tamper,reject,reject,semantic_mismatch,True,0.01612499999999184
healthcare_export,35,exact_match,accept,accept,approved,True,0.015915999999990826
healthcare_export,35,patient_tamper,reject,reject,semantic_mismatch,True,0.01587499999999853
healthcare_export,35,purpose_tamper,reject,reject,semantic_mismatch,True,0.01587499999999853
healthcare_export,36,exact_match,accept,accept,approved,True,0.016000000000002124
healthcare_export,36,patient_tamper,reject,reject,semantic_mismatch,True,0.015917000000004178
healthcare_export,36,purpose_tamper,reject,reject,semantic_mismatch,True,0.01583300000000676
healthcare_export,37,exact_match,accept,accept,approved,True,0.015957999999996475
healthcare_export,37,patient_tamper,reject,reject,semantic_mismatch,True,0.016165999999998015
healthcare_export,37,purpose_tamper,reject,reject,semantic_mismatch,True,0.016000000000002124
healthcare_export,38,exact_match,accept,accept,approved,True,0.015999999999988246
healthcare_export,38,patient_tamper,reject,reject,semantic_mismatch,True,0.016000000000002124
healthcare_export,38,purpose_tamper,reject,reject,semantic_mismatch,True,0.01583299999999288
healthcare_export,39,exact_match,accept,accept,approved,True,0.015958000000010353
healthcare_export,39,patient_tamper,reject,reject,semantic_mismatch,True,0.015958000000010353
healthcare_export,39,purpose_tamper,reject,reject,semantic_mismatch,True,0.025999999999998247
healthcare_export,40,exact_match,accept,accept,approved,True,0.01883299999999588
healthcare_export,40,patient_tamper,reject,reject,semantic_mismatch,True,0.01683300000000776
healthcare_export,40,purpose_tamper,reject,reject,semantic_mismatch,True,0.016458000000010853
healthcare_export,41,exact_match,accept,accept,approved,True,0.0159169999999903
healthcare_export,41,patient_tamper,reject,reject,semantic_mismatch,True,0.016165999999998015
healthcare_export,41,purpose_tamper,reject,reject,semantic_mismatch,True,0.016000000000002124
healthcare_export,42,exact_match,accept,accept,approved,True,0.016165999999998015
healthcare_export,42,patient_tamper,reject,reject,semantic_mismatch,True,0.01658299999998669
healthcare_export,42,purpose_tamper,reject,reject,semantic_mismatch,True,0.015957999999996475
healthcare_export,43,exact_match,accept,accept,approved,True,0.01579100000000111
healthcare_export,43,patient_tamper,reject,reject,semantic_mismatch,True,0.016042000000007772
healthcare_export,43,purpose_tamper,reject,reject,semantic_mismatch,True,0.047917000000008425
healthcare_export,44,exact_match,accept,accept,approved,True,0.016792000000001583
healthcare_export,44,patient_tamper,reject,reject,semantic_mismatch,True,0.015957999999996475
healthcare_export,44,purpose_tamper,reject,reject,semantic_mismatch,True,0.015834000000006232
healthcare_export,45,exact_match,accept,accept,approved,True,0.015792000000000583
healthcare_export,45,patient_tamper,reject,reject,semantic_mismatch,True,0.01595899999999595
healthcare_export,45,purpose_tamper,reject,reject,semantic_mismatch,True,0.015917000000004178
healthcare_export,46,exact_match,accept,accept,approved,True,0.059999999999990616
healthcare_export,46,patient_tamper,reject,reject,semantic_mismatch,True,0.07000000000000062
healthcare_export,46,purpose_tamper,reject,reject,semantic_mismatch,True,0.016957999999997475
healthcare_export,47,exact_match,accept,accept,approved,True,0.01629100000000161
healthcare_export,47,patient_tamper,reject,reject,semantic_mismatch,True,0.016083999999999543
healthcare_export,47,purpose_tamper,reject,reject,semantic_mismatch,True,0.06420799999999616
healthcare_export,48,exact_match,accept,accept,approved,True,0.01645899999999645
healthcare_export,48,patient_tamper,reject,reject,semantic_mismatch,True,0.018457999999998975
healthcare_export,48,purpose_tamper,reject,reject,semantic_mismatch,True,0.016209000000003138
healthcare_export,49,exact_match,accept,accept,approved,True,0.03566599999998976
healthcare_export,49,patient_tamper,reject,reject,semantic_mismatch,True,0.016292000000001083
healthcare_export,49,purpose_tamper,reject,reject,semantic_mismatch,True,0.016499999999988746
healthcare_export,50,exact_match,accept,accept,approved,True,0.016125000000005718
healthcare_export,50,patient_tamper,reject,reject,semantic_mismatch,True,0.016208000000003664
healthcare_export,50,purpose_tamper,reject,reject,semantic_mismatch,True,0.016417000000004678
healthcare_export,51,exact_match,accept,accept,approved,True,0.016457999999996975
healthcare_export,51,patient_tamper,reject,reject,semantic_mismatch,True,0.01645899999999645
healthcare_export,51,purpose_tamper,reject,reject,semantic_mismatch,True,0.016207999999989786
healthcare_export,52,exact_match,accept,accept,approved,True,0.01612499999999184
healthcare_export,52,patient_tamper,reject,reject,semantic_mismatch,True,0.02145900000000145
healthcare_export,52,purpose_tamper,reject,reject,semantic_mismatch,True,0.016249999999995435
healthcare_export,53,exact_match,accept,accept,approved,True,0.01608300000000007
healthcare_export,53,patient_tamper,reject,reject,semantic_mismatch,True,0.016249999999995435
healthcare_export,53,purpose_tamper,reject,reject,semantic_mismatch,True,0.01637499999999903
healthcare_export,54,exact_match,accept,accept,approved,True,0.01616699999999749
healthcare_export,54,patient_tamper,reject,reject,semantic_mismatch,True,0.016292000000001083
healthcare_export,54,purpose_tamper,reject,reject,semantic_mismatch,True,0.01633299999999338
healthcare_export,55,exact_match,accept,accept,approved,True,0.01616699999999749
healthcare_export,55,patient_tamper,reject,reject,semantic_mismatch,True,0.017165999999999015
healthcare_export,55,purpose_tamper,reject,reject,semantic_mismatch,True,0.016792000000001583
healthcare_export,56,exact_match,accept,accept,approved,True,0.01612499999999184
healthcare_export,56,patient_tamper,reject,reject,semantic_mismatch,True,0.016292000000001083
healthcare_export,56,purpose_tamper,reject,reject,semantic_mismatch,True,0.01616699999999749
healthcare_export,57,exact_match,accept,accept,approved,True,0.01583299999999288
healthcare_export,57,patient_tamper,reject,reject,semantic_mismatch,True,0.01587499999999853
healthcare_export,57,purpose_tamper,reject,reject,semantic_mismatch,True,0.016042000000007772
healthcare_export,58,exact_match,accept,accept,approved,True,0.015957999999996475
healthcare_export,58,patient_tamper,reject,reject,semantic_mismatch,True,0.01587499999999853
healthcare_export,58,purpose_tamper,reject,reject,semantic_mismatch,True,0.016542000000008272
healthcare_export,59,exact_match,accept,accept,approved,True,0.01587499999999853
healthcare_export,59,patient_tamper,reject,reject,semantic_mismatch,True,0.01583299999999288
healthcare_export,59,purpose_tamper,reject,reject,semantic_mismatch,True,0.016209000000003138
healthcare_export,60,exact_match,accept,accept,approved,True,0.015916000000004704
healthcare_export,60,patient_tamper,reject,reject,semantic_mismatch,True,0.016000000000002124
healthcare_export,60,purpose_tamper,reject,reject,semantic_mismatch,True,0.015957999999996475
cloud_api,1,exact_match,accept,accept,approved,True,0.05112499999999909
cloud_api,1,key_tamper,reject,reject,semantic_mismatch,True,0.01958300000000357
cloud_api,1,project_tamper,reject,reject,semantic_mismatch,True,0.04925000000000068
cloud_api,2,exact_match,accept,accept,approved,True,0.030749999999996058
cloud_api,2,key_tamper,reject,reject,semantic_mismatch,True,0.015834000000006232
cloud_api,2,project_tamper,reject,reject,semantic_mismatch,True,0.01558299999999957
cloud_api,3,exact_match,accept,accept,approved,True,0.015207999999988786
cloud_api,3,key_tamper,reject,reject,semantic_mismatch,True,0.015374999999998029
cloud_api,3,project_tamper,reject,reject,semantic_mismatch,True,0.015666000000011393
cloud_api,4,exact_match,accept,accept,approved,True,0.03254199999999652
cloud_api,4,key_tamper,reject,reject,semantic_mismatch,True,0.023374999999992152
cloud_api,4,project_tamper,reject,reject,semantic_mismatch,True,0.04570899999999101
cloud_api,5,exact_match,accept,accept,approved,True,0.015457999999995975
cloud_api,5,key_tamper,reject,reject,semantic_mismatch,True,0.015374999999998029
cloud_api,5,project_tamper,reject,reject,semantic_mismatch,True,0.01508299999999907
cloud_api,6,exact_match,accept,accept,approved,True,0.015166999999996489
cloud_api,6,key_tamper,reject,reject,semantic_mismatch,True,0.01508299999999907
cloud_api,6,project_tamper,reject,reject,semantic_mismatch,True,0.03124999999999656
cloud_api,7,exact_match,accept,accept,approved,True,0.05087500000000578
cloud_api,7,key_tamper,reject,reject,semantic_mismatch,True,0.015457999999995975
cloud_api,7,project_tamper,reject,reject,semantic_mismatch,True,0.015459000000009326
cloud_api,8,exact_match,accept,accept,approved,True,0.015292000000000083
cloud_api,8,key_tamper,reject,reject,semantic_mismatch,True,0.055916000000003074
cloud_api,8,project_tamper,reject,reject,semantic_mismatch,True,0.01608300000000007
cloud_api,9,exact_match,accept,accept,approved,True,0.015208000000002664
cloud_api,9,key_tamper,reject,reject,semantic_mismatch,True,0.024750000000003936
cloud_api,9,project_tamper,reject,reject,semantic_mismatch,True,0.020291999999991206
cloud_api,10,exact_match,accept,accept,approved,True,0.015166999999996489
cloud_api,10,key_tamper,reject,reject,semantic_mismatch,True,0.015333000000006258
cloud_api,10,project_tamper,reject,reject,semantic_mismatch,True,0.05816699999999786
cloud_api,11,exact_match,accept,accept,approved,True,0.019833999999996355
cloud_api,11,key_tamper,reject,reject,semantic_mismatch,True,0.03329200000000421
cloud_api,11,project_tamper,reject,reject,semantic_mismatch,True,0.0334580000000001
cloud_api,12,exact_match,accept,accept,approved,True,0.015541000000007799
cloud_api,12,key_tamper,reject,reject,semantic_mismatch,True,0.08720800000000528
cloud_api,12,project_tamper,reject,reject,semantic_mismatch,True,0.0589159999999922
cloud_api,13,exact_match,accept,accept,approved,True,0.026666999999994112
cloud_api,13,key_tamper,reject,reject,semantic_mismatch,True,0.0299579999999966
cloud_api,13,project_tamper,reject,reject,semantic_mismatch,True,0.0164169999999908
cloud_api,14,exact_match,accept,accept,approved,True,0.03300000000000525
cloud_api,14,key_tamper,reject,reject,semantic_mismatch,True,0.015957999999996475
cloud_api,14,project_tamper,reject,reject,semantic_mismatch,True,0.048667000000002236
cloud_api,15,exact_match,accept,accept,approved,True,0.015458999999995449
cloud_api,15,key_tamper,reject,reject,semantic_mismatch,True,0.015374999999998029
cloud_api,15,project_tamper,reject,reject,semantic_mismatch,True,0.015165999999997015
cloud_api,16,exact_match,accept,accept,approved,True,0.03845799999999122
cloud_api,16,key_tamper,reject,reject,semantic_mismatch,True,0.02820799999998791
cloud_api,16,project_tamper,reject,reject,semantic_mismatch,True,0.016249999999995435
cloud_api,17,exact_match,accept,accept,approved,True,0.01512499999999084
cloud_api,17,key_tamper,reject,reject,semantic_mismatch,True,0.07670800000000866
cloud_api,17,project_tamper,reject,reject,semantic_mismatch,True,0.02362499999999934
cloud_api,18,exact_match,accept,accept,approved,True,0.015458000000009853
cloud_api,18,key_tamper,reject,reject,semantic_mismatch,True,0.06950000000000012
cloud_api,18,project_tamper,reject,reject,semantic_mismatch,True,0.03849999999999687
cloud_api,19,exact_match,accept,accept,approved,True,0.0727500000000103
cloud_api,19,key_tamper,reject,reject,semantic_mismatch,True,0.041958999999994195
cloud_api,19,project_tamper,reject,reject,semantic_mismatch,True,0.07462499999999483
cloud_api,20,exact_match,accept,accept,approved,True,0.040874999999995776
cloud_api,20,key_tamper,reject,reject,semantic_mismatch,True,0.016333999999992854
cloud_api,20,project_tamper,reject,reject,semantic_mismatch,True,0.07958299999999419
cloud_api,21,exact_match,accept,accept,approved,True,0.023290999999994733
cloud_api,21,key_tamper,reject,reject,semantic_mismatch,True,0.03212500000000784
cloud_api,21,project_tamper,reject,reject,semantic_mismatch,True,0.022749999999988058
cloud_api,22,exact_match,accept,accept,approved,True,0.062333999999997225
cloud_api,22,key_tamper,reject,reject,semantic_mismatch,True,0.01708300000000107
cloud_api,22,project_tamper,reject,reject,semantic_mismatch,True,0.015125000000004718
cloud_api,23,exact_match,accept,accept,approved,True,0.015125000000004718
cloud_api,23,key_tamper,reject,reject,semantic_mismatch,True,0.015208000000002664
cloud_api,23,project_tamper,reject,reject,semantic_mismatch,True,0.07804100000000092
cloud_api,24,exact_match,accept,accept,approved,True,0.021999999999994246
cloud_api,24,key_tamper,reject,reject,semantic_mismatch,True,0.036290999999993856
cloud_api,24,project_tamper,reject,reject,semantic_mismatch,True,0.0717500000000093
cloud_api,25,exact_match,accept,accept,approved,True,0.0583749999999994
cloud_api,25,key_tamper,reject,reject,semantic_mismatch,True,0.01637499999999903
cloud_api,25,project_tamper,reject,reject,semantic_mismatch,True,0.015458000000009853
cloud_api,26,exact_match,accept,accept,approved,True,0.04629199999998945
cloud_api,26,key_tamper,reject,reject,semantic_mismatch,True,0.030249999999995558
cloud_api,26,project_tamper,reject,reject,semantic_mismatch,True,0.029874999999998653
cloud_api,27,exact_match,accept,accept,approved,True,0.015292000000000083
cloud_api,27,key_tamper,reject,reject,semantic_mismatch,True,0.015249999999994435
cloud_api,27,project_tamper,reject,reject,semantic_mismatch,True,0.037374999999992276
cloud_api,28,exact_match,accept,accept,approved,True,0.015249999999994435
cloud_api,28,key_tamper,reject,reject,semantic_mismatch,True,0.015250000000008312
cloud_api,28,project_tamper,reject,reject,semantic_mismatch,True,0.015249999999994435
cloud_api,29,exact_match,accept,accept,approved,True,0.03529199999999233
cloud_api,29,key_tamper,reject,reject,semantic_mismatch,True,0.01558299999999957
cloud_api,29,project_tamper,reject,reject,semantic_mismatch,True,0.01637499999999903
cloud_api,30,exact_match,accept,accept,approved,True,0.015499999999987746
cloud_api,30,key_tamper,reject,reject,semantic_mismatch,True,0.01566699999999699
cloud_api,30,project_tamper,reject,reject,semantic_mismatch,True,0.015708000000003164
cloud_api,31,exact_match,accept,accept,approved,True,0.01562499999999134
cloud_api,31,key_tamper,reject,reject,semantic_mismatch,True,0.015542000000007272
cloud_api,31,project_tamper,reject,reject,semantic_mismatch,True,0.01629100000000161
cloud_api,32,exact_match,accept,accept,approved,True,0.01558299999999957
cloud_api,32,key_tamper,reject,reject,semantic_mismatch,True,0.01566699999999699
cloud_api,32,project_tamper,reject,reject,semantic_mismatch,True,0.015459000000009326
cloud_api,33,exact_match,accept,accept,approved,True,0.016083999999999543
cloud_api,33,key_tamper,reject,reject,semantic_mismatch,True,0.015625000000005218
cloud_api,33,project_tamper,reject,reject,semantic_mismatch,True,0.015665999999997515
cloud_api,34,exact_match,accept,accept,approved,True,0.016917000000005178
cloud_api,34,key_tamper,reject,reject,semantic_mismatch,True,0.01583299999999288
cloud_api,34,project_tamper,reject,reject,semantic_mismatch,True,0.015708000000003164
cloud_api,35,exact_match,accept,accept,approved,True,0.015250000000008312
cloud_api,35,key_tamper,reject,reject,semantic_mismatch,True,0.015374999999998029
cloud_api,35,project_tamper,reject,reject,semantic_mismatch,True,0.015375000000011907
cloud_api,36,exact_match,accept,accept,approved,True,0.015374999999998029
cloud_api,36,key_tamper,reject,reject,semantic_mismatch,True,0.015249999999994435
cloud_api,36,project_tamper,reject,reject,semantic_mismatch,True,0.015209000000002137
cloud_api,37,exact_match,accept,accept,approved,True,0.014874999999997529
cloud_api,37,key_tamper,reject,reject,semantic_mismatch,True,0.01512499999999084
cloud_api,37,project_tamper,reject,reject,semantic_mismatch,True,0.01508299999999907
cloud_api,38,exact_match,accept,accept,approved,True,0.01520899999998826
cloud_api,38,key_tamper,reject,reject,semantic_mismatch,True,0.015375000000011907
cloud_api,38,project_tamper,reject,reject,semantic_mismatch,True,0.01508299999999907
cloud_api,39,exact_match,accept,accept,approved,True,0.015125000000004718
cloud_api,39,key_tamper,reject,reject,semantic_mismatch,True,0.01529100000000061
cloud_api,39,project_tamper,reject,reject,semantic_mismatch,True,0.01512499999999084
cloud_api,40,exact_match,accept,accept,approved,True,0.015042000000006772
cloud_api,40,key_tamper,reject,reject,semantic_mismatch,True,0.015125000000004718
cloud_api,40,project_tamper,reject,reject,semantic_mismatch,True,0.015249999999994435
cloud_api,41,exact_match,accept,accept,approved,True,0.014917000000003178
cloud_api,41,key_tamper,reject,reject,semantic_mismatch,True,0.01504099999999342
cloud_api,41,project_tamper,reject,reject,semantic_mismatch,True,0.015165999999997015
cloud_api,42,exact_match,accept,accept,approved,True,0.014959000000008826
cloud_api,42,key_tamper,reject,reject,semantic_mismatch,True,0.015208000000002664
cloud_api,42,project_tamper,reject,reject,semantic_mismatch,True,0.015375000000011907
cloud_api,43,exact_match,accept,accept,approved,True,0.015000000000001124
cloud_api,43,key_tamper,reject,reject,semantic_mismatch,True,0.015167000000010367
cloud_api,43,project_tamper,reject,reject,semantic_mismatch,True,0.015166999999996489
cloud_api,44,exact_match,accept,accept,approved,True,0.015125000000004718
cloud_api,44,key_tamper,reject,reject,semantic_mismatch,True,0.01512499999999084
cloud_api,44,project_tamper,reject,reject,semantic_mismatch,True,0.015041999999992894
cloud_api,45,exact_match,accept,accept,approved,True,0.015000000000001124
cloud_api,45,key_tamper,reject,reject,semantic_mismatch,True,0.015125000000004718
cloud_api,45,project_tamper,reject,reject,semantic_mismatch,True,0.014875000000011407
cloud_api,46,exact_match,accept,accept,approved,True,0.015083999999998543
cloud_api,46,key_tamper,reject,reject,semantic_mismatch,True,0.01508299999999907
cloud_api,46,project_tamper,reject,reject,semantic_mismatch,True,0.015165999999997015
cloud_api,47,exact_match,accept,accept,approved,True,0.01508299999999907
cloud_api,47,key_tamper,reject,reject,semantic_mismatch,True,0.015041999999992894
cloud_api,47,project_tamper,reject,reject,semantic_mismatch,True,0.015500000000001624
cloud_api,48,exact_match,accept,accept,approved,True,0.0149169999999893
cloud_api,48,key_tamper,reject,reject,semantic_mismatch,True,0.015250000000008312
cloud_api,48,project_tamper,reject,reject,semantic_mismatch,True,0.01520899999998826
cloud_api,49,exact_match,accept,accept,approved,True,0.014957999999995475
cloud_api,49,key_tamper,reject,reject,semantic_mismatch,True,0.01508299999999907
cloud_api,49,project_tamper,reject,reject,semantic_mismatch,True,0.015292000000000083
cloud_api,50,exact_match,accept,accept,approved,True,0.015125000000004718
cloud_api,50,key_tamper,reject,reject,semantic_mismatch,True,0.014999999999987246
cloud_api,50,project_tamper,reject,reject,semantic_mismatch,True,0.015125000000004718
cloud_api,51,exact_match,accept,accept,approved,True,0.015166000000010893
cloud_api,51,key_tamper,reject,reject,semantic_mismatch,True,0.017209000000018015
cloud_api,51,project_tamper,reject,reject,semantic_mismatch,True,0.015375000000011907
cloud_api,52,exact_match,accept,accept,approved,True,0.015458999999995449
cloud_api,52,key_tamper,reject,reject,semantic_mismatch,True,0.015415999999990326
cloud_api,52,project_tamper,reject,reject,semantic_mismatch,True,0.01570799999997541
cloud_api,53,exact_match,accept,accept,approved,True,0.015791999999986706
cloud_api,53,key_tamper,reject,reject,semantic_mismatch,True,0.015957999999982597
cloud_api,53,project_tamper,reject,reject,semantic_mismatch,True,0.015959000000009826
cloud_api,54,exact_match,accept,accept,approved,True,0.015375000000011907
cloud_api,54,key_tamper,reject,reject,semantic_mismatch,True,0.015750000000008813
cloud_api,54,project_tamper,reject,reject,semantic_mismatch,True,0.015500000000001624
cloud_api,55,exact_match,accept,accept,approved,True,0.015334000000005732
cloud_api,55,key_tamper,reject,reject,semantic_mismatch,True,0.015542000000007272
cloud_api,55,project_tamper,reject,reject,semantic_mismatch,True,0.015749999999981057
cloud_api,56,exact_match,accept,accept,approved,True,0.015167000000010367
cloud_api,56,key_tamper,reject,reject,semantic_mismatch,True,0.015333000000006258
cloud_api,56,project_tamper,reject,reject,semantic_mismatch,True,0.015207999999988786
cloud_api,57,exact_match,accept,accept,approved,True,0.015209000000016015
cloud_api,57,key_tamper,reject,reject,semantic_mismatch,True,0.015125000000004718
cloud_api,57,project_tamper,reject,reject,semantic_mismatch,True,0.015292000000000083
cloud_api,58,exact_match,accept,accept,approved,True,0.01504200000002065
cloud_api,58,key_tamper,reject,reject,semantic_mismatch,True,0.01508299999999907
cloud_api,58,project_tamper,reject,reject,semantic_mismatch,True,0.015207999999988786
cloud_api,59,exact_match,accept,accept,approved,True,0.015167000000010367
cloud_api,59,key_tamper,reject,reject,semantic_mismatch,True,0.015125000000004718
cloud_api,59,project_tamper,reject,reject,semantic_mismatch,True,0.0154169999999898
cloud_api,60,exact_match,accept,accept,approved,True,0.015165999999983137
cloud_api,60,key_tamper,reject,reject,semantic_mismatch,True,0.015292000000000083
cloud_api,60,project_tamper,reject,reject,semantic_mismatch,True,0.01508299999999907
