trial,adversarial_value_coincided_with_honest_report,k1_legacy_decision,k2_strengthened_decision
0,False,accept,reject
1,True,accept,accept
2,False,accept,reject
3,True,accept,accept
4,False,accept,reject
5,False,accept,reject
6,True,accept,accept
7,False,accept,reject
8,False,accept,reject
9,True,accept,accept
10,False,accept,reject
11,False,accept,reject
12,True,accept,accept
13,True,accept,accept
14,False,accept,reject
15,True,accept,accept
16,True,accept,accept
17,False,accept,reject
18,True,accept,accept
19,False,accept,reject
20,False,accept,reject
21,True,accept,accept
22,True,accept,accept
23,False,accept,reject
24,True,accept,accept
25,True,accept,accept
26,True,accept,accept
27,True,accept,accept
28,False,accept,reject
29,False,accept,reject
30,False,accept,reject
31,True,accept,accept
32,False,accept,reject
33,False,accept,reject
34,False,accept,reject
35,False,accept,reject
36,False,accept,reject
37,False,accept,reject
38,True,accept,accept
39,False,accept,reject
40,True,accept,accept
41,True,accept,accept
42,True,accept,accept
43,True,accept,accept
44,True,accept,accept
45,False,accept,reject
46,False,accept,reject
47,False,accept,reject
48,False,accept,reject
49,True,accept,accept
50,True,accept,accept
51,False,accept,reject
52,False,accept,reject
53,False,accept,reject
54,False,accept,reject
55,False,accept,reject
56,True,accept,accept
57,False,accept,reject
58,False,accept,reject
59,False,accept,reject
60,True,accept,accept
61,True,accept,accept
62,True,accept,accept
63,True,accept,accept
64,True,accept,accept
65,True,accept,accept
66,False,accept,reject
67,False,accept,reject
68,False,accept,reject
69,True,accept,accept
70,True,accept,accept
71,False,accept,reject
72,False,accept,reject
73,True,accept,accept
74,True,accept,accept
75,True,accept,accept
76,False,accept,reject
77,True,accept,accept
78,True,accept,accept
79,False,accept,reject
80,True,accept,accept
81,True,accept,accept
82,False,accept,reject
83,True,accept,accept
84,False,accept,reject
85,True,accept,accept
86,False,accept,reject
87,True,accept,accept
88,False,accept,reject
89,True,accept,accept
90,True,accept,accept
91,False,accept,reject
92,False,accept,reject
93,False,accept,reject
94,True,accept,accept
95,False,accept,reject
96,False,accept,reject
97,True,accept,accept
98,False,accept,reject
99,True,accept,accept
100,True,accept,accept
101,False,accept,reject
102,False,accept,reject
103,True,accept,accept
104,True,accept,accept
105,False,accept,reject
106,False,accept,reject
107,False,accept,reject
108,False,accept,reject
109,True,accept,accept
110,True,accept,accept
111,True,accept,accept
112,False,accept,reject
113,True,accept,accept
114,True,accept,accept
115,False,accept,reject
116,True,accept,accept
117,True,accept,accept
118,False,accept,reject
119,False,accept,reject
120,False,accept,reject
121,True,accept,accept
122,True,accept,accept
123,False,accept,reject
124,False,accept,reject
125,True,accept,accept
126,False,accept,reject
127,False,accept,reject
128,False,accept,reject
129,False,accept,reject
130,False,accept,reject
131,True,accept,accept
132,True,accept,accept
133,False,accept,reject
134,False,accept,reject
135,True,accept,accept
136,False,accept,reject
137,True,accept,accept
138,False,accept,reject
139,True,accept,accept
140,True,accept,accept
141,True,accept,accept
142,True,accept,accept
143,False,accept,reject
144,True,accept,accept
145,False,accept,reject
146,False,accept,reject
147,False,accept,reject
148,False,accept,reject
149,False,accept,reject
150,True,accept,accept
151,True,accept,accept
152,True,accept,accept
153,False,accept,reject
154,False,accept,reject
155,False,accept,reject
156,True,accept,accept
157,False,accept,reject
158,True,accept,accept
159,False,accept,reject
160,True,accept,accept
161,False,accept,reject
162,False,accept,reject
163,False,accept,reject
164,True,accept,accept
165,True,accept,accept
166,True,accept,accept
167,False,accept,reject
168,False,accept,reject
169,True,accept,accept
170,False,accept,reject
171,False,accept,reject
172,True,accept,accept
173,False,accept,reject
174,True,accept,accept
175,False,accept,reject
176,False,accept,reject
177,False,accept,reject
178,False,accept,reject
179,False,accept,reject
180,True,accept,accept
181,True,accept,accept
182,False,accept,reject
183,True,accept,accept
184,True,accept,accept
185,True,accept,accept
186,True,accept,accept
187,True,accept,accept
188,True,accept,accept
189,True,accept,accept
190,True,accept,accept
191,False,accept,reject
192,True,accept,accept
193,True,accept,accept
194,True,accept,accept
195,True,accept,accept
196,False,accept,reject
197,False,accept,reject
198,False,accept,reject
199,False,accept,reject
200,True,accept,accept
201,False,accept,reject
202,True,accept,accept
203,False,accept,reject
204,False,accept,reject
205,False,accept,reject
206,False,accept,reject
207,False,accept,reject
208,True,accept,accept
209,True,accept,accept
210,False,accept,reject
211,True,accept,accept
212,True,accept,accept
213,True,accept,accept
214,True,accept,accept
215,True,accept,accept
216,True,accept,accept
217,True,accept,accept
218,True,accept,accept
219,True,accept,accept
220,False,accept,reject
221,False,accept,reject
222,False,accept,reject
223,True,accept,accept
224,True,accept,accept
225,False,accept,reject
226,False,accept,reject
227,True,accept,accept
228,False,accept,reject
229,False,accept,reject
230,False,accept,reject
231,True,accept,accept
232,True,accept,accept
233,True,accept,accept
234,False,accept,reject
235,True,accept,accept
236,False,accept,reject
237,False,accept,reject
238,True,accept,accept
239,True,accept,accept
240,False,accept,reject
241,False,accept,reject
242,True,accept,accept
243,True,accept,accept
244,False,accept,reject
245,True,accept,accept
246,True,accept,accept
247,True,accept,accept
248,False,accept,reject
249,False,accept,reject
250,False,accept,reject
251,True,accept,accept
252,False,accept,reject
253,False,accept,reject
254,True,accept,accept
255,True,accept,accept
256,True,accept,accept
257,True,accept,accept
258,True,accept,accept
259,False,accept,reject
260,True,accept,accept
261,False,accept,reject
262,True,accept,accept
263,False,accept,reject
264,False,accept,reject
265,False,accept,reject
266,True,accept,accept
267,True,accept,accept
268,True,accept,accept
269,False,accept,reject
270,False,accept,reject
271,False,accept,reject
272,False,accept,reject
273,True,accept,accept
274,True,accept,accept
275,False,accept,reject
276,False,accept,reject
277,True,accept,accept
278,True,accept,accept
279,True,accept,accept
280,True,accept,accept
281,True,accept,accept
282,False,accept,reject
283,False,accept,reject
284,False,accept,reject
285,False,accept,reject
286,True,accept,accept
287,True,accept,accept
288,False,accept,reject
289,True,accept,accept
290,True,accept,accept
291,False,accept,reject
292,True,accept,accept
293,False,accept,reject
294,False,accept,reject
295,True,accept,accept
296,True,accept,accept
297,True,accept,accept
298,True,accept,accept
299,False,accept,reject
