trial,beneficiary_id,legacy_decision,legacy_reason,strengthened_decision,strengthened_reason,check_latency_ms
0,1,accept,,reject,referent_version_mismatch,0.5480830004671589
1,2,accept,,reject,referent_version_mismatch,0.40820900176186115
2,3,accept,,reject,referent_version_mismatch,0.4443749967322219
3,4,accept,,reject,referent_version_mismatch,0.41000000055646524
4,5,accept,,reject,referent_version_mismatch,0.39191700125229545
5,6,accept,,reject,referent_version_mismatch,0.3453329991316423
6,7,accept,,reject,referent_version_mismatch,0.36712500150315464
7,8,accept,,reject,referent_version_mismatch,0.3374580010131467
8,9,accept,,reject,referent_version_mismatch,0.3606669997680001
9,10,accept,,reject,referent_version_mismatch,0.33637500018812716
10,11,accept,,reject,referent_version_mismatch,0.3529999994498212
11,12,accept,,reject,referent_version_mismatch,0.3282090001448523
12,13,accept,,reject,referent_version_mismatch,0.3505000022414606
13,14,accept,,reject,referent_version_mismatch,0.2926250017480925
14,15,accept,,reject,referent_version_mismatch,0.296041998808505
15,16,accept,,reject,referent_version_mismatch,0.35762500192504376
16,17,accept,,reject,referent_version_mismatch,0.3271249988756608
17,18,accept,,reject,referent_version_mismatch,0.30624999999417923
18,19,accept,,reject,referent_version_mismatch,0.29995899967616424
19,20,accept,,reject,referent_version_mismatch,0.2914590004365891
20,21,accept,,reject,referent_version_mismatch,0.3055000015592668
21,22,accept,,reject,referent_version_mismatch,0.3018339994014241
22,23,accept,,reject,referent_version_mismatch,0.2993750022142194
23,24,accept,,reject,referent_version_mismatch,0.310874998831423
24,25,accept,,reject,referent_version_mismatch,0.3202920015610289
25,26,accept,,reject,referent_version_mismatch,0.2998330019181594
26,27,accept,,reject,referent_version_mismatch,0.3250420013500843
27,28,accept,,reject,referent_version_mismatch,0.7059169984131586
28,29,accept,,reject,referent_version_mismatch,0.4622089982149191
29,30,accept,,reject,referent_version_mismatch,0.4566249990602955
30,31,accept,,reject,referent_version_mismatch,0.4742499986605253
31,32,accept,,reject,referent_version_mismatch,0.37654100015060976
32,33,accept,,reject,referent_version_mismatch,0.5015839997213334
33,34,accept,,reject,referent_version_mismatch,0.4474160014069639
34,35,accept,,reject,referent_version_mismatch,0.3364160002092831
35,36,accept,,reject,referent_version_mismatch,0.3605839992815163
36,37,accept,,reject,referent_version_mismatch,0.3431669974816032
37,38,accept,,reject,referent_version_mismatch,0.3787910027313046
38,39,accept,,reject,referent_version_mismatch,0.45737500113318674
39,40,accept,,reject,referent_version_mismatch,0.3778329992201179
40,41,accept,,reject,referent_version_mismatch,0.4692920010711532
41,42,accept,,reject,referent_version_mismatch,0.7359580013144296
42,43,accept,,reject,referent_version_mismatch,0.3774169999815058
43,44,accept,,reject,referent_version_mismatch,0.46512499829987064
44,45,accept,,reject,referent_version_mismatch,0.3157499995722901
45,46,accept,,reject,referent_version_mismatch,0.4211670020595193
46,47,accept,,reject,referent_version_mismatch,0.42454200229258277
47,48,accept,,reject,referent_version_mismatch,0.34049999885610305
48,49,accept,,reject,referent_version_mismatch,0.35079100052826107
49,50,accept,,reject,referent_version_mismatch,0.44491699736681767
50,51,accept,,reject,referent_version_mismatch,0.4156659997534007
51,52,accept,,reject,referent_version_mismatch,0.3834999988612253
52,53,accept,,reject,referent_version_mismatch,0.34874999983003363
53,54,accept,,reject,referent_version_mismatch,0.37404200338642113
54,55,accept,,reject,referent_version_mismatch,0.31762499929754995
55,56,accept,,reject,referent_version_mismatch,0.29962500047986396
56,57,accept,,reject,referent_version_mismatch,0.2994999995280523
57,58,accept,,reject,referent_version_mismatch,0.2901250009017531
58,59,accept,,reject,referent_version_mismatch,0.3012910019606352
59,60,accept,,reject,referent_version_mismatch,0.37075000000186265
60,61,accept,,reject,referent_version_mismatch,0.35195799864595756
61,62,accept,,reject,referent_version_mismatch,0.32070899760583416
62,63,accept,,reject,referent_version_mismatch,0.2927919995272532
63,64,accept,,reject,referent_version_mismatch,0.29141699997126125
64,65,accept,,reject,referent_version_mismatch,0.3115840008831583
65,66,accept,,reject,referent_version_mismatch,0.3026250014954712
66,67,accept,,reject,referent_version_mismatch,0.3085829994233791
67,68,accept,,reject,referent_version_mismatch,0.29258400172693655
68,69,accept,,reject,referent_version_mismatch,0.29733300107182004
69,70,accept,,reject,referent_version_mismatch,0.30304100073408335
70,71,accept,,reject,referent_version_mismatch,0.30937499832361937
71,72,accept,,reject,referent_version_mismatch,0.3232079980080016
72,73,accept,,reject,referent_version_mismatch,0.2933750001830049
73,74,accept,,reject,referent_version_mismatch,0.2962910002679564
74,75,accept,,reject,referent_version_mismatch,0.3062920004595071
75,76,accept,,reject,referent_version_mismatch,0.29875000109313987
76,77,accept,,reject,referent_version_mismatch,0.2966249994642567
77,78,accept,,reject,referent_version_mismatch,0.29474999973899685
78,79,accept,,reject,referent_version_mismatch,0.29712499963352457
79,80,accept,,reject,referent_version_mismatch,0.3108339988102671
80,81,accept,,reject,referent_version_mismatch,0.2917499987233896
81,82,accept,,reject,referent_version_mismatch,0.2917910023825243
82,83,accept,,reject,referent_version_mismatch,0.3081249997194391
83,84,accept,,reject,referent_version_mismatch,0.32108400046126917
84,85,accept,,reject,referent_version_mismatch,0.31320800189860165
85,86,accept,,reject,referent_version_mismatch,0.3063750009459909
86,87,accept,,reject,referent_version_mismatch,0.311332998535363
87,88,accept,,reject,referent_version_mismatch,0.3134580001642462
88,89,accept,,reject,referent_version_mismatch,0.3125000002910383
89,90,accept,,reject,referent_version_mismatch,0.3053340005862992
90,91,accept,,reject,referent_version_mismatch,0.334249998559244
91,92,accept,,reject,referent_version_mismatch,0.30612499904236756
92,93,accept,,reject,referent_version_mismatch,0.3399170018383302
93,94,accept,,reject,referent_version_mismatch,0.3142079985991586
94,95,accept,,reject,referent_version_mismatch,0.3102079972450156
95,96,accept,,reject,referent_version_mismatch,0.3494160009722691
96,97,accept,,reject,referent_version_mismatch,0.3221660008421168
97,98,accept,,reject,referent_version_mismatch,0.3046670026378706
98,99,accept,,reject,referent_version_mismatch,0.39154200203483924
99,100,accept,,reject,referent_version_mismatch,0.3399579982215073
100,101,accept,,reject,referent_version_mismatch,0.3043750002689194
101,102,accept,,reject,referent_version_mismatch,0.30941699878894724
102,103,accept,,reject,referent_version_mismatch,0.301499996567145
103,104,accept,,reject,referent_version_mismatch,0.30833300115773454
104,105,accept,,reject,referent_version_mismatch,0.34433300243108533
105,106,accept,,reject,referent_version_mismatch,0.32862499938346446
106,107,accept,,reject,referent_version_mismatch,0.31800000215298496
107,108,accept,,reject,referent_version_mismatch,0.3038750000996515
108,109,accept,,reject,referent_version_mismatch,0.3280000019003637
109,110,accept,,reject,referent_version_mismatch,0.4279589993529953
110,111,accept,,reject,referent_version_mismatch,0.32341600308427587
111,112,accept,,reject,referent_version_mismatch,0.305417001072783
112,113,accept,,reject,referent_version_mismatch,0.30662500284961425
113,114,accept,,reject,referent_version_mismatch,0.36741700023412704
114,115,accept,,reject,referent_version_mismatch,0.32300000020768493
115,116,accept,,reject,referent_version_mismatch,0.33654100116109475
116,117,accept,,reject,referent_version_mismatch,0.337334000505507
117,118,accept,,reject,referent_version_mismatch,0.40624999746796675
118,119,accept,,reject,referent_version_mismatch,0.328334001096664
119,120,accept,,reject,referent_version_mismatch,0.3303749981569126
120,121,accept,,reject,referent_version_mismatch,0.30095799957052805
121,122,accept,,reject,referent_version_mismatch,0.3063750009459909
122,123,accept,,reject,referent_version_mismatch,0.30766700001549907
123,124,accept,,reject,referent_version_mismatch,0.2953330003947485
124,125,accept,,reject,referent_version_mismatch,0.291959000605857
125,126,accept,,reject,referent_version_mismatch,0.29158300094422884
126,127,accept,,reject,referent_version_mismatch,0.29354200160014443
127,128,accept,,reject,referent_version_mismatch,0.33058400003938004
128,129,accept,,reject,referent_version_mismatch,0.3013339992321562
129,130,accept,,reject,referent_version_mismatch,0.36874999932479113
130,131,accept,,reject,referent_version_mismatch,0.31262500124285
131,132,accept,,reject,referent_version_mismatch,0.2907919988501817
132,133,accept,,reject,referent_version_mismatch,0.30862499988870695
133,134,accept,,reject,referent_version_mismatch,0.2926250017480925
134,135,accept,,reject,referent_version_mismatch,0.3039579969481565
135,136,accept,,reject,referent_version_mismatch,0.29345900111366063
136,137,accept,,reject,referent_version_mismatch,0.32020799699239433
137,138,accept,,reject,referent_version_mismatch,0.3014590001839679
138,139,accept,,reject,referent_version_mismatch,0.30233399957069196
139,140,accept,,reject,referent_version_mismatch,0.3108329983660951
140,141,accept,,reject,referent_version_mismatch,0.2966659994854126
141,142,accept,,reject,referent_version_mismatch,0.3065000018978026
142,143,accept,,reject,referent_version_mismatch,0.4402919985295739
143,144,accept,,reject,referent_version_mismatch,0.5359579990908969
144,145,accept,,reject,referent_version_mismatch,0.43725000068661757
145,146,accept,,reject,referent_version_mismatch,0.41887499901349656
146,147,accept,,reject,referent_version_mismatch,0.4260000023350585
147,148,accept,,reject,referent_version_mismatch,0.9739160013850778
148,149,accept,,reject,referent_version_mismatch,0.42691600174293853
149,150,accept,,reject,referent_version_mismatch,0.4395420000946615
150,151,accept,,reject,referent_version_mismatch,0.42587499774526805
151,152,accept,,reject,referent_version_mismatch,0.3902500029653311
152,153,accept,,reject,referent_version_mismatch,0.44662499931291677
153,154,accept,,reject,referent_version_mismatch,0.9154170002148021
154,155,accept,,reject,referent_version_mismatch,0.46674999975948595
155,156,accept,,reject,referent_version_mismatch,0.5684159987140447
156,157,accept,,reject,referent_version_mismatch,0.4302080014895182
157,158,accept,,reject,referent_version_mismatch,0.39562500023748726
158,159,accept,,reject,referent_version_mismatch,0.4119590012123808
159,160,accept,,reject,referent_version_mismatch,0.46991700219223276
160,161,accept,,reject,referent_version_mismatch,0.456375000794651
161,162,accept,,reject,referent_version_mismatch,0.46149999980116263
162,163,accept,,reject,referent_version_mismatch,0.5078750000393484
163,164,accept,,reject,referent_version_mismatch,0.41508399954182096
164,165,accept,,reject,referent_version_mismatch,0.4063749984197784
165,166,accept,,reject,referent_version_mismatch,0.48129200149560347
166,167,accept,,reject,referent_version_mismatch,0.49374999798601493
167,168,accept,,reject,referent_version_mismatch,0.5170840013306588
168,169,accept,,reject,referent_version_mismatch,0.44266700206208043
169,170,accept,,reject,referent_version_mismatch,0.41920899820979685
170,171,accept,,reject,referent_version_mismatch,0.41095900087384507
171,172,accept,,reject,referent_version_mismatch,0.43487500079208985
172,173,accept,,reject,referent_version_mismatch,0.4510830003709998
173,174,accept,,reject,referent_version_mismatch,0.45366699851001613
174,175,accept,,reject,referent_version_mismatch,0.41766700087464415
175,176,accept,,reject,referent_version_mismatch,0.4545839983620681
176,177,accept,,reject,referent_version_mismatch,0.4363750012998935
177,178,accept,,reject,referent_version_mismatch,0.4462079996301327
178,179,accept,,reject,referent_version_mismatch,0.4407499982335139
179,180,accept,,reject,referent_version_mismatch,0.49358400065102614
180,181,accept,,reject,referent_version_mismatch,0.4097499986528419
181,182,accept,,reject,referent_version_mismatch,0.4680420024669729
182,183,accept,,reject,referent_version_mismatch,0.718708000931656
183,184,accept,,reject,referent_version_mismatch,0.39000000106170774
184,185,accept,,reject,referent_version_mismatch,0.49237499843002297
185,186,accept,,reject,referent_version_mismatch,0.45662500269827433
186,187,accept,,reject,referent_version_mismatch,0.46062500041443855
187,188,accept,,reject,referent_version_mismatch,0.4378340017865412
188,189,accept,,reject,referent_version_mismatch,0.43929200182901695
189,190,accept,,reject,referent_version_mismatch,0.4145419989072252
190,191,accept,,reject,referent_version_mismatch,0.6483750003098976
191,192,accept,,reject,referent_version_mismatch,0.5819589969178196
192,193,accept,,reject,referent_version_mismatch,0.46874999679857865
193,194,accept,,reject,referent_version_mismatch,0.5016249997424893
194,195,accept,,reject,referent_version_mismatch,0.44062500091968104
195,196,accept,,reject,referent_version_mismatch,0.3321249969303608
196,197,accept,,reject,referent_version_mismatch,0.37858300129300915
197,198,accept,,reject,referent_version_mismatch,0.4403340026328806
198,199,accept,,reject,referent_version_mismatch,0.36012499913340434
199,200,accept,,reject,referent_version_mismatch,0.3309169987915084
200,201,accept,,reject,referent_version_mismatch,0.391249999665888
201,202,accept,,reject,referent_version_mismatch,0.36495899985311553
202,203,accept,,reject,referent_version_mismatch,0.3389999983482994
203,204,accept,,reject,referent_version_mismatch,0.43849999929079786
204,205,accept,,reject,referent_version_mismatch,0.34583299930091016
205,206,accept,,reject,referent_version_mismatch,0.3509169982862659
206,207,accept,,reject,referent_version_mismatch,0.3350829974806402
207,208,accept,,reject,referent_version_mismatch,0.3616659996623639
208,209,accept,,reject,referent_version_mismatch,0.31712499912828207
209,210,accept,,reject,referent_version_mismatch,0.38308299917844124
210,211,accept,,reject,referent_version_mismatch,0.3662080016511027
211,212,accept,,reject,referent_version_mismatch,0.49258299986831844
212,213,accept,,reject,referent_version_mismatch,0.33762499879230745
213,214,accept,,reject,referent_version_mismatch,0.30733299718122
214,215,accept,,reject,referent_version_mismatch,0.3499169979477301
215,216,accept,,reject,referent_version_mismatch,0.40262500260723755
216,217,accept,,reject,referent_version_mismatch,0.33729099959600717
217,218,accept,,reject,referent_version_mismatch,0.37508400055230595
218,219,accept,,reject,referent_version_mismatch,0.3614999986893963
219,220,accept,,reject,referent_version_mismatch,0.34341599894105457
220,221,accept,,reject,referent_version_mismatch,0.32162500065169297
221,222,accept,,reject,referent_version_mismatch,0.35758400190388784
222,223,accept,,reject,referent_version_mismatch,0.5967910001345444
223,224,accept,,reject,referent_version_mismatch,0.3698330001498107
224,225,accept,,reject,referent_version_mismatch,0.3476249985396862
225,226,accept,,reject,referent_version_mismatch,0.3920419985661283
226,227,accept,,reject,referent_version_mismatch,0.3885000005539041
227,228,accept,,reject,referent_version_mismatch,0.5324999983713496
228,229,accept,,reject,referent_version_mismatch,0.39170799936982803
229,230,accept,,reject,referent_version_mismatch,0.45529199996963143
230,231,accept,,reject,referent_version_mismatch,0.4518749992712401
231,232,accept,,reject,referent_version_mismatch,0.4447920000529848
232,233,accept,,reject,referent_version_mismatch,0.44549999802256934
233,234,accept,,reject,referent_version_mismatch,0.4831670012208633
234,235,accept,,reject,referent_version_mismatch,0.40033400000538677
235,236,accept,,reject,referent_version_mismatch,0.41595899892854504
236,237,accept,,reject,referent_version_mismatch,0.4376659999252297
237,238,accept,,reject,referent_version_mismatch,0.4797080000571441
238,239,accept,,reject,referent_version_mismatch,0.4331249983806629
239,240,accept,,reject,referent_version_mismatch,0.4132920003030449
240,241,accept,,reject,referent_version_mismatch,0.4516670014709234
241,242,accept,,reject,referent_version_mismatch,0.502583003253676
242,243,accept,,reject,referent_version_mismatch,0.45566700282506645
243,244,accept,,reject,referent_version_mismatch,0.45904099897597916
244,245,accept,,reject,referent_version_mismatch,0.43000000005122274
245,246,accept,,reject,referent_version_mismatch,0.44100000013713725
246,247,accept,,reject,referent_version_mismatch,0.46099999963189475
247,248,accept,,reject,referent_version_mismatch,0.33925000025192276
248,249,accept,,reject,referent_version_mismatch,0.5635829984385055
249,250,accept,,reject,referent_version_mismatch,0.5056669979239814
250,251,accept,,reject,referent_version_mismatch,0.42374999975436367
251,252,accept,,reject,referent_version_mismatch,0.44920800064573996
252,253,accept,,reject,referent_version_mismatch,0.9161659982055426
253,254,accept,,reject,referent_version_mismatch,0.4717919982795138
254,255,accept,,reject,referent_version_mismatch,0.7228750000649597
255,256,accept,,reject,referent_version_mismatch,0.4775420020450838
256,257,accept,,reject,referent_version_mismatch,0.46387499969569035
257,258,accept,,reject,referent_version_mismatch,0.47791700126254
258,259,accept,,reject,referent_version_mismatch,0.7692499966651667
259,260,accept,,reject,referent_version_mismatch,0.4251669997756835
260,261,accept,,reject,referent_version_mismatch,0.46541699703084305
261,262,accept,,reject,referent_version_mismatch,0.8711249975021929
262,263,accept,,reject,referent_version_mismatch,0.5312080029398203
263,264,accept,,reject,referent_version_mismatch,0.5600830008916091
264,265,accept,,reject,referent_version_mismatch,0.46187499901861884
265,266,accept,,reject,referent_version_mismatch,0.7619159987370949
266,267,accept,,reject,referent_version_mismatch,0.8563750016037375
267,268,accept,,reject,referent_version_mismatch,0.8565409989387263
268,269,accept,,reject,referent_version_mismatch,0.8123330007947516
269,270,accept,,reject,referent_version_mismatch,0.7252499999594875
270,271,accept,,reject,referent_version_mismatch,0.6602079993172083
271,272,accept,,reject,referent_version_mismatch,0.7191250006144401
272,273,accept,,reject,referent_version_mismatch,0.747958998545073
273,274,accept,,reject,referent_version_mismatch,0.7000420009717345
274,275,accept,,reject,referent_version_mismatch,0.8039999993343372
275,276,accept,,reject,referent_version_mismatch,0.4733749992738012
276,277,accept,,reject,referent_version_mismatch,0.7431670019286685
277,278,accept,,reject,referent_version_mismatch,0.4612500015355181
278,279,accept,,reject,referent_version_mismatch,0.7060419993649703
279,280,accept,,reject,referent_version_mismatch,0.7944169992697425
280,281,accept,,reject,referent_version_mismatch,0.8002499998838175
281,282,accept,,reject,referent_version_mismatch,0.4256249994796235
282,283,accept,,reject,referent_version_mismatch,0.47737500062794425
283,284,accept,,reject,referent_version_mismatch,0.4682079998019617
284,285,accept,,reject,referent_version_mismatch,0.6716249990859069
285,286,accept,,reject,referent_version_mismatch,0.7274160016095266
286,287,accept,,reject,referent_version_mismatch,0.44466699910117313
287,288,accept,,reject,referent_version_mismatch,0.4633329990610946
288,289,accept,,reject,referent_version_mismatch,0.6806250021327287
289,290,accept,,reject,referent_version_mismatch,0.756041998101864
290,291,accept,,reject,referent_version_mismatch,0.7614580026711337
291,292,accept,,reject,referent_version_mismatch,0.5474999998114072
292,293,accept,,reject,referent_version_mismatch,0.4250839992891997
293,294,accept,,reject,referent_version_mismatch,0.7084579992806539
294,295,accept,,reject,referent_version_mismatch,0.3814170013356488
295,296,accept,,reject,referent_version_mismatch,0.5928329992457293
296,297,accept,,reject,referent_version_mismatch,0.6813750005676411
297,298,accept,,reject,referent_version_mismatch,0.47833399730734527
298,299,accept,,reject,referent_version_mismatch,0.4538749999483116
299,300,accept,,reject,referent_version_mismatch,0.6632910008192994
