parameter_count,complexity,sample,intent_bytes,canonicalization_us,signature_us,verification_us,operation_us,verified
5,flat,0,328,73.0,4217.708,129.042,4423.0,True
5,flat,1,328,38.375,44.542,96.709,180.667,True
5,flat,2,328,23.042,39.875,95.0,158.917,True
5,flat,3,328,19.709,38.209,96.125,155.042,True
5,flat,4,328,19.708,38.542,94.292,153.416,True
5,flat,5,328,19.292,37.542,96.0,153.833,True
5,flat,6,328,19.125,37.834,103.958,161.916,True
5,flat,7,328,19.542,38.917,103.167,162.792,True
5,flat,8,328,19.0,38.583,94.417,152.959,True
5,flat,9,328,19.083,37.292,96.0,153.416,True
5,flat,10,328,19.125,38.75,100.041,158.917,True
5,flat,11,328,20.917,38.083,95.709,155.709,True
5,flat,12,328,18.75,38.0,116.959,174.75,True
5,flat,13,328,19.959,39.792,103.5,164.209,True
5,flat,14,328,19.0,38.5,95.834,154.375,True
5,flat,15,328,18.791,37.667,94.25,151.708,True
5,flat,16,328,18.75,37.75,94.0,151.459,True
5,flat,17,328,18.833,37.417,94.042,151.208,True
5,flat,18,328,18.625,37.291,94.166,151.083,True
5,flat,19,328,18.75,59.542,97.5,176.833,True
5,flat,20,328,19.083,38.416,94.541,153.0,True
5,flat,21,328,18.792,37.209,94.042,150.917,True
5,flat,22,328,20.583,37.791,94.208,153.5,True
5,flat,23,328,21.625,38.292,94.167,155.041,True
5,flat,24,328,19.042,36.959,94.083,151.042,True
5,flat,25,328,21.125,37.625,103.791,163.625,True
5,flat,26,328,19.375,38.458,94.083,152.834,True
5,flat,27,328,18.791,43.917,94.042,157.666,True
5,flat,28,328,18.834,37.042,93.834,150.667,True
5,flat,29,328,19.333,37.375,102.208,159.791,True
5,flat,30,328,18.917,37.541,94.125,151.5,True
5,flat,31,328,18.292,37.041,94.125,150.375,True
5,flat,32,328,28.709,38.667,107.291,175.584,True
5,flat,33,328,18.75,37.792,93.959,151.417,True
5,flat,34,328,18.5,37.041,94.167,150.583,True
5,flat,35,328,18.584,37.084,93.958,150.542,True
5,flat,36,328,18.458,36.917,93.875,150.208,True
5,flat,37,328,18.583,36.917,94.041,150.375,True
5,flat,38,328,20.542,37.583,103.625,162.75,True
5,flat,39,328,18.958,38.417,94.166,152.375,True
5,flat,40,328,18.416,37.125,93.916,150.333,True
5,flat,41,328,18.625,37.083,93.875,150.458,True
5,flat,42,328,18.291,36.958,93.875,150.041,True
5,flat,43,328,18.458,37.0,93.875,150.167,True
5,flat,44,328,20.25,37.542,103.041,161.833,True
5,flat,45,328,18.958,38.125,94.041,152.042,True
5,flat,46,328,18.417,36.834,93.708,149.833,True
5,flat,47,328,18.5,37.041,93.916,150.417,True
5,flat,48,328,20.167,37.833,93.709,152.583,True
5,flat,49,328,18.375,36.958,93.833,150.125,True
5,flat,50,328,18.5,37.0,94.0,150.375,True
5,flat,51,328,20.417,37.834,104.875,164.167,True
5,flat,52,328,19.0,54.709,95.083,169.792,True
5,flat,53,328,20.417,37.792,93.791,152.833,True
5,flat,54,328,18.458,37.042,93.834,150.208,True
5,flat,55,328,18.25,45.5,94.708,159.459,True
5,flat,56,328,18.708,37.083,94.0,150.666,True
5,flat,57,328,30.416,37.625,103.042,172.042,True
5,flat,58,328,19.0,38.709,94.042,152.625,True
5,flat,59,328,18.416,37.167,93.75,150.209,True
5,flat,60,328,18.5,36.917,94.167,150.5,True
5,flat,61,328,18.708,37.0,93.792,150.416,True
5,flat,62,328,18.542,36.916,93.833,150.167,True
5,flat,63,328,18.458,37.166,93.958,150.458,True
5,flat,64,328,44.75,39.208,94.0,179.0,True
5,flat,65,328,20.333,37.833,94.042,153.083,True
5,flat,66,328,18.5,36.958,93.958,150.25,True
5,flat,67,328,18.458,36.917,93.875,150.083,True
5,flat,68,328,21.583,37.208,94.041,153.75,True
5,flat,69,328,17.416,36.917,94.125,149.292,True
5,flat,70,328,16.958,36.833,102.875,157.667,True
5,flat,71,328,17.458,38.208,93.917,150.5,True
5,flat,72,328,16.584,37.0,93.708,148.209,True
5,flat,73,328,19.625,37.459,93.875,152.0,True
5,flat,74,328,17.209,37.25,94.167,149.667,True
5,flat,75,328,16.959,36.917,93.875,148.666,True
5,flat,76,328,16.75,36.875,93.959,148.541,True
5,flat,77,328,16.875,46.125,95.458,159.542,True
5,flat,78,328,19.042,37.792,93.834,151.667,True
5,flat,79,328,16.792,36.958,93.791,148.459,True
5,flat,80,328,16.625,37.042,93.834,148.417,True
5,flat,81,328,16.583,37.0,93.875,148.333,True
5,flat,82,328,16.625,36.75,93.709,148.0,True
5,flat,83,328,16.708,36.917,102.417,157.0,True
5,flat,84,328,17.333,38.25,93.875,150.375,True
5,flat,85,328,16.709,37.209,93.834,148.667,True
5,flat,86,328,18.291,37.458,93.709,150.458,True
5,flat,87,328,16.541,36.833,93.75,148.083,True
5,flat,88,328,16.625,36.875,93.667,148.083,True
5,flat,89,328,16.5,36.875,94.084,148.375,True
5,flat,90,328,17.0,36.792,103.625,158.292,True
5,flat,91,328,18.917,38.167,93.791,151.75,True
5,flat,92,328,16.667,36.875,94.041,148.542,True
5,flat,93,328,16.75,36.791,94.042,148.458,True
5,flat,94,328,16.625,36.917,97.75,152.208,True
5,flat,95,328,16.542,37.416,94.0,148.875,True
5,flat,96,328,16.708,37.041,102.875,157.625,True
5,flat,97,328,17.125,38.166,94.083,150.292,True
5,flat,98,328,16.583,37.208,94.083,148.75,True
5,flat,99,328,18.667,37.542,94.042,151.167,True
5,flat,100,328,16.583,36.958,94.084,148.583,True
5,flat,101,328,16.625,36.917,93.709,148.125,True
5,flat,102,328,16.75,36.917,93.75,148.292,True
5,flat,103,328,16.583,36.958,102.667,157.167,True
5,flat,104,328,18.833,38.5,94.083,152.334,True
5,flat,105,328,16.542,36.959,93.75,148.125,True
5,flat,106,328,16.583,37.458,94.125,149.083,True
5,flat,107,328,16.583,36.916,93.916,148.292,True
5,flat,108,328,16.625,37.0,93.875,148.333,True
5,flat,109,328,16.833,37.25,94.625,149.625,True
5,flat,110,328,16.5,46.834,95.792,160.125,True
5,flat,111,328,16.709,37.25,93.958,148.834,True
5,flat,112,328,16.666,36.958,93.834,148.416,True
5,flat,113,328,16.834,36.958,93.875,148.584,True
5,flat,114,328,16.625,37.167,93.916,148.583,True
5,flat,115,328,16.709,36.834,93.875,148.292,True
5,flat,116,328,16.666,37.083,102.833,157.5,True
5,flat,117,328,19.834,38.542,93.916,153.167,True
5,flat,118,328,16.708,36.916,93.917,148.458,True
5,flat,119,328,16.667,37.042,93.791,148.417,True
5,flat,120,328,16.667,36.959,93.709,148.166,True
5,flat,121,328,16.5,36.708,93.833,147.959,True
5,flat,122,328,16.583,37.0,93.917,148.375,True
5,flat,123,328,16.625,36.75,104.166,158.5,True
5,flat,124,328,18.792,37.917,94.209,151.833,True
5,flat,125,328,16.625,36.958,93.75,148.334,True
5,flat,126,328,16.625,37.0,93.792,148.291,True
5,flat,127,328,16.709,36.792,93.875,148.292,True
5,flat,128,328,16.625,36.916,94.0,148.458,True
5,flat,129,328,16.667,37.5,102.833,157.959,True
5,flat,130,328,17.5,38.291,94.0,150.709,True
5,flat,131,328,19.5,37.666,94.083,152.167,True
5,flat,132,328,17.042,37.292,94.125,149.375,True
5,flat,133,328,16.708,37.208,94.042,148.875,True
5,flat,134,328,16.875,36.834,93.958,148.625,True
5,flat,135,328,16.875,39.25,93.875,150.875,True
5,flat,136,328,17.084,37.209,103.209,158.417,True
5,flat,137,328,17.291,38.917,93.75,150.833,True
5,flat,138,328,16.875,37.291,93.833,148.917,True
5,flat,139,328,16.833,37.875,93.708,149.292,True
5,flat,140,328,16.625,37.125,93.75,148.417,True
5,flat,141,328,16.625,37.0,108.875,163.375,True
5,flat,142,328,16.875,37.458,102.667,157.959,True
5,flat,143,328,17.334,38.334,94.0,150.542,True
5,flat,144,328,17.708,36.958,93.708,149.25,True
5,flat,145,328,18.916,37.833,93.75,151.333,True
5,flat,146,328,17.042,36.959,93.833,148.834,True
5,flat,147,328,17.292,36.959,93.792,148.917,True
5,flat,148,328,17.208,37.375,93.917,149.416,True
5,flat,149,328,16.875,37.666,103.0,158.458,True
5,flat,150,328,18.958,38.709,94.0,152.583,True
5,flat,151,328,16.625,37.125,94.167,148.75,True
5,flat,152,328,16.417,37.25,94.125,148.667,True
5,flat,153,328,16.667,37.0,93.917,148.458,True
5,flat,154,328,16.583,37.625,94.0,149.125,True
5,flat,155,328,16.542,37.25,94.041,148.75,True
5,flat,156,328,16.459,46.792,95.291,159.542,True
5,flat,157,328,18.667,37.583,94.083,151.208,True
5,flat,158,328,16.583,37.0,93.958,148.417,True
5,flat,159,328,16.541,37.125,93.917,148.541,True
5,flat,160,328,16.667,37.042,97.375,151.958,True
5,flat,161,328,16.75,37.417,93.917,148.958,True
5,flat,162,328,16.708,36.916,102.708,157.25,True
5,flat,163,328,16.917,38.209,93.917,149.916,True
5,flat,164,328,16.542,36.959,110.75,165.083,True
5,flat,165,328,16.667,37.5,93.959,148.958,True
5,flat,166,328,16.583,36.875,93.792,148.125,True
5,flat,167,328,32.208,37.791,94.042,164.916,True
5,flat,168,328,16.667,36.958,93.75,148.208,True
5,flat,169,328,16.541,58.792,106.833,183.125,True
5,flat,170,328,18.792,38.084,93.917,151.667,True
5,flat,171,328,16.458,37.125,93.917,148.416,True
5,flat,172,328,16.542,36.958,93.959,148.333,True
5,flat,173,328,16.666,37.333,94.25,149.125,True
5,flat,174,328,16.542,37.166,93.833,148.417,True
5,flat,175,328,29.458,39.375,115.084,185.125,True
5,flat,176,328,17.334,49.75,94.167,162.292,True
5,flat,177,328,16.792,37.208,93.875,148.792,True
5,flat,178,328,16.625,37.0,93.833,148.375,True
5,flat,179,328,16.541,36.958,93.958,148.375,True
5,flat,180,328,16.583,36.958,94.0,148.375,True
5,flat,181,328,16.542,37.125,124.167,178.791,True
5,flat,182,328,17.25,38.541,94.0,150.708,True
5,flat,183,328,16.625,37.0,94.458,148.959,True
5,flat,184,328,18.5,37.667,93.833,150.875,True
5,flat,185,328,16.583,37.083,94.0,148.542,True
5,flat,186,328,16.708,37.083,93.916,148.625,True
5,flat,187,328,16.625,36.916,94.0,148.458,True
5,flat,188,328,16.541,46.375,104.625,168.583,True
5,flat,189,328,16.708,37.792,93.834,149.208,True
5,flat,190,328,18.958,37.75,93.958,151.583,True
5,flat,191,328,16.667,37.041,93.792,148.333,True
5,flat,192,328,16.541,36.917,93.875,148.208,True
5,flat,193,328,16.584,37.0,93.708,148.209,True
5,flat,194,328,16.625,37.084,102.792,157.375,True
5,flat,195,328,17.0,38.291,94.041,150.25,True
5,flat,196,328,16.75,36.833,93.958,148.417,True
5,flat,197,328,18.75,37.667,93.792,151.084,True
5,flat,198,328,16.667,37.167,93.833,148.583,True
5,flat,199,328,16.583,37.125,94.083,148.666,True
5,nested,0,404,44.833,42.416,95.166,183.584,True
5,nested,1,404,35.125,38.166,94.125,168.417,True
5,nested,2,404,33.709,37.5,94.0,166.167,True
5,nested,3,404,33.5,47.875,95.75,178.208,True
5,nested,4,404,33.75,37.625,94.041,166.375,True
5,nested,5,404,33.041,38.083,94.041,166.166,True
5,nested,6,404,33.25,37.209,94.125,165.541,True
5,nested,7,404,32.958,37.083,93.875,164.833,True
5,nested,8,404,36.708,38.042,94.0,169.792,True
5,nested,9,404,33.083,46.25,95.458,175.875,True
5,nested,10,404,33.917,37.542,94.083,166.416,True
5,nested,11,404,32.791,37.0,94.125,164.791,True
5,nested,12,404,32.959,37.417,93.792,165.084,True
5,nested,13,404,32.958,36.875,93.875,164.583,True
5,nested,14,404,32.792,37.208,94.083,164.958,True
5,nested,15,404,34.667,46.667,95.333,177.667,True
5,nested,16,404,34.791,38.041,93.958,167.75,True
5,nested,17,404,32.125,37.209,93.834,164.042,True
5,nested,18,404,31.917,37.334,94.209,164.417,True
5,nested,19,404,32.042,41.084,94.25,168.417,True
5,nested,20,404,31.958,37.292,94.042,164.25,True
5,nested,21,404,42.5,39.125,94.041,176.625,True
5,nested,22,404,32.25,37.209,93.959,164.291,True
5,nested,23,404,33.917,37.708,94.0,166.667,True
5,nested,24,404,31.958,37.292,93.875,164.042,True
5,nested,25,404,31.75,37.0,93.958,163.625,True
5,nested,26,404,31.791,37.292,93.959,163.958,True
5,nested,27,404,40.75,38.834,93.917,174.5,True
5,nested,28,404,32.417,37.208,94.167,164.709,True
5,nested,29,404,32.041,37.208,93.958,164.166,True
5,nested,30,404,31.583,37.291,93.958,163.75,True
5,nested,31,404,31.792,37.042,93.792,163.583,True
5,nested,32,404,32.041,37.333,94.125,164.416,True
5,nested,33,404,40.75,39.0,94.416,175.167,True
5,nested,34,404,32.292,37.334,93.875,164.417,True
5,nested,35,404,33.833,38.0,93.917,166.75,True
5,nested,36,404,31.875,37.25,94.083,164.125,True
5,nested,37,404,31.792,37.458,94.0,164.25,True
5,nested,38,404,31.291,36.958,93.75,162.916,True
5,nested,39,404,40.625,38.708,93.958,174.458,True
5,nested,40,404,31.875,37.041,93.916,163.792,True
5,nested,41,404,31.834,37.167,94.125,164.125,True
5,nested,42,404,31.833,37.125,93.625,163.5,True
5,nested,43,404,31.875,37.208,93.792,163.833,True
5,nested,44,404,31.834,37.167,93.958,163.875,True
5,nested,45,404,40.667,38.875,94.208,174.75,True
5,nested,46,404,31.917,37.167,93.917,163.958,True
5,nested,47,404,31.833,37.041,94.0,163.792,True
5,nested,48,404,33.708,37.791,93.875,166.25,True
5,nested,49,404,33.917,38.292,93.625,166.75,True
5,nested,50,404,31.625,37.042,94.042,163.583,True
5,nested,51,404,41.458,38.667,94.042,175.208,True
5,nested,52,404,32.042,37.292,93.625,163.834,True
5,nested,53,404,32.041,37.417,93.75,164.125,True
5,nested,54,404,31.958,37.292,93.959,164.125,True
5,nested,55,404,31.75,37.167,93.916,163.709,True
5,nested,56,404,31.667,37.125,93.792,163.5,True
5,nested,57,404,41.166,46.208,95.125,183.542,True
5,nested,58,404,32.042,37.167,93.834,164.0,True
5,nested,59,404,31.834,37.209,109.125,179.042,True
5,nested,60,404,31.958,37.625,103.416,173.875,True
5,nested,61,404,33.958,38.333,106.084,179.333,True
5,nested,62,404,32.084,37.292,103.209,173.542,True
5,nested,63,404,32.625,38.459,94.042,166.041,True
5,nested,64,404,32.167,36.959,93.917,163.958,True
5,nested,65,404,31.875,37.166,93.958,163.958,True
5,nested,66,404,31.708,36.916,108.625,178.166,True
5,nested,67,404,32.0,37.625,94.041,164.625,True
5,nested,68,404,31.666,37.125,102.583,172.375,True
5,nested,69,404,32.666,38.583,93.917,166.083,True
5,nested,70,404,31.75,37.042,93.958,163.625,True
5,nested,71,404,31.916,37.208,93.875,163.958,True
5,nested,72,404,31.916,37.125,93.833,163.75,True
5,nested,73,404,31.791,37.167,93.792,163.667,True
5,nested,74,404,34.792,37.708,102.625,176.083,True
5,nested,75,404,33.042,38.75,94.125,166.917,True
5,nested,76,404,31.792,37.125,93.917,163.792,True
5,nested,77,404,32.167,37.375,110.625,181.125,True
5,nested,78,404,32.166,37.583,97.291,168.0,True
5,nested,79,404,32.041,54.042,94.5,181.5,True
5,nested,80,404,33.75,46.792,95.542,177.166,True
5,nested,81,404,32.167,37.666,94.083,164.792,True
5,nested,82,404,32.042,37.083,94.042,164.084,True
5,nested,83,404,31.792,37.209,93.875,163.75,True
5,nested,84,404,31.917,37.167,93.875,163.791,True
5,nested,85,404,31.958,37.333,93.791,163.917,True
5,nested,86,404,31.75,46.0,95.667,174.375,True
5,nested,87,404,32.125,37.584,94.0,164.583,True
5,nested,88,404,33.709,37.709,94.042,166.333,True
5,nested,89,404,31.791,37.125,93.916,163.708,True
5,nested,90,404,31.708,37.167,93.959,163.708,True
5,nested,91,404,31.834,37.25,93.958,163.959,True
5,nested,92,404,31.625,45.958,95.375,173.958,True
5,nested,93,404,32.25,37.666,94.0,164.792,True
5,nested,94,404,31.708,37.083,93.875,163.5,True
5,nested,95,404,31.625,37.166,93.958,163.667,True
5,nested,96,404,31.917,37.042,93.875,163.708,True
5,nested,97,404,32.042,37.625,93.958,164.584,True
5,nested,98,404,31.542,45.75,95.291,173.625,True
5,nested,99,404,32.083,37.667,93.833,164.458,True
5,nested,100,404,33.666,37.416,94.0,166.0,True
5,nested,101,404,33.583,38.0,93.792,166.25,True
5,nested,102,404,31.667,37.208,93.791,163.542,True
5,nested,103,404,31.917,37.25,93.875,163.959,True
5,nested,104,404,31.833,46.0,95.334,174.208,True
5,nested,105,404,32.375,37.708,94.083,165.0,True
5,nested,106,404,31.791,37.042,94.0,163.667,True
5,nested,107,404,32.042,37.333,93.75,163.958,True
5,nested,108,404,31.791,37.0,93.958,163.625,True
5,nested,109,404,31.625,37.292,93.958,163.75,True
5,nested,110,404,31.583,45.75,95.291,173.667,True
5,nested,111,404,32.166,37.5,94.125,164.708,True
5,nested,112,404,31.709,37.084,93.75,163.417,True
5,nested,113,404,31.542,37.291,93.917,163.583,True
5,nested,114,404,33.208,37.541,93.916,165.625,True
5,nested,115,404,31.958,37.292,94.0,164.208,True
5,nested,116,404,31.625,46.084,95.209,173.958,True
5,nested,117,404,32.417,37.334,93.959,164.583,True
5,nested,118,404,31.958,37.166,93.792,163.75,True
5,nested,119,404,31.666,37.208,94.083,163.833,True
5,nested,120,404,31.75,37.166,93.833,163.667,True
5,nested,121,404,31.917,37.292,94.0,164.083,True
5,nested,122,404,31.625,46.083,95.541,174.167,True
5,nested,123,404,32.167,37.75,94.0,164.75,True
5,nested,124,404,32.0,37.041,93.75,163.75,True
5,nested,125,404,35.0,37.917,93.959,167.708,True
5,nested,126,404,31.541,37.125,93.75,163.292,True
5,nested,127,404,33.291,37.875,93.792,165.875,True
5,nested,128,404,31.75,46.208,95.333,174.292,True
5,nested,129,404,31.959,37.5,93.791,164.167,True
5,nested,130,404,31.917,36.917,93.75,163.458,True
5,nested,131,404,31.75,37.292,93.875,163.792,True
5,nested,132,404,31.625,37.0,93.833,163.292,True
5,nested,133,404,31.5,37.292,94.083,163.75,True
5,nested,134,404,31.708,45.958,95.208,173.875,True
5,nested,135,404,32.042,219.709,100.958,353.75,True
5,nested,136,404,37.416,40.458,94.667,173.416,True
5,nested,137,404,32.709,38.458,94.459,166.458,True
5,nested,138,404,31.792,37.375,93.917,163.959,True
5,nested,139,404,44.542,39.833,94.084,179.541,True
5,nested,140,404,31.959,37.459,94.417,164.709,True
5,nested,141,404,35.125,37.834,94.0,167.875,True
5,nested,142,404,31.958,37.166,93.708,163.708,True
5,nested,143,404,32.0,37.333,94.25,164.458,True
5,nested,144,404,33.666,37.833,93.875,166.291,True
5,nested,145,404,41.75,39.25,93.833,175.834,True
5,nested,146,404,31.917,37.166,93.833,163.792,True
5,nested,147,404,31.959,37.25,93.875,164.0,True
5,nested,148,404,31.791,37.083,93.833,163.541,True
5,nested,149,404,32.041,37.583,94.166,164.75,True
5,nested,150,404,32.0,39.583,94.0,166.5,True
5,nested,151,404,43.542,38.958,94.0,177.5,True
5,nested,152,404,31.959,37.459,93.917,164.209,True
5,nested,153,404,31.958,37.0,93.875,163.75,True
5,nested,154,404,33.792,37.834,93.917,166.458,True
5,nested,155,404,31.959,36.959,94.0,163.75,True
5,nested,156,404,32.083,37.166,102.833,173.041,True
5,nested,157,404,32.459,38.167,94.166,165.667,True
5,nested,158,404,31.958,37.25,94.083,164.167,True
5,nested,159,404,31.833,37.042,93.875,163.625,True
5,nested,160,404,32.084,37.084,93.958,164.042,True
5,nested,161,404,32.0,37.208,120.083,190.167,True
5,nested,162,404,32.5,37.792,102.666,173.916,True
5,nested,163,404,32.667,38.166,109.292,181.0,True
5,nested,164,404,32.084,37.584,93.917,164.5,True
5,nested,165,404,32.125,37.041,93.917,163.875,True
5,nested,166,404,32.083,37.375,93.834,164.125,True
5,nested,167,404,34.0,37.75,93.917,166.583,True
5,nested,168,404,32.375,36.917,102.75,173.0,True
5,nested,169,404,32.75,38.125,94.125,165.833,True
5,nested,170,404,32.25,37.209,94.042,164.375,True
5,nested,171,404,32.458,37.125,93.917,164.417,True
5,nested,172,404,32.208,37.208,93.916,164.208,True
5,nested,173,404,31.792,37.291,94.0,163.917,True
5,nested,174,404,32.041,37.167,102.792,172.958,True
5,nested,175,404,32.417,38.291,94.0,165.584,True
5,nested,176,404,34.042,37.667,93.834,166.458,True
5,nested,177,404,32.375,37.417,93.875,164.584,True
5,nested,178,404,31.958,37.042,93.959,163.833,True
5,nested,179,404,43.708,37.875,100.291,182.75,True
5,nested,180,404,33.625,38.084,102.959,175.667,True
5,nested,181,404,32.541,38.375,94.0,165.791,True
5,nested,182,404,31.541,37.125,94.041,163.583,True
5,nested,183,404,31.667,37.291,93.833,163.667,True
5,nested,184,404,31.625,37.125,93.834,163.458,True
5,nested,185,404,31.834,37.125,93.792,163.625,True
5,nested,186,404,31.958,36.875,102.583,172.333,True
5,nested,187,404,32.333,38.291,93.833,165.375,True
5,nested,188,404,31.541,37.083,94.042,163.5,True
5,nested,189,404,31.917,37.125,93.917,163.791,True
5,nested,190,404,31.875,37.084,93.792,163.584,True
5,nested,191,404,32.125,37.25,93.791,164.0,True
5,nested,192,404,31.792,37.125,109.625,179.542,True
5,nested,193,404,32.583,39.0,93.959,166.458,True
5,nested,194,404,33.208,37.625,97.166,168.959,True
5,nested,195,404,31.667,37.709,93.875,164.083,True
5,nested,196,404,31.667,36.917,93.833,163.292,True
5,nested,197,404,31.792,37.417,94.0,164.041,True
5,nested,198,404,31.584,37.042,103.125,172.709,True
5,nested,199,404,32.417,38.333,94.125,165.75,True
20,flat,0,688,30.042,41.0,103.917,176.084,True
20,flat,1,688,26.5,39.083,94.166,160.709,True
20,flat,2,688,25.291,37.833,94.292,158.416,True
20,flat,3,688,24.916,37.417,96.834,160.083,True
20,flat,4,688,24.833,37.375,94.041,157.291,True
20,flat,5,688,24.792,37.458,94.125,157.334,True
20,flat,6,688,25.0,37.583,94.375,157.875,True
20,flat,7,688,44.041,39.25,94.416,178.75,True
20,flat,8,688,24.541,37.375,94.125,157.0,True
20,flat,9,688,24.792,37.375,94.208,157.334,True
20,flat,10,688,24.667,37.375,94.292,157.292,True
20,flat,11,688,24.75,37.584,94.5,157.75,True
20,flat,12,688,24.709,37.625,94.375,157.667,True
20,flat,13,688,24.791,46.833,95.084,167.625,True
20,flat,14,688,24.916,37.417,94.083,157.334,True
20,flat,15,688,24.625,37.459,94.292,157.291,True
20,flat,16,688,24.834,37.167,94.5,157.375,True
20,flat,17,688,24.708,37.833,94.125,157.542,True
20,flat,18,688,24.875,37.5,94.208,157.5,True
20,flat,19,688,31.666,46.625,96.625,175.875,True
20,flat,20,688,27.25,48.958,94.791,171.917,True
20,flat,21,688,24.875,37.625,94.167,157.5,True
20,flat,22,688,24.917,37.417,94.334,157.583,True
20,flat,23,688,25.0,37.5,94.25,157.708,True
20,flat,24,688,25.125,37.542,94.292,157.875,True
20,flat,25,688,24.792,37.375,102.917,166.084,True
20,flat,26,688,28.625,39.0,94.084,162.583,True
20,flat,27,688,24.708,37.417,94.333,157.375,True
20,flat,28,688,24.667,37.416,94.166,157.167,True
20,flat,29,688,24.5,37.667,94.041,157.125,True
20,flat,30,688,24.625,37.5,94.125,157.042,True
20,flat,31,688,24.541,37.5,102.917,165.958,True
20,flat,32,688,25.167,38.541,94.125,158.708,True
20,flat,33,688,27.958,38.375,94.125,161.375,True
20,flat,34,688,24.667,37.333,94.334,157.25,True
20,flat,35,688,24.708,37.417,94.333,157.333,True
20,flat,36,688,24.708,37.292,108.917,171.75,True
20,flat,37,688,24.834,38.0,103.25,167.125,True
20,flat,38,688,25.125,38.791,94.417,159.208,True
20,flat,39,688,24.584,37.5,94.416,157.375,True
20,flat,40,688,24.625,37.541,94.333,157.375,True
20,flat,41,688,24.917,38.041,94.25,158.083,True
20,flat,42,688,24.708,37.375,94.416,157.375,True
20,flat,43,688,24.625,37.458,94.334,157.291,True
20,flat,44,688,33.5,39.042,94.292,167.792,True
20,flat,45,688,24.792,37.625,94.458,157.834,True
20,flat,46,688,24.541,37.541,94.25,157.291,True
20,flat,47,688,26.542,37.917,94.25,159.667,True
20,flat,48,688,24.541,37.458,94.333,157.208,True
20,flat,49,688,24.583,37.458,94.167,157.041,True
20,flat,50,688,24.584,46.459,95.959,168.0,True
20,flat,51,688,24.75,37.791,94.25,157.75,True
20,flat,52,688,26.5,37.875,97.5,162.834,True
20,flat,53,688,24.708,37.667,94.542,157.791,True
20,flat,54,688,24.542,37.458,94.166,157.042,True
20,flat,55,688,39.833,38.125,94.333,173.209,True
20,flat,56,688,24.833,37.5,103.167,166.417,True
20,flat,57,688,25.333,38.875,109.458,174.667,True
20,flat,58,688,24.75,38.0,94.292,158.0,True
20,flat,59,688,24.584,37.542,94.333,157.459,True
20,flat,60,688,27.041,37.916,94.208,160.042,True
20,flat,61,688,24.667,37.584,94.125,157.292,True
20,flat,62,688,24.542,37.375,102.917,165.792,True
20,flat,63,688,25.125,38.625,94.417,159.042,True
20,flat,64,688,24.5,37.458,108.708,171.542,True
20,flat,65,688,25.0,37.708,93.959,157.541,True
20,flat,66,688,24.625,37.458,94.125,157.167,True
20,flat,67,688,24.458,37.416,94.291,157.083,True
20,flat,68,688,24.542,37.417,102.958,165.833,True
20,flat,69,688,25.25,38.583,94.291,159.084,True
20,flat,70,688,24.583,37.416,94.208,157.084,True
20,flat,71,688,24.666,37.625,94.041,157.208,True
20,flat,72,688,24.708,37.5,94.0,157.125,True
20,flat,73,688,26.667,38.083,94.25,159.917,True
20,flat,74,688,24.625,37.625,102.875,166.125,True
20,flat,75,688,41.625,39.375,109.083,191.0,True
20,flat,76,688,25.0,37.958,94.333,158.25,True
20,flat,77,688,26.875,37.834,103.25,169.167,True
20,flat,78,688,24.708,37.875,94.208,157.75,True
20,flat,79,688,24.541,37.542,94.458,157.458,True
20,flat,80,688,24.542,37.541,103.25,166.334,True
20,flat,81,688,25.166,38.75,94.375,159.166,True
20,flat,82,688,24.708,37.542,94.667,157.791,True
20,flat,83,688,26.917,37.917,94.25,160.0,True
20,flat,84,688,24.667,37.458,94.334,157.375,True
20,flat,85,688,24.584,37.209,94.25,157.0,True
20,flat,86,688,26.5,38.125,94.0,159.5,True
20,flat,87,688,33.084,39.042,94.25,167.333,True
20,flat,88,688,24.75,37.542,94.208,157.375,True
20,flat,89,688,24.625,37.917,94.375,157.75,True
20,flat,90,688,24.542,37.375,94.25,157.084,True
20,flat,91,688,24.5,37.25,94.167,156.834,True
20,flat,92,688,24.584,37.334,94.0,156.875,True
20,flat,93,688,24.583,37.417,104.375,167.416,True
20,flat,94,688,24.875,37.959,94.375,158.083,True
20,flat,95,688,24.75,37.084,94.375,157.083,True
20,flat,96,688,24.875,37.334,94.25,157.334,True
20,flat,97,688,24.542,37.333,94.209,157.042,True
20,flat,98,688,24.791,37.458,94.208,157.375,True
20,flat,99,688,24.792,37.541,102.916,166.209,True
20,flat,100,688,26.833,39.0,94.334,161.083,True
20,flat,101,688,24.833,37.417,94.25,157.417,True
20,flat,102,688,26.375,37.875,94.083,159.25,True
20,flat,103,688,24.667,37.416,94.125,157.167,True
20,flat,104,688,24.542,37.459,94.167,157.0,True
20,flat,105,688,24.708,37.291,103.083,166.0,True
20,flat,106,688,25.041,38.458,94.333,158.791,True
20,flat,107,688,24.667,37.583,94.458,157.584,True
20,flat,108,688,24.5,37.333,94.208,156.917,True
20,flat,109,688,24.458,37.458,94.208,157.041,True
20,flat,110,688,24.667,37.334,94.25,157.167,True
20,flat,111,688,24.542,37.334,94.583,157.417,True
20,flat,112,688,33.708,39.417,94.416,168.458,True
20,flat,113,688,26.958,37.875,94.208,159.958,True
20,flat,114,688,24.625,40.875,94.792,161.292,True
20,flat,115,688,24.666,37.25,93.958,156.834,True
20,flat,116,688,24.541,37.333,94.333,157.084,True
20,flat,117,688,24.583,37.083,94.084,156.666,True
20,flat,118,688,24.5,46.25,95.709,167.458,True
20,flat,119,688,24.792,37.625,94.042,157.333,True
20,flat,120,688,24.625,37.25,94.25,157.083,True
20,flat,121,688,24.625,37.416,94.291,157.292,True
20,flat,122,688,24.708,37.208,94.125,156.875,True
20,flat,123,688,24.542,37.5,94.125,157.084,True
20,flat,124,688,24.584,37.292,103.083,165.875,True
20,flat,125,688,25.166,38.458,94.291,158.792,True
20,flat,126,688,26.75,38.083,94.291,160.042,True
20,flat,127,688,24.5,37.333,94.25,156.875,True
20,flat,128,688,26.416,37.917,94.167,159.417,True
20,flat,129,688,24.5,37.416,94.0,156.917,True
20,flat,130,688,24.666,37.292,103.208,166.125,True
20,flat,131,688,25.083,38.583,94.375,158.958,True
20,flat,132,688,24.708,37.375,94.125,157.166,True
20,flat,133,688,24.5,37.333,94.167,156.875,True
20,flat,134,688,24.792,37.25,94.208,157.125,True
20,flat,135,688,24.416,37.208,94.25,156.75,True
20,flat,136,688,24.625,37.417,94.25,157.209,True
20,flat,137,688,34.292,44.25,96.208,175.75,True
20,flat,138,688,24.916,39.583,105.0,170.375,True
20,flat,139,688,31.209,40.542,94.5,167.167,True
20,flat,140,688,24.75,37.583,94.209,157.458,True
20,flat,141,688,24.667,37.417,94.042,157.0,True
20,flat,142,688,24.458,37.333,94.417,157.084,True
20,flat,143,688,34.5,39.583,94.25,169.292,True
20,flat,144,688,24.833,37.667,93.959,157.333,True
20,flat,145,688,24.5,37.125,93.875,156.375,True
20,flat,146,688,24.583,37.291,94.166,156.959,True
20,flat,147,688,27.0,38.0,94.125,160.0,True
20,flat,148,688,24.833,37.416,94.167,157.25,True
20,flat,149,688,24.792,46.25,96.667,169.0,True
20,flat,150,688,25.417,37.792,94.542,158.708,True
20,flat,151,688,25.0,37.334,96.875,160.167,True
20,flat,152,688,25.041,37.625,94.167,157.75,True
20,flat,153,688,27.583,38.125,94.375,160.959,True
20,flat,154,688,24.667,37.291,94.333,157.167,True
20,flat,155,688,24.583,37.375,102.791,165.666,True
20,flat,156,688,25.417,38.584,94.25,159.167,True
20,flat,157,688,24.584,37.333,94.333,157.125,True
20,flat,158,688,24.667,54.042,95.042,174.667,True
20,flat,159,688,25.208,37.625,94.0,157.708,True
20,flat,160,688,24.75,52.875,94.792,173.333,True
20,flat,161,688,24.709,37.375,103.208,166.25,True
20,flat,162,688,25.333,38.458,109.959,174.708,True
20,flat,163,688,24.875,38.083,94.333,158.125,True
20,flat,164,688,24.708,37.541,94.208,157.375,True
20,flat,165,688,24.75,52.0,95.042,172.75,True
20,flat,166,688,24.958,37.583,94.041,157.458,True
20,flat,167,688,34.458,38.541,124.833,198.791,True
20,flat,168,688,46.75,42.125,94.584,184.333,True
20,flat,169,688,24.667,37.417,94.0,157.0,True
20,flat,170,688,24.791,37.375,94.25,157.291,True
20,flat,171,688,24.916,37.333,94.042,157.25,True
20,flat,172,688,24.625,37.333,94.292,157.083,True
20,flat,173,688,24.625,37.542,103.584,166.75,True
20,flat,174,688,25.458,38.792,94.083,159.292,True
20,flat,175,688,24.667,37.875,112.583,176.084,True
20,flat,176,688,25.334,37.75,94.166,158.209,True
20,flat,177,688,24.625,37.375,93.917,156.834,True
20,flat,178,688,24.791,37.417,94.084,157.125,True
20,flat,179,688,35.709,38.708,102.959,178.459,True
20,flat,180,688,25.417,38.542,94.292,159.209,True
20,flat,181,688,24.625,37.5,94.125,157.167,True
20,flat,182,688,24.708,37.417,94.167,157.25,True
20,flat,183,688,24.708,37.375,94.083,157.125,True
20,flat,184,688,24.75,37.375,94.334,157.375,True
20,flat,185,688,24.791,38.5,102.833,167.084,True
20,flat,186,688,25.417,38.542,94.125,158.958,True
20,flat,187,688,25.167,37.459,94.334,157.791,True
20,flat,188,688,24.75,50.459,94.292,170.417,True
20,flat,189,688,24.584,37.334,94.042,156.834,True
20,flat,190,688,24.833,37.333,94.166,157.167,True
20,flat,191,688,24.792,37.292,178.333,244.041,True
20,flat,192,688,79.209,92.75,100.875,274.083,True
20,flat,193,688,31.833,42.875,96.416,172.167,True
20,flat,194,688,27.125,39.417,95.5,163.084,True
20,flat,195,688,26.291,38.875,95.083,161.25,True
20,flat,196,688,26.417,38.416,105.916,171.75,True
20,flat,197,688,27.125,40.0,94.917,163.0,True
20,flat,198,688,26.041,38.542,95.0,160.458,True
20,flat,199,688,25.375,38.209,94.5,159.0,True
20,nested,0,764,77.459,45.0,95.041,218.625,True
20,nested,1,764,42.5,38.666,94.5,176.542,True
20,nested,2,764,43.625,38.917,94.417,177.916,True
20,nested,3,764,41.0,38.084,94.542,174.583,True
20,nested,4,764,42.416,38.792,106.666,188.958,True
20,nested,5,764,40.75,45.625,94.375,181.709,True
20,nested,6,764,40.542,38.0,94.416,173.917,True
20,nested,7,764,40.083,38.167,94.208,173.334,True
20,nested,8,764,40.417,37.916,94.208,173.459,True
20,nested,9,764,40.375,37.75,94.709,173.75,True
20,nested,10,764,49.958,39.333,94.25,184.583,True
20,nested,11,764,40.042,37.834,94.5,173.333,True
20,nested,12,764,40.125,37.541,94.458,173.042,True
20,nested,13,764,40.208,37.875,94.375,173.375,True
20,nested,14,764,40.166,37.916,94.333,173.375,True
20,nested,15,764,40.167,37.834,103.459,182.459,True
20,nested,16,764,40.875,38.916,94.625,175.292,True
20,nested,17,764,57.459,38.542,94.5,191.417,True
20,nested,18,764,40.25,38.0,94.542,173.75,True
20,nested,19,764,40.334,37.875,94.292,173.375,True
20,nested,20,764,40.0,37.833,94.292,173.125,True
20,nested,21,764,39.792,46.916,95.916,183.667,True
20,nested,22,764,40.209,38.084,94.208,173.459,True
20,nested,23,764,40.041,37.875,94.291,173.042,True
20,nested,24,764,39.875,37.709,94.25,172.75,True
20,nested,25,764,40.542,37.833,94.333,173.542,True
20,nested,26,764,40.375,37.959,102.959,182.167,True
20,nested,27,764,44.167,39.584,94.375,179.0,True
20,nested,28,764,40.166,37.792,94.125,173.0,True
20,nested,29,764,39.917,37.959,94.167,172.917,True
20,nested,30,764,42.666,38.542,94.25,176.375,True
20,nested,31,764,39.875,37.833,94.208,172.75,True
20,nested,32,764,40.084,37.792,103.166,182.0,True
20,nested,33,764,40.625,39.75,108.292,189.583,True
20,nested,34,764,40.333,38.583,94.375,174.166,True
20,nested,35,764,39.584,37.667,94.167,172.375,True
20,nested,36,764,39.958,37.583,94.292,172.75,True
20,nested,37,764,39.833,37.625,94.209,172.541,True
20,nested,38,764,48.959,39.542,94.459,183.958,True
20,nested,39,764,40.083,37.875,94.334,173.166,True
20,nested,40,764,44.833,38.5,94.208,178.417,True
20,nested,41,764,39.958,37.583,94.25,172.666,True
20,nested,42,764,39.833,37.542,94.166,172.459,True
20,nested,43,764,42.125,38.334,106.834,188.209,True
20,nested,44,764,40.584,39.209,94.417,175.125,True
20,nested,45,764,40.0,37.709,94.0,172.542,True
20,nested,46,764,39.958,37.666,94.041,172.583,True
20,nested,47,764,39.708,37.417,94.042,172.041,True
20,nested,48,764,40.042,37.75,94.459,173.208,True
20,nested,49,764,39.917,37.709,103.625,182.25,True
20,nested,50,764,40.583,38.875,94.375,174.833,True
20,nested,51,764,39.916,37.667,94.209,172.625,True
20,nested,52,764,39.625,50.583,94.958,186.167,True
20,nested,53,764,42.5,38.333,94.334,176.167,True
20,nested,54,764,39.709,37.792,110.208,188.583,True
20,nested,55,764,49.375,39.458,109.667,199.458,True
20,nested,56,764,52.125,38.5,94.417,185.917,True
20,nested,57,764,42.166,38.25,94.209,175.541,True
20,nested,58,764,39.792,37.625,94.25,172.625,True
20,nested,59,764,39.708,37.625,94.292,172.541,True
20,nested,60,764,39.625,37.708,117.333,195.583,True
20,nested,61,764,40.166,38.5,94.334,173.875,True
20,nested,62,764,40.167,37.667,93.917,172.667,True
20,nested,63,764,39.625,37.708,94.166,172.375,True
20,nested,64,764,39.75,37.666,94.292,172.583,True
20,nested,65,764,40.334,37.834,94.25,173.25,True
20,nested,66,764,49.208,39.625,94.25,184.084,True
20,nested,67,764,40.25,37.792,94.125,173.042,True
20,nested,68,764,39.792,37.875,94.375,172.875,True
20,nested,69,764,39.875,37.708,94.166,172.709,True
20,nested,70,764,42.125,38.25,94.416,175.709,True
20,nested,71,764,40.0,37.833,114.542,193.375,True
20,nested,72,764,40.666,39.042,94.417,175.0,True
20,nested,73,764,56.667,38.291,94.5,190.334,True
20,nested,74,764,39.916,38.0,94.291,173.042,True
20,nested,75,764,39.916,37.5,94.209,172.541,True
20,nested,76,764,39.959,37.667,94.292,172.875,True
20,nested,77,764,39.875,46.917,95.917,183.709,True
20,nested,78,764,40.417,38.041,94.083,173.458,True
20,nested,79,764,42.334,38.167,94.334,176.125,True
20,nested,80,764,39.875,37.875,94.25,172.917,True
20,nested,81,764,39.792,38.25,94.25,173.209,True
20,nested,82,764,39.792,37.75,94.209,172.708,True
20,nested,83,764,42.416,39.292,94.292,185.541,True
20,nested,84,764,39.917,37.5,94.167,172.416,True
20,nested,85,764,39.875,37.583,94.292,172.667,True
20,nested,86,764,39.75,37.625,94.167,172.416,True
20,nested,87,764,39.792,37.709,94.083,172.5,True
20,nested,88,764,39.625,37.708,110.458,188.833,True
20,nested,89,764,40.542,39.125,94.333,175.0,True
20,nested,90,764,39.584,37.542,94.209,172.25,True
20,nested,91,764,39.542,37.625,94.417,172.459,True
20,nested,92,764,39.625,37.667,94.167,172.334,True
20,nested,93,764,40.125,37.875,94.417,173.291,True
20,nested,94,764,40.083,46.417,95.792,183.333,True
20,nested,95,764,40.292,37.792,94.167,173.208,True
20,nested,96,764,42.0,38.041,94.166,175.167,True
20,nested,97,764,39.833,37.583,94.291,172.583,True
20,nested,98,764,39.833,37.75,94.084,172.625,True
20,nested,99,764,40.208,37.75,97.666,176.542,True
20,nested,100,764,40.708,39.083,94.125,174.792,True
20,nested,101,764,39.833,37.625,94.25,172.584,True
20,nested,102,764,39.625,37.875,94.125,172.541,True
20,nested,103,764,39.834,37.584,94.292,172.625,True
20,nested,104,764,42.709,38.458,94.125,176.167,True
20,nested,105,764,39.917,37.625,103.041,181.583,True
20,nested,106,764,40.75,38.833,94.291,174.75,True
20,nested,107,764,40.0,37.625,94.084,172.666,True
20,nested,108,764,39.709,37.459,94.208,172.25,True
20,nested,109,764,39.958,37.709,94.209,172.791,True
20,nested,110,764,41.542,38.208,94.041,174.75,True
20,nested,111,764,39.708,46.666,95.625,183.041,True
20,nested,112,764,39.958,37.916,94.166,172.958,True
20,nested,113,764,39.917,37.625,110.833,189.25,True
20,nested,114,764,39.958,37.958,94.208,173.042,True
20,nested,115,764,39.708,37.708,94.042,172.375,True
20,nested,116,764,39.875,37.583,102.791,181.25,True
20,nested,117,764,40.792,38.959,94.417,175.0,True
20,nested,118,764,40.125,37.584,94.25,172.875,True
20,nested,119,764,40.0,37.75,94.125,172.75,True
20,nested,120,764,39.542,37.584,94.167,172.208,True
20,nested,121,764,39.584,37.625,94.166,172.292,True
20,nested,122,764,40.167,37.5,102.833,181.417,True
20,nested,123,764,42.708,39.583,94.167,177.375,True
20,nested,124,764,39.75,37.459,94.167,172.333,True
20,nested,125,764,39.791,37.792,94.125,172.584,True
20,nested,126,764,39.959,37.75,94.125,172.709,True
20,nested,127,764,54.792,38.292,94.167,188.125,True
20,nested,128,764,40.25,48.459,94.5,184.25,True
20,nested,129,764,42.041,38.791,94.375,176.084,True
20,nested,130,764,39.959,37.708,94.166,172.834,True
20,nested,131,764,39.667,37.666,94.083,172.334,True
20,nested,132,764,39.833,37.708,94.25,172.666,True
20,nested,133,764,39.667,37.583,103.125,181.25,True
20,nested,134,764,40.209,38.875,94.167,174.167,True
20,nested,135,764,39.708,37.625,94.292,172.5,True
20,nested,136,764,41.667,38.5,94.125,175.292,True
20,nested,137,764,39.5,37.666,94.208,172.25,True
20,nested,138,764,39.583,37.666,94.375,172.5,True
20,nested,139,764,39.875,37.667,102.959,181.417,True
20,nested,140,764,40.25,39.042,94.166,174.292,True
20,nested,141,764,39.542,37.709,94.334,172.458,True
20,nested,142,764,39.792,37.625,94.083,172.375,True
20,nested,143,764,39.75,37.583,94.291,172.458,True
20,nested,144,764,39.833,37.541,93.917,172.167,True
20,nested,145,764,39.584,46.5,95.708,182.792,True
20,nested,146,764,40.125,38.0,94.208,173.209,True
20,nested,147,764,39.5,37.75,94.375,172.5,True
20,nested,148,764,39.542,37.583,94.125,172.083,True
20,nested,149,764,41.625,38.292,108.583,189.416,True
20,nested,150,764,51.458,38.333,102.958,193.667,True
20,nested,151,764,40.417,38.917,109.375,189.583,True
20,nested,152,764,40.125,38.167,94.042,173.208,True
20,nested,153,764,39.959,37.75,94.084,172.625,True
20,nested,154,764,39.833,37.792,94.042,172.583,True
20,nested,155,764,43.125,38.25,94.084,176.333,True
20,nested,156,764,43.042,47.042,95.792,187.0,True
20,nested,157,764,40.041,37.958,94.167,173.041,True
20,nested,158,764,39.708,37.625,94.292,172.583,True
20,nested,159,764,39.958,37.583,94.166,172.542,True
20,nested,160,764,40.083,37.666,94.291,172.958,True
20,nested,161,764,39.667,37.667,94.083,172.292,True
20,nested,162,764,49.25,39.0,94.417,183.625,True
20,nested,163,764,41.333,38.25,94.375,174.875,True
20,nested,164,764,39.917,37.708,94.375,172.875,True
20,nested,165,764,39.833,37.666,94.208,172.667,True
20,nested,166,764,39.791,49.125,95.0,184.834,True
20,nested,167,764,49.875,38.125,119.333,208.25,True
20,nested,168,764,42.667,39.208,94.541,177.334,True
20,nested,169,764,40.0,37.584,94.334,172.75,True
20,nested,170,764,40.208,37.667,94.167,172.917,True
20,nested,171,764,39.916,37.542,94.25,172.542,True
20,nested,172,764,40.042,37.75,94.166,172.833,True
20,nested,173,764,54.041,39.833,94.167,189.041,True
20,nested,174,764,40.166,37.917,94.584,173.541,True
20,nested,175,764,40.25,37.542,94.166,172.792,True
20,nested,176,764,54.792,38.125,94.417,188.208,True
20,nested,177,764,39.708,38.0,94.333,173.0,True
20,nested,178,764,39.792,37.708,103.041,181.458,True
20,nested,179,764,40.541,38.875,94.416,174.667,True
20,nested,180,764,40.0,37.5,94.375,172.708,True
20,nested,181,764,42.333,38.25,94.458,176.125,True
20,nested,182,764,40.375,37.584,94.458,173.333,True
20,nested,183,764,40.041,37.5,94.416,172.792,True
20,nested,184,764,39.916,37.792,104.5,183.166,True
20,nested,185,764,40.042,38.0,94.25,173.208,True
20,nested,186,764,40.292,37.625,94.25,173.0,True
20,nested,187,764,39.875,37.625,94.208,172.583,True
20,nested,188,764,39.834,37.584,94.042,172.334,True
20,nested,189,764,41.708,38.25,94.334,175.208,True
20,nested,190,764,49.042,39.166,94.125,183.25,True
20,nested,191,764,39.75,37.708,94.375,172.709,True
20,nested,192,764,39.958,37.583,94.375,172.833,True
20,nested,193,764,39.958,37.625,94.125,172.583,True
20,nested,194,764,40.042,37.666,94.125,172.667,True
20,nested,195,764,40.042,37.375,103.0,181.333,True
20,nested,196,764,40.5,39.0,94.166,174.542,True
20,nested,197,764,40.0,37.584,94.25,172.75,True
20,nested,198,764,39.917,37.5,94.375,172.708,True
20,nested,199,764,39.792,37.75,93.834,172.25,True
50,flat,0,1408,71.0,44.0,95.125,211.25,True
50,flat,1,1408,41.958,38.417,94.75,176.083,True
50,flat,2,1408,43.25,38.625,94.875,177.75,True
50,flat,3,1408,43.084,38.917,103.958,186.875,True
50,flat,4,1408,41.5,39.583,94.958,177.0,True
50,flat,5,1408,62.334,38.75,94.708,196.75,True
50,flat,6,1408,41.167,38.083,94.75,174.916,True
50,flat,7,1408,41.042,38.167,94.75,174.875,True
50,flat,8,1408,40.583,38.0,98.125,177.583,True
50,flat,9,1408,50.083,39.667,94.542,185.25,True
50,flat,10,1408,40.542,38.041,94.667,174.125,True
50,flat,11,1408,40.5,38.083,94.375,173.875,True
50,flat,12,1408,40.542,38.167,94.459,174.041,True
50,flat,13,1408,40.459,38.042,94.625,173.958,True
50,flat,14,1408,40.542,38.084,103.5,183.083,True
50,flat,15,1408,41.0,39.333,94.708,175.917,True
50,flat,16,1408,43.875,38.667,94.541,177.958,True
50,flat,17,1408,40.625,52.375,95.458,189.458,True
50,flat,18,1408,40.917,38.083,94.792,174.708,True
50,flat,19,1408,41.0,38.208,94.708,174.791,True
50,flat,20,1408,40.958,48.458,94.959,185.291,True
50,flat,21,1408,41.041,38.25,94.541,174.708,True
50,flat,22,1408,40.709,38.167,94.709,174.542,True
50,flat,23,1408,40.708,38.083,94.458,174.083,True
50,flat,24,1408,41.084,38.709,94.75,175.542,True
50,flat,25,1408,41.208,38.208,103.416,183.75,True
50,flat,26,1408,41.458,39.5,94.625,176.583,True
50,flat,27,1408,40.583,38.25,94.708,174.458,True
50,flat,28,1408,40.625,38.125,94.583,174.292,True
50,flat,29,1408,42.875,38.375,94.666,176.917,True
50,flat,30,1408,42.541,38.625,94.792,176.916,True
50,flat,31,1408,40.708,38.292,104.792,184.75,True
50,flat,32,1408,44.333,39.25,94.708,179.25,True
50,flat,33,1408,40.75,38.125,94.625,174.375,True
50,flat,34,1408,40.708,38.125,94.709,174.458,True
50,flat,35,1408,40.834,38.125,94.458,174.417,True
50,flat,36,1408,40.75,38.0,94.417,174.125,True
50,flat,37,1408,50.209,39.5,94.792,185.542,True
50,flat,38,1408,40.875,54.709,95.333,191.875,True
50,flat,39,1408,40.75,38.25,94.542,174.542,True
50,flat,40,1408,40.708,38.333,94.916,174.833,True
50,flat,41,1408,40.667,54.917,94.958,191.5,True
50,flat,42,1408,43.0,38.833,110.542,193.375,True
50,flat,43,1408,41.375,39.375,94.834,176.416,True
50,flat,44,1408,40.875,38.292,94.917,174.958,True
50,flat,45,1408,40.792,38.166,94.708,174.583,True
50,flat,46,1408,40.708,38.25,94.625,174.459,True
50,flat,47,1408,40.5,38.292,94.625,174.333,True
50,flat,48,1408,49.833,39.542,108.542,198.875,True
50,flat,49,1408,40.959,38.584,94.958,175.375,True
50,flat,50,1408,40.5,38.041,94.791,174.292,True
50,flat,51,1408,40.666,38.208,94.875,174.667,True
50,flat,52,1408,40.958,38.041,94.625,174.667,True
50,flat,53,1408,40.791,38.042,103.333,183.125,True
50,flat,54,1408,41.041,39.375,94.583,175.958,True
50,flat,55,1408,42.875,38.708,94.708,177.25,True
50,flat,56,1408,42.5,38.709,94.667,176.75,True
50,flat,57,1408,40.833,48.292,95.458,185.542,True
50,flat,58,1408,40.709,38.125,107.708,187.459,True
50,flat,59,1408,49.959,39.5,94.667,185.167,True
50,flat,60,1408,40.875,38.167,94.584,174.541,True
50,flat,61,1408,40.958,38.667,94.917,175.459,True
50,flat,62,1408,40.875,38.375,94.583,174.709,True
50,flat,63,1408,40.791,38.292,94.708,174.709,True
50,flat,64,1408,40.583,38.291,106.708,186.541,True
50,flat,65,1408,41.25,39.416,94.708,176.292,True
50,flat,66,1408,40.916,38.083,94.875,174.792,True
50,flat,67,1408,40.792,38.208,94.458,174.417,True
50,flat,68,1408,41.0,38.209,94.625,174.667,True
50,flat,69,1408,44.167,38.75,94.625,178.5,True
50,flat,70,1408,40.666,47.167,96.167,185.0,True
50,flat,71,1408,41.042,38.458,94.708,175.125,True
50,flat,72,1408,40.625,38.667,94.542,174.791,True
50,flat,73,1408,40.584,38.167,94.625,174.292,True
50,flat,74,1408,41.0,38.167,94.584,174.666,True
50,flat,75,1408,40.917,38.084,103.333,183.333,True
50,flat,76,1408,41.375,39.166,94.792,176.166,True
50,flat,77,1408,41.25,38.167,94.5,174.792,True
50,flat,78,1408,40.667,38.125,94.708,174.459,True
50,flat,79,1408,40.625,37.917,94.542,173.959,True
50,flat,80,1408,40.875,38.125,94.583,174.459,True
50,flat,81,1408,40.917,38.083,103.292,183.25,True
50,flat,82,1408,43.542,39.625,94.75,178.917,True
50,flat,83,1408,41.083,38.792,94.625,175.458,True
50,flat,84,1408,40.5,37.958,94.667,174.083,True
50,flat,85,1408,40.542,38.125,94.667,174.208,True
50,flat,86,1408,40.708,38.083,94.542,174.25,True
50,flat,87,1408,49.584,39.708,94.625,184.875,True
50,flat,88,1408,40.583,38.0,94.583,174.084,True
50,flat,89,1408,40.792,37.875,94.583,174.209,True
50,flat,90,1408,40.625,38.167,94.833,174.584,True
50,flat,91,1408,40.791,38.208,94.708,174.584,True
50,flat,92,1408,40.792,38.166,103.458,183.417,True
50,flat,93,1408,41.333,39.333,94.667,176.25,True
50,flat,94,1408,40.708,38.166,94.583,174.416,True
50,flat,95,1408,43.25,38.75,94.625,177.5,True
50,flat,96,1408,43.0,38.834,94.708,177.458,True
50,flat,97,1408,40.958,38.083,94.5,174.459,True
50,flat,98,1408,41.0,47.0,96.208,185.25,True
50,flat,99,1408,41.083,38.541,94.625,175.25,True
50,flat,100,1408,40.875,38.166,94.541,174.5,True
50,flat,101,1408,40.916,38.0,94.708,174.542,True
50,flat,102,1408,40.708,37.917,94.792,174.375,True
50,flat,103,1408,40.75,38.084,94.792,174.625,True
50,flat,104,1408,50.208,39.5,94.666,185.458,True
50,flat,105,1408,40.875,38.084,94.75,174.625,True
50,flat,106,1408,40.708,38.0,94.625,174.209,True
50,flat,107,1408,42.834,38.667,94.458,176.959,True
50,flat,108,1408,42.625,38.708,94.75,177.042,True
50,flat,109,1408,40.833,37.958,103.542,183.333,True
50,flat,110,1408,41.333,39.25,109.25,190.75,True
50,flat,111,1408,41.042,38.584,94.75,175.25,True
50,flat,112,1408,40.667,38.042,94.667,174.334,True
50,flat,113,1408,40.625,38.125,94.667,174.375,True
50,flat,114,1408,40.584,37.875,94.667,174.084,True
50,flat,115,1408,49.417,39.833,94.458,184.667,True
50,flat,116,1408,40.834,38.25,94.5,174.417,True
50,flat,117,1408,40.792,37.958,94.833,174.459,True
50,flat,118,1408,40.916,37.958,94.625,174.458,True
50,flat,119,1408,41.0,38.167,94.5,174.541,True
50,flat,120,1408,40.834,38.792,106.333,186.875,True
50,flat,121,1408,41.208,39.625,95.084,176.875,True
50,flat,122,1408,42.916,38.708,94.584,177.125,True
50,flat,123,1408,40.75,38.291,94.666,174.583,True
50,flat,124,1408,40.709,38.0,94.666,174.292,True
50,flat,125,1408,40.792,37.834,94.958,174.584,True
50,flat,126,1408,40.541,38.25,104.958,184.708,True
50,flat,127,1408,41.042,38.541,94.833,175.334,True
50,flat,128,1408,40.875,38.209,94.625,174.625,True
50,flat,129,1408,40.584,38.084,94.792,174.334,True
50,flat,130,1408,40.708,38.125,94.833,174.583,True
50,flat,131,1408,40.584,38.042,94.5,174.0,True
50,flat,132,1408,52.458,39.625,94.875,187.917,True
50,flat,133,1408,40.667,38.125,94.708,174.375,True
50,flat,134,1408,40.791,38.167,94.708,174.542,True
50,flat,135,1408,41.083,38.042,94.541,174.584,True
50,flat,136,1408,42.5,38.542,94.667,176.708,True
50,flat,137,1408,40.416,38.166,103.5,183.042,True
50,flat,138,1408,40.959,39.125,94.583,175.584,True
50,flat,139,1408,40.667,38.041,94.833,174.417,True
50,flat,140,1408,40.958,38.083,94.667,174.666,True
50,flat,141,1408,40.917,38.041,94.75,174.625,True
50,flat,142,1408,40.625,38.125,94.625,174.292,True
50,flat,143,1408,40.834,46.959,96.209,185.0,True
50,flat,144,1408,40.791,38.416,94.542,174.666,True
50,flat,145,1408,42.583,38.041,94.666,176.167,True
50,flat,146,1408,40.583,38.083,94.625,174.25,True
50,flat,147,1408,40.75,38.083,94.583,174.292,True
50,flat,148,1408,43.875,38.625,103.125,186.5,True
50,flat,149,1408,41.542,39.125,94.791,176.417,True
50,flat,150,1408,40.916,37.958,94.625,174.416,True
50,flat,151,1408,41.125,38.166,94.792,174.916,True
50,flat,152,1408,41.0,38.042,94.708,174.667,True
50,flat,153,1408,40.708,38.166,94.708,174.417,True
50,flat,154,1408,40.75,38.0,113.084,192.833,True
50,flat,155,1408,41.375,39.291,94.583,176.167,True
50,flat,156,1408,40.708,38.125,94.5,174.209,True
50,flat,157,1408,40.542,38.084,94.459,174.042,True
50,flat,158,1408,45.5,38.667,94.708,179.791,True
50,flat,159,1408,42.25,38.667,94.5,176.334,True
50,flat,160,1408,50.292,39.541,94.708,185.5,True
50,flat,161,1408,52.166,38.5,94.875,186.417,True
50,flat,162,1408,40.75,38.125,94.583,174.375,True
50,flat,163,1408,40.792,38.125,94.708,174.584,True
50,flat,164,1408,41.041,37.958,94.375,174.25,True
50,flat,165,1408,40.875,38.167,103.25,183.291,True
50,flat,166,1408,41.417,39.125,94.625,176.042,True
50,flat,167,1408,41.0,38.125,94.708,174.75,True
50,flat,168,1408,40.791,38.417,94.667,174.792,True
50,flat,169,1408,40.916,38.0,94.709,174.541,True
50,flat,170,1408,41.0,37.958,94.875,174.75,True
50,flat,171,1408,40.625,46.625,96.25,184.5,True
50,flat,172,1408,48.458,38.416,94.958,182.708,True
50,flat,173,1408,40.75,38.125,94.75,174.541,True
50,flat,174,1408,40.75,37.959,94.542,174.208,True
50,flat,175,1408,43.292,38.791,94.75,177.75,True
50,flat,176,1408,41.167,38.041,109.75,189.917,True
50,flat,177,1408,41.458,39.458,94.708,176.541,True
50,flat,178,1408,40.917,38.0,94.792,174.583,True
50,flat,179,1408,40.958,38.125,94.625,174.667,True
50,flat,180,1408,40.667,37.875,94.667,174.167,True
50,flat,181,1408,40.666,37.833,94.541,173.958,True
50,flat,182,1408,40.875,38.166,104.917,184.958,True
50,flat,183,1408,41.083,38.5,94.75,175.208,True
50,flat,184,1408,44.5,39.125,94.791,179.417,True
50,flat,185,1408,40.709,37.792,94.666,174.042,True
50,flat,186,1408,40.625,38.083,94.459,174.167,True
50,flat,187,1408,40.5,38.042,94.666,174.084,True
50,flat,188,1408,50.708,39.458,94.75,185.958,True
50,flat,189,1408,43.958,60.75,94.584,200.208,True
50,flat,190,1408,40.666,37.958,94.875,174.458,True
50,flat,191,1408,40.792,38.083,94.5,174.25,True
50,flat,192,1408,40.833,38.0,94.541,174.208,True
50,flat,193,1408,40.833,37.958,103.416,183.125,True
50,flat,194,1408,41.375,39.208,94.708,176.209,True
50,flat,195,1408,40.584,38.083,94.542,174.125,True
50,flat,196,1408,40.833,38.042,94.667,174.417,True
50,flat,197,1408,40.917,38.0,94.625,174.459,True
50,flat,198,1408,40.667,38.042,94.542,174.167,True
50,flat,199,1408,49.542,39.583,94.666,184.75,True
50,nested,0,1484,62.541,41.25,105.125,209.917,True
50,nested,1,1484,57.5,47.959,96.209,202.708,True
50,nested,2,1484,58.542,39.167,94.792,193.458,True
50,nested,3,1484,56.5,38.208,94.625,190.333,True
50,nested,4,1484,55.709,38.209,94.667,189.542,True
50,nested,5,1484,55.458,38.125,94.667,189.333,True
50,nested,6,1484,55.625,38.25,104.875,199.75,True
50,nested,7,1484,56.167,38.792,94.708,190.584,True
50,nested,8,1484,55.625,38.167,94.75,189.417,True
50,nested,9,1484,55.875,38.25,94.459,189.416,True
50,nested,10,1484,56.125,38.209,94.667,189.958,True
50,nested,11,1484,56.208,38.333,103.416,198.958,True
50,nested,12,1484,56.0,39.0,94.708,190.625,True
50,nested,13,1484,55.667,38.125,94.791,189.542,True
50,nested,14,1484,55.541,38.041,94.542,189.0,True
50,nested,15,1484,55.625,38.167,94.75,189.5,True
50,nested,16,1484,57.333,39.209,103.375,200.916,True
50,nested,17,1484,56.458,39.417,94.625,191.416,True
50,nested,18,1484,55.958,38.25,116.375,211.542,True
50,nested,19,1484,55.708,38.333,94.875,189.792,True
50,nested,20,1484,55.625,38.208,109.125,203.917,True
50,nested,21,1484,55.875,38.708,117.291,212.875,True
50,nested,22,1484,68.625,39.542,94.791,203.875,True
50,nested,23,1484,59.542,39.542,95.25,195.417,True
50,nested,24,1484,57.125,38.542,94.792,191.5,True
50,nested,25,1484,55.709,38.208,94.916,189.792,True
50,nested,26,1484,55.125,38.083,109.792,204.084,True
50,nested,27,1484,56.5,49.375,95.583,202.334,True
50,nested,28,1484,55.542,38.125,94.583,189.208,True
50,nested,29,1484,57.583,38.833,94.709,192.083,True
50,nested,30,1484,55.542,38.167,94.833,189.417,True
50,nested,31,1484,55.625,38.125,103.584,198.334,True
50,nested,32,1484,57.708,39.708,94.667,193.042,True
50,nested,33,1484,55.5,38.0,94.875,189.291,True
50,nested,34,1484,55.417,38.0,94.75,189.042,True
50,nested,35,1484,55.208,38.167,106.417,200.75,True
50,nested,36,1484,55.666,38.417,94.5,189.459,True
50,nested,37,1484,79.209,39.459,95.0,214.709,True
50,nested,38,1484,55.334,37.917,94.542,188.75,True
50,nested,39,1484,55.125,38.083,94.584,188.666,True
50,nested,40,1484,55.209,37.709,94.542,188.333,True
50,nested,41,1484,55.25,38.125,94.542,188.834,True
50,nested,42,1484,66.75,39.875,94.625,202.25,True
50,nested,43,1484,55.0,37.709,94.625,188.209,True
50,nested,44,1484,55.083,38.042,94.625,188.667,True
50,nested,45,1484,55.0,37.958,94.75,188.583,True
50,nested,46,1484,55.375,38.0,94.708,188.958,True
50,nested,47,1484,55.375,46.75,96.416,199.542,True
50,nested,48,1484,55.375,38.25,94.584,189.125,True
50,nested,49,1484,55.542,38.0,94.708,189.125,True
50,nested,50,1484,58.458,38.583,94.709,192.625,True
50,nested,51,1484,55.375,38.125,94.708,189.125,True
50,nested,52,1484,55.167,37.958,103.542,197.625,True
50,nested,53,1484,55.75,39.084,94.583,190.333,True
50,nested,54,1484,55.666,37.958,94.667,189.125,True
50,nested,55,1484,56.792,38.542,94.792,191.042,True
50,nested,56,1484,55.125,38.208,94.75,188.916,True
50,nested,57,1484,55.542,38.166,103.416,198.084,True
50,nested,58,1484,57.75,39.5,94.708,192.875,True
50,nested,59,1484,55.584,38.167,94.625,189.25,True
50,nested,60,1484,55.083,38.042,94.667,188.708,True
50,nested,61,1484,55.083,38.083,94.666,188.708,True
50,nested,62,1484,54.958,38.041,94.708,188.584,True
50,nested,63,1484,64.292,39.333,94.666,199.292,True
50,nested,64,1484,55.208,38.541,94.708,189.375,True
50,nested,65,1484,55.25,38.166,94.666,189.0,True
50,nested,66,1484,55.25,38.084,94.458,188.667,True
50,nested,67,1484,54.917,38.042,94.584,188.416,True
50,nested,68,1484,64.0,39.5,94.958,199.458,True
50,nested,69,1484,57.291,38.625,94.667,191.5,True
50,nested,70,1484,55.375,38.042,94.708,189.042,True
50,nested,71,1484,55.167,38.167,94.75,189.0,True
50,nested,72,1484,55.083,38.0,94.667,188.666,True
50,nested,73,1484,54.875,46.917,96.084,198.875,True
50,nested,74,1484,55.083,38.333,94.584,188.916,True
50,nested,75,1484,55.416,37.916,94.667,188.875,True
50,nested,76,1484,55.166,39.833,94.917,190.75,True
50,nested,77,1484,55.583,44.875,94.833,196.125,True
50,nested,78,1484,55.875,43.375,105.292,205.583,True
50,nested,79,1484,56.416,39.583,94.916,191.833,True
50,nested,80,1484,55.333,38.083,94.666,188.958,True
50,nested,81,1484,55.125,37.916,94.75,188.625,True
50,nested,82,1484,57.917,38.875,94.833,192.5,True
50,nested,83,1484,57.583,38.666,103.25,200.459,True
50,nested,84,1484,56.666,39.167,94.791,191.708,True
50,nested,85,1484,55.667,38.041,94.792,189.333,True
50,nested,86,1484,68.125,38.708,94.875,202.708,True
50,nested,87,1484,55.333,38.083,94.5,188.75,True
50,nested,88,1484,55.334,37.959,103.292,197.5,True
50,nested,89,1484,55.583,39.083,94.75,190.25,True
50,nested,90,1484,55.0,38.125,94.583,188.542,True
50,nested,91,1484,55.042,37.75,96.291,189.958,True
50,nested,92,1484,54.916,38.291,94.542,188.625,True
50,nested,93,1484,55.375,38.0,94.708,188.917,True
50,nested,94,1484,64.917,40.25,94.625,200.75,True
50,nested,95,1484,57.25,38.584,94.667,191.416,True
50,nested,96,1484,55.166,38.25,94.708,189.083,True
50,nested,97,1484,55.25,38.083,94.667,188.875,True
50,nested,98,1484,54.959,37.875,94.541,188.292,True
50,nested,99,1484,64.291,39.917,94.625,199.833,True
50,nested,100,1484,55.0,38.042,94.709,188.666,True
50,nested,101,1484,55.167,37.959,94.584,188.583,True
50,nested,102,1484,55.333,37.958,94.833,189.042,True
50,nested,103,1484,54.916,38.042,94.458,188.292,True
50,nested,104,1484,54.875,46.709,96.209,198.75,True
50,nested,105,1484,55.041,38.166,94.625,188.75,True
50,nested,106,1484,55.084,38.084,94.625,188.625,True
50,nested,107,1484,55.041,37.75,94.416,188.083,True
50,nested,108,1484,57.916,38.416,94.708,191.958,True
50,nested,109,1484,56.875,38.625,108.125,204.584,True
50,nested,110,1484,55.916,39.375,94.666,190.833,True
50,nested,111,1484,54.958,38.125,94.709,188.625,True
50,nested,112,1484,55.208,38.458,100.5,195.083,True
50,nested,113,1484,55.333,38.792,95.042,190.083,True
50,nested,114,1484,56.916,39.083,103.708,200.667,True
50,nested,115,1484,55.708,39.209,94.5,190.333,True
50,nested,116,1484,55.0,38.042,94.75,188.667,True
50,nested,117,1484,54.917,38.125,94.792,188.666,True
50,nested,118,1484,55.0,37.916,94.417,188.208,True
50,nested,119,1484,55.292,38.125,103.125,197.458,True
50,nested,120,1484,55.875,39.541,94.708,190.958,True
50,nested,121,1484,55.25,38.0,103.375,197.541,True
50,nested,122,1484,57.75,39.208,106.541,204.375,True
50,nested,123,1484,72.208,38.791,94.667,206.5,True
50,nested,124,1484,55.25,38.125,110.25,204.667,True
50,nested,125,1484,55.833,48.958,94.833,200.5,True
50,nested,126,1484,55.083,38.25,94.667,188.834,True
50,nested,127,1484,55.042,37.75,94.5,188.125,True
50,nested,128,1484,55.0,38.125,94.583,188.625,True
50,nested,129,1484,55.084,38.167,105.5,199.667,True
50,nested,130,1484,71.625,46.709,94.792,214.083,True
50,nested,131,1484,55.25,38.208,94.875,189.166,True
50,nested,132,1484,55.25,38.0,94.542,188.667,True
50,nested,133,1484,55.042,37.958,94.666,188.542,True
50,nested,134,1484,57.708,38.625,94.583,191.792,True
50,nested,135,1484,67.25,39.542,94.709,202.541,True
50,nested,136,1484,55.167,37.917,94.708,188.667,True
50,nested,137,1484,55.084,38.042,94.875,188.875,True
50,nested,138,1484,55.167,37.875,94.666,188.667,True
50,nested,139,1484,55.125,38.083,94.625,188.792,True
50,nested,140,1484,55.208,47.167,96.167,199.5,True
50,nested,141,1484,55.375,38.25,94.834,189.291,True
50,nested,142,1484,55.417,38.042,94.625,188.958,True
50,nested,143,1484,55.25,38.209,94.959,189.291,True
50,nested,144,1484,55.125,37.875,94.792,188.667,True
50,nested,145,1484,55.041,38.042,103.542,197.625,True
50,nested,146,1484,55.667,39.125,94.625,190.291,True
50,nested,147,1484,55.167,38.125,94.875,189.042,True
50,nested,148,1484,57.25,38.75,94.75,191.583,True
50,nested,149,1484,55.125,38.084,94.625,188.791,True
50,nested,150,1484,55.292,38.292,103.208,197.75,True
50,nested,151,1484,55.791,39.25,94.583,190.5,True
50,nested,152,1484,55.459,38.042,94.666,189.042,True
50,nested,153,1484,55.417,38.334,94.542,189.166,True
50,nested,154,1484,55.042,38.208,94.5,188.667,True
50,nested,155,1484,55.208,38.25,103.25,197.667,True
50,nested,156,1484,55.584,39.167,94.584,190.208,True
50,nested,157,1484,55.084,38.0,94.708,188.708,True
50,nested,158,1484,55.25,38.083,94.625,188.833,True
50,nested,159,1484,55.541,38.0,94.708,189.167,True
50,nested,160,1484,64.375,39.334,94.875,199.417,True
50,nested,161,1484,67.916,40.375,95.042,204.291,True
50,nested,162,1484,55.375,38.041,94.542,188.791,True
50,nested,163,1484,55.542,38.125,94.667,189.208,True
50,nested,164,1484,55.291,37.958,94.25,188.458,True
50,nested,165,1484,55.583,38.0,94.459,188.958,True
50,nested,166,1484,64.542,39.583,94.625,199.791,True
50,nested,167,1484,55.667,38.125,94.708,189.333,True
50,nested,168,1484,55.291,38.166,94.625,189.041,True
50,nested,169,1484,55.292,37.958,94.791,188.875,True
50,nested,170,1484,55.416,37.916,94.75,189.041,True
50,nested,171,1484,55.125,46.959,96.084,199.166,True
50,nested,172,1484,69.042,38.875,94.708,203.5,True
50,nested,173,1484,56.25,38.291,94.625,190.083,True
50,nested,174,1484,55.458,38.042,94.792,189.167,True
50,nested,175,1484,57.417,38.792,94.583,191.792,True
50,nested,176,1484,55.375,38.167,103.584,198.042,True
50,nested,177,1484,57.75,39.625,94.833,193.125,True
50,nested,178,1484,55.458,38.125,94.791,189.25,True
50,nested,179,1484,55.416,38.208,94.583,189.083,True
50,nested,180,1484,55.292,38.125,94.667,188.916,True
50,nested,181,1484,55.0,38.0,106.25,200.167,True
50,nested,182,1484,55.916,39.375,94.75,190.875,True
50,nested,183,1484,55.209,38.167,94.459,188.708,True
50,nested,184,1484,55.542,37.959,94.667,189.0,True
50,nested,185,1484,59.583,38.75,94.416,193.667,True
50,nested,186,1484,71.958,39.0,103.166,215.208,True
50,nested,187,1484,64.875,39.666,103.5,208.958,True
50,nested,188,1484,58.0,39.125,94.75,192.833,True
50,nested,189,1484,55.417,38.083,94.666,189.083,True
50,nested,190,1484,55.375,38.208,94.875,189.333,True
50,nested,191,1484,55.625,38.042,120.375,215.0,True
50,nested,192,1484,56.5,39.417,94.958,191.709,True
50,nested,193,1484,56.041,43.75,97.417,198.084,True
50,nested,194,1484,56.0,38.541,94.708,190.125,True
50,nested,195,1484,55.167,38.083,94.541,188.667,True
50,nested,196,1484,55.292,38.042,94.875,197.708,True
50,nested,197,1484,56.208,39.375,94.709,191.166,True
50,nested,198,1484,55.333,38.125,94.541,188.833,True
50,nested,199,1484,55.25,37.958,94.458,188.584,True
100,flat,0,2608,104.333,48.291,95.875,249.583,True
100,flat,1,2608,68.25,39.291,95.625,204.125,True
100,flat,2,2608,66.708,39.208,95.542,202.375,True
100,flat,3,2608,66.25,39.0,113.583,219.792,True
100,flat,4,2608,66.584,39.875,95.666,203.042,True
100,flat,5,2608,68.208,39.75,95.709,204.583,True
100,flat,6,2608,65.833,39.208,96.208,202.167,True
100,flat,7,2608,67.417,39.875,96.0,204.209,True
100,flat,8,2608,65.709,49.292,97.042,213.0,True
100,flat,9,2608,65.625,39.125,95.792,201.416,True
100,flat,10,2608,64.958,39.042,95.792,200.709,True
100,flat,11,2608,66.917,39.542,95.75,203.041,True
100,flat,12,2608,65.083,39.041,95.708,200.709,True
100,flat,13,2608,73.791,40.708,95.916,211.417,True
100,flat,14,2608,65.208,39.125,95.791,200.958,True
100,flat,15,2608,64.917,39.083,95.875,200.708,True
100,flat,16,2608,65.375,38.917,95.625,200.792,True
100,flat,17,2608,65.167,38.875,95.75,200.625,True
100,flat,18,2608,74.708,40.209,95.917,211.75,True
100,flat,19,2608,65.292,39.041,95.5,200.667,True
100,flat,20,2608,65.333,39.0,95.709,200.875,True
100,flat,21,2608,65.083,39.041,95.667,200.666,True
100,flat,22,2608,64.875,39.0,95.708,200.5,True
100,flat,23,2608,74.167,40.25,95.791,211.083,True
100,flat,24,2608,68.417,39.625,95.833,204.708,True
100,flat,25,2608,65.0,39.167,95.584,200.583,True
100,flat,26,2608,64.75,39.041,95.917,200.625,True
100,flat,27,2608,65.041,38.792,107.583,212.416,True
100,flat,28,2608,65.708,40.291,95.583,202.417,True
100,flat,29,2608,65.0,38.875,95.667,200.375,True
100,flat,30,2608,64.958,39.041,95.583,200.458,True
100,flat,31,2608,65.209,39.125,95.625,200.75,True
100,flat,32,2608,64.959,38.834,104.334,209.042,True
100,flat,33,2608,65.625,40.125,95.917,202.5,True
100,flat,34,2608,65.125,38.958,95.666,200.625,True
100,flat,35,2608,67.375,39.375,95.458,203.083,True
100,flat,36,2608,65.125,39.042,95.625,200.667,True
100,flat,37,2608,64.958,38.958,104.5,209.375,True
100,flat,38,2608,67.375,40.125,95.834,204.208,True
100,flat,39,2608,64.958,38.958,95.75,200.583,True
100,flat,40,2608,64.833,38.917,95.667,200.25,True
100,flat,41,2608,65.208,38.958,95.625,200.666,True
100,flat,42,2608,65.208,38.875,104.459,209.459,True
100,flat,43,2608,65.833,42.5,95.958,205.167,True
100,flat,44,2608,65.125,39.041,95.5,200.459,True
100,flat,45,2608,64.958,38.958,95.75,200.5,True
100,flat,46,2608,73.75,39.417,95.541,209.625,True
100,flat,47,2608,65.167,47.834,97.125,211.167,True
100,flat,48,2608,65.334,39.25,95.333,200.834,True
100,flat,49,2608,65.083,38.875,95.709,200.541,True
100,flat,50,2608,65.25,38.917,95.834,200.833,True
100,flat,51,2608,65.792,38.958,95.667,201.292,True
100,flat,52,2608,77.834,41.375,95.666,216.0,True
100,flat,53,2608,65.5,39.083,95.708,201.125,True
100,flat,54,2608,65.25,38.916,95.542,200.541,True
100,flat,55,2608,65.167,38.959,95.459,200.458,True
100,flat,56,2608,65.041,39.375,95.584,200.875,True
100,flat,57,2608,74.584,40.5,95.75,211.75,True
100,flat,58,2608,65.375,39.0,95.667,200.916,True
100,flat,59,2608,64.625,39.208,95.667,200.416,True
100,flat,60,2608,67.583,39.792,95.666,203.917,True
100,flat,61,2608,65.375,38.791,95.708,200.75,True
100,flat,62,2608,73.875,40.416,95.917,211.083,True
100,flat,63,2608,65.292,39.166,95.75,201.042,True
100,flat,64,2608,65.125,38.916,95.5,200.416,True
100,flat,65,2608,65.375,38.958,95.458,200.625,True
100,flat,66,2608,65.333,39.666,95.667,201.583,True
100,flat,67,2608,65.792,40.292,95.709,202.666,True
100,flat,68,2608,64.958,38.875,95.625,200.292,True
100,flat,69,2608,66.75,39.417,95.542,202.584,True
100,flat,70,2608,81.541,39.667,95.708,217.834,True
100,flat,71,2608,64.917,39.084,104.25,209.166,True
100,flat,72,2608,65.75,40.041,95.458,202.083,True
100,flat,73,2608,65.292,38.833,95.458,200.459,True
100,flat,74,2608,64.917,38.875,95.667,200.291,True
100,flat,75,2608,65.041,38.917,95.375,200.167,True
100,flat,76,2608,65.291,38.791,110.708,215.75,True
100,flat,77,2608,67.75,54.208,95.917,218.75,True
100,flat,78,2608,72.584,39.084,95.75,208.292,True
100,flat,79,2608,65.083,39.083,95.583,200.625,True
100,flat,80,2608,64.958,39.083,95.583,200.458,True
100,flat,81,2608,65.459,48.0,97.292,211.708,True
100,flat,82,2608,65.209,39.25,95.792,201.083,True
100,flat,83,2608,64.792,38.75,95.625,200.042,True
100,flat,84,2608,65.375,39.0,95.791,201.0,True
100,flat,85,2608,65.167,38.959,95.459,200.416,True
100,flat,86,2608,91.875,48.125,96.083,237.334,True
100,flat,87,2608,65.666,39.0,95.458,201.0,True
100,flat,88,2608,65.417,39.125,95.625,201.042,True
100,flat,89,2608,64.875,39.083,95.5,200.292,True
100,flat,90,2608,65.5,38.917,95.625,201.0,True
100,flat,91,2608,89.25,47.833,95.625,233.667,True
100,flat,92,2608,64.75,39.083,95.542,200.291,True
100,flat,93,2608,65.166,39.083,95.667,200.791,True
100,flat,94,2608,65.167,39.041,95.625,200.667,True
100,flat,95,2608,64.791,38.875,104.25,208.916,True
100,flat,96,2608,65.583,39.958,95.833,202.25,True
100,flat,97,2608,65.292,38.875,95.667,200.708,True
100,flat,98,2608,64.833,38.917,95.666,200.333,True
100,flat,99,2608,65.042,38.875,95.5,200.292,True
100,flat,100,2608,65.0,38.875,104.291,209.208,True
100,flat,101,2608,65.292,40.083,95.542,201.834,True
100,flat,102,2608,65.166,39.125,95.666,200.792,True
100,flat,103,2608,65.5,38.958,95.625,201.0,True
100,flat,104,2608,65.625,39.333,95.583,201.5,True
100,flat,105,2608,70.917,39.708,104.5,216.125,True
100,flat,106,2608,65.792,40.25,95.625,202.584,True
100,flat,107,2608,65.042,39.125,95.709,200.708,True
100,flat,108,2608,65.208,38.958,95.791,200.792,True
100,flat,109,2608,65.458,38.917,95.667,200.916,True
100,flat,110,2608,81.459,39.417,105.834,227.709,True
100,flat,111,2608,65.458,39.125,95.75,201.167,True
100,flat,112,2608,65.625,38.916,95.625,201.042,True
100,flat,113,2608,64.875,38.875,95.542,200.125,True
100,flat,114,2608,65.125,38.916,95.792,200.708,True
100,flat,115,2608,65.333,47.708,96.916,210.917,True
100,flat,116,2608,65.166,39.542,95.75,201.333,True
100,flat,117,2608,65.0,38.916,95.625,200.375,True
100,flat,118,2608,65.375,38.833,95.541,200.625,True
100,flat,119,2608,64.917,38.875,95.792,200.416,True
100,flat,120,2608,65.416,49.0,95.833,211.209,True
100,flat,121,2608,65.041,38.875,95.666,200.458,True
100,flat,122,2608,64.834,38.959,95.417,200.084,True
100,flat,123,2608,65.542,38.875,95.5,200.75,True
100,flat,124,2608,64.917,38.875,95.75,200.375,True
100,flat,125,2608,80.708,48.25,95.791,225.708,True
100,flat,126,2608,65.209,39.125,95.5,200.667,True
100,flat,127,2608,65.083,39.0,95.625,200.542,True
100,flat,128,2608,64.917,38.875,95.666,200.25,True
100,flat,129,2608,65.042,39.041,95.708,200.625,True
100,flat,130,2608,74.75,40.25,95.875,211.791,True
100,flat,131,2608,64.875,39.209,95.709,200.584,True
100,flat,132,2608,77.666,39.584,95.709,213.916,True
100,flat,133,2608,67.792,39.584,95.584,203.833,True
100,flat,134,2608,64.875,38.958,104.583,209.292,True
100,flat,135,2608,66.0,40.166,95.75,202.75,True
100,flat,136,2608,65.416,38.958,95.542,200.791,True
100,flat,137,2608,64.541,38.958,95.5,199.958,True
100,flat,138,2608,65.0,38.875,95.584,200.333,True
100,flat,139,2608,65.041,38.917,104.25,209.167,True
100,flat,140,2608,65.417,40.125,95.917,202.334,True
100,flat,141,2608,65.125,39.042,95.541,200.542,True
100,flat,142,2608,65.042,39.0,95.667,200.5,True
100,flat,143,2608,64.917,39.083,95.583,200.417,True
100,flat,144,2608,67.208,39.5,123.083,230.708,True
100,flat,145,2608,65.584,40.167,95.625,202.292,True
100,flat,146,2608,64.958,39.333,109.583,214.75,True
100,flat,147,2608,65.625,51.5,96.209,214.209,True
100,flat,148,2608,65.417,38.958,95.541,200.792,True
100,flat,149,2608,65.541,50.417,97.875,214.792,True
100,flat,150,2608,66.083,38.833,95.5,201.333,True
100,flat,151,2608,65.291,38.875,95.458,200.5,True
100,flat,152,2608,65.458,54.708,96.334,217.416,True
100,flat,153,2608,65.875,39.375,95.584,201.708,True
100,flat,154,2608,82.666,40.75,95.75,220.208,True
100,flat,155,2608,64.708,39.083,95.708,200.333,True
100,flat,156,2608,64.917,39.041,95.5,200.333,True
100,flat,157,2608,67.458,39.375,95.625,203.417,True
100,flat,158,2608,64.584,39.083,95.5,200.042,True
100,flat,159,2608,74.333,40.333,95.708,211.292,True
100,flat,160,2608,65.084,38.875,95.458,200.292,True
100,flat,161,2608,64.875,39.0,103.625,208.333,True
100,flat,162,2608,67.334,39.667,112.5,220.417,True
100,flat,163,2608,65.25,39.458,104.375,210.042,True
100,flat,164,2608,65.291,40.125,95.542,201.834,True
100,flat,165,2608,65.083,39.125,95.584,200.625,True
100,flat,166,2608,65.084,39.042,95.583,200.542,True
100,flat,167,2608,64.625,39.0,95.667,200.125,True
100,flat,168,2608,65.166,39.042,104.25,209.375,True
100,flat,169,2608,65.75,40.042,95.541,202.208,True
100,flat,170,2608,68.291,39.667,95.625,204.417,True
100,flat,171,2608,65.25,39.125,95.75,201.0,True
100,flat,172,2608,65.083,38.917,95.584,200.416,True
100,flat,173,2608,64.709,42.417,105.5,213.625,True
100,flat,174,2608,67.625,40.166,95.833,204.5,True
100,flat,175,2608,65.291,39.041,95.875,201.084,True
100,flat,176,2608,64.958,39.042,95.417,200.291,True
100,flat,177,2608,65.125,38.917,95.625,200.583,True
100,flat,178,2608,65.084,47.75,97.333,211.125,True
100,flat,179,2608,65.042,39.292,95.833,201.0,True
100,flat,180,2608,65.041,39.0,95.833,200.709,True
100,flat,181,2608,65.083,38.916,95.708,200.625,True
100,flat,182,2608,64.875,38.916,95.708,200.375,True
100,flat,183,2608,66.75,48.875,96.209,212.75,True
100,flat,184,2608,65.25,38.958,95.833,200.917,True
100,flat,185,2608,64.542,39.167,95.791,200.333,True
100,flat,186,2608,65.042,38.916,95.625,200.417,True
100,flat,187,2608,65.042,39.084,95.542,200.5,True
100,flat,188,2608,77.042,40.833,96.0,215.0,True
100,flat,189,2608,65.083,39.125,95.666,200.708,True
100,flat,190,2608,65.167,39.042,95.5,200.541,True
100,flat,191,2608,64.916,38.792,95.542,200.084,True
100,flat,192,2608,64.917,38.958,95.625,200.375,True
100,flat,193,2608,74.25,40.166,95.75,211.084,True
100,flat,194,2608,64.75,38.959,95.75,200.375,True
100,flat,195,2608,65.375,39.042,95.666,200.958,True
100,flat,196,2608,65.291,39.417,95.75,201.292,True
100,flat,197,2608,67.959,39.75,95.625,204.25,True
100,flat,198,2608,74.291,40.25,95.792,211.25,True
100,flat,199,2608,80.5,39.542,95.667,216.584,True
100,nested,0,2684,88.0,44.167,96.5,229.875,True
100,nested,1,2684,82.459,39.292,95.875,218.458,True
100,nested,2,2684,81.375,39.083,95.833,217.125,True
100,nested,3,2684,80.791,39.25,96.041,216.958,True
100,nested,4,2684,89.625,40.75,95.667,227.0,True
100,nested,5,2684,81.292,39.0,95.75,216.875,True
100,nested,6,2684,80.583,39.166,95.625,216.209,True
100,nested,7,2684,80.792,39.0,95.5,216.125,True
100,nested,8,2684,83.625,39.917,104.708,229.25,True
100,nested,9,2684,95.5,40.583,96.0,232.959,True
100,nested,10,2684,80.791,39.0,95.791,216.416,True
100,nested,11,2684,82.5,39.583,95.708,218.625,True
100,nested,12,2684,80.333,38.916,95.75,215.833,True
100,nested,13,2684,89.291,40.375,95.792,226.375,True
100,nested,14,2684,80.333,39.167,96.0,216.333,True
100,nested,15,2684,80.25,39.083,96.125,216.291,True
100,nested,16,2684,80.5,38.958,95.958,216.25,True
100,nested,17,2684,80.333,39.167,107.209,227.625,True
100,nested,18,2684,80.708,40.208,95.708,217.5,True
100,nested,19,2684,80.375,39.0,95.542,215.792,True
100,nested,20,2684,80.333,39.042,95.792,216.041,True
100,nested,21,2684,83.75,39.542,95.75,219.875,True
100,nested,22,2684,80.416,49.042,95.792,226.209,True
100,nested,23,2684,80.459,38.792,95.917,216.042,True
100,nested,24,2684,80.417,39.25,95.584,216.083,True
100,nested,25,2684,80.417,39.042,95.625,215.958,True
100,nested,26,2684,82.125,39.666,104.458,227.125,True
100,nested,27,2684,97.334,40.292,95.959,234.458,True
100,nested,28,2684,80.375,39.041,95.792,216.083,True
100,nested,29,2684,80.125,39.0,95.542,215.583,True
100,nested,30,2684,80.334,38.917,95.916,216.0,True
100,nested,31,2684,80.375,47.958,96.958,226.333,True
100,nested,32,2684,80.375,38.875,95.625,215.709,True
100,nested,33,2684,80.792,38.959,95.625,216.208,True
100,nested,34,2684,82.375,39.417,95.833,218.458,True
100,nested,35,2684,80.417,38.958,104.333,224.709,True
100,nested,36,2684,80.875,39.833,95.667,217.208,True
100,nested,37,2684,82.5,39.458,95.791,218.625,True
100,nested,38,2684,80.583,38.958,105.042,225.416,True
100,nested,39,2684,91.5,39.584,95.541,227.458,True
100,nested,40,2684,80.208,48.333,96.875,226.334,True
100,nested,41,2684,81.0,38.958,95.625,216.416,True
100,nested,42,2684,80.625,38.958,95.541,215.958,True
100,nested,43,2684,84.417,39.0,95.666,220.0,True
100,nested,44,2684,79.958,38.708,135.625,255.291,True
100,nested,45,2684,80.625,40.334,95.709,217.5,True
100,nested,46,2684,80.417,39.084,96.0,216.417,True
100,nested,47,2684,80.75,39.041,95.917,216.541,True
100,nested,48,2684,82.584,40.208,96.0,219.709,True
100,nested,49,2684,91.834,40.334,95.792,228.917,True
100,nested,50,2684,80.375,38.917,95.625,215.75,True
100,nested,51,2684,80.083,39.0,95.625,215.583,True
100,nested,52,2684,80.375,39.083,95.75,216.041,True
100,nested,53,2684,80.041,39.042,104.334,224.375,True
100,nested,54,2684,80.958,40.042,95.625,217.542,True
100,nested,55,2684,80.375,38.833,95.708,215.708,True
100,nested,56,2684,80.417,38.875,95.625,215.833,True
100,nested,57,2684,80.459,38.959,95.667,215.917,True
100,nested,58,2684,80.5,47.708,96.958,226.167,True
100,nested,59,2684,80.333,39.25,95.667,216.042,True
100,nested,60,2684,80.458,38.833,95.583,215.75,True
100,nested,61,2684,82.5,39.5,95.709,218.583,True
100,nested,62,2684,89.708,39.459,111.0,241.125,True
100,nested,63,2684,87.458,40.041,95.708,224.125,True
100,nested,64,2684,80.25,39.0,95.916,216.042,True
100,nested,65,2684,80.333,38.916,95.667,215.709,True
100,nested,66,2684,80.292,38.833,95.625,215.584,True
100,nested,67,2684,80.375,47.75,96.834,226.0,True
100,nested,68,2684,80.458,39.083,95.708,216.125,True
100,nested,69,2684,80.208,38.958,95.708,215.709,True
100,nested,70,2684,80.542,39.041,95.583,216.042,True
100,nested,71,2684,80.417,39.0,95.833,216.083,True
100,nested,72,2684,89.542,40.166,95.708,226.333,True
100,nested,73,2684,80.333,38.916,95.5,215.625,True
100,nested,74,2684,82.958,39.458,95.791,219.042,True
100,nested,75,2684,80.041,38.833,95.75,215.459,True
100,nested,76,2684,80.292,39.0,105.042,225.25,True
100,nested,77,2684,80.959,39.709,96.0,217.5,True
100,nested,78,2684,93.333,38.917,96.0,229.125,True
100,nested,79,2684,80.625,38.959,95.834,216.25,True
100,nested,80,2684,80.75,38.917,95.667,216.167,True
100,nested,81,2684,90.083,39.958,95.875,226.834,True
100,nested,82,2684,80.584,39.0,95.792,216.208,True
100,nested,83,2684,82.75,39.459,96.084,219.208,True
100,nested,84,2684,80.917,38.916,110.417,231.083,True
100,nested,85,2684,80.917,48.292,97.0,227.166,True
100,nested,86,2684,80.75,39.417,95.916,217.0,True
100,nested,87,2684,82.459,39.583,95.708,218.625,True
100,nested,88,2684,82.875,39.416,95.75,218.958,True
100,nested,89,2684,80.625,38.917,95.792,216.125,True
100,nested,90,2684,116.666,41.834,96.375,255.791,True
100,nested,91,2684,80.292,39.042,95.625,215.792,True
100,nested,92,2684,80.333,38.917,95.833,215.958,True
100,nested,93,2684,80.25,39.125,95.708,215.833,True
100,nested,94,2684,80.333,47.542,97.042,225.917,True
100,nested,95,2684,80.709,39.25,95.667,216.5,True
100,nested,96,2684,80.458,50.875,96.5,228.708,True
100,nested,97,2684,80.25,38.917,95.583,215.625,True
100,nested,98,2684,80.125,48.5,104.917,234.458,True
100,nested,99,2684,80.833,51.583,111.125,244.458,True
100,nested,100,2684,80.916,39.583,96.0,217.292,True
100,nested,101,2684,82.167,39.583,95.542,218.167,True
100,nested,102,2684,79.958,38.917,95.584,215.25,True
100,nested,103,2684,93.666,41.0,95.833,231.584,True
100,nested,104,2684,80.334,39.0,111.542,231.75,True
100,nested,105,2684,80.167,39.25,95.667,215.959,True
100,nested,106,2684,80.208,38.917,95.541,215.458,True
100,nested,107,2684,80.084,38.958,109.833,229.792,True
100,nested,108,2684,80.916,40.125,95.75,217.625,True
100,nested,109,2684,80.5,38.792,95.666,215.792,True
100,nested,110,2684,80.166,38.958,95.833,215.834,True
100,nested,111,2684,80.0,38.916,102.541,222.333,True
100,nested,112,2684,89.209,40.5,105.5,236.083,True
100,nested,113,2684,82.417,40.042,95.666,219.042,True
100,nested,114,2684,82.459,39.458,95.667,218.5,True
100,nested,115,2684,80.958,38.875,95.541,216.208,True
100,nested,116,2684,80.167,38.917,104.541,224.541,True
100,nested,117,2684,81.417,40.041,95.5,217.792,True
100,nested,118,2684,80.417,39.041,95.625,215.917,True
100,nested,119,2684,80.042,38.959,95.875,215.708,True
100,nested,120,2684,80.583,39.083,95.667,216.084,True
100,nested,121,2684,80.333,48.75,95.958,225.958,True
100,nested,122,2684,80.458,38.833,95.791,215.958,True
100,nested,123,2684,79.959,38.875,95.875,215.542,True
100,nested,124,2684,80.125,38.959,95.709,215.625,True
100,nested,125,2684,80.25,38.959,104.125,224.25,True
100,nested,126,2684,80.708,39.959,95.75,217.25,True
100,nested,127,2684,83.583,39.417,95.708,219.584,True
100,nested,128,2684,80.291,38.917,95.625,215.625,True
100,nested,129,2684,80.625,39.25,96.291,217.0,True
100,nested,130,2684,81.084,47.667,97.083,226.834,True
100,nested,131,2684,80.208,39.083,95.542,215.666,True
100,nested,132,2684,80.5,38.625,95.583,215.583,True
100,nested,133,2684,80.166,38.917,95.75,215.709,True
100,nested,134,2684,80.167,38.792,95.583,215.417,True
100,nested,135,2684,89.167,40.25,95.666,226.0,True
100,nested,136,2684,80.084,39.042,95.625,215.583,True
100,nested,137,2684,80.167,38.75,95.583,215.333,True
100,nested,138,2684,80.292,38.833,95.583,215.584,True
100,nested,139,2684,82.25,39.542,104.625,227.375,True
100,nested,140,2684,82.416,40.208,95.958,219.417,True
100,nested,141,2684,80.084,39.042,95.708,215.625,True
100,nested,142,2684,80.125,38.959,95.792,215.709,True
100,nested,143,2684,80.333,38.833,95.417,215.416,True
100,nested,144,2684,93.791,40.584,95.667,230.917,True
100,nested,145,2684,80.292,38.917,107.75,227.833,True
100,nested,146,2684,80.542,39.458,108.583,229.417,True
100,nested,147,2684,80.583,39.542,95.666,216.583,True
100,nested,148,2684,80.459,39.0,105.167,225.5,True
100,nested,149,2684,91.834,40.834,95.792,229.292,True
100,nested,150,2684,80.208,38.916,95.708,215.667,True
100,nested,151,2684,80.291,38.958,95.625,215.709,True
100,nested,152,2684,80.459,39.125,106.083,226.542,True
100,nested,153,2684,89.791,40.417,95.958,227.042,True
100,nested,154,2684,83.667,39.792,95.584,219.916,True
100,nested,155,2684,80.333,39.125,95.708,216.0,True
100,nested,156,2684,80.5,38.709,95.625,215.75,True
100,nested,157,2684,80.25,38.833,143.25,263.333,True
100,nested,158,2684,80.375,40.0,95.75,217.0,True
100,nested,159,2684,79.583,52.875,96.334,229.666,True
100,nested,160,2684,80.083,39.0,96.292,216.25,True
100,nested,161,2684,80.209,39.125,104.583,224.792,True
100,nested,162,2684,80.75,39.916,95.833,217.333,True
100,nested,163,2684,80.125,39.041,96.208,216.208,True
100,nested,164,2684,82.583,39.583,95.458,218.5,True
100,nested,165,2684,79.917,38.958,95.75,215.5,True
100,nested,166,2684,79.959,47.584,96.959,225.458,True
100,nested,167,2684,82.459,39.708,95.667,218.667,True
100,nested,168,2684,80.542,39.125,95.709,216.25,True
100,nested,169,2684,79.833,39.208,95.917,215.75,True
100,nested,170,2684,79.75,38.875,95.583,215.042,True
100,nested,171,2684,80.5,40.167,95.667,217.291,True
100,nested,172,2684,80.25,39.167,95.875,216.083,True
100,nested,173,2684,80.25,39.083,95.666,215.833,True
100,nested,174,2684,79.875,38.625,107.334,226.666,True
100,nested,175,2684,80.167,48.417,97.125,226.708,True
100,nested,176,2684,80.25,39.25,107.583,227.958,True
100,nested,177,2684,80.166,39.375,95.75,216.125,True
100,nested,178,2684,80.333,38.917,95.708,215.875,True
100,nested,179,2684,79.959,51.959,108.125,241.084,True
100,nested,180,2684,82.583,40.334,95.917,219.709,True
100,nested,181,2684,80.583,39.0,95.709,216.125,True
100,nested,182,2684,80.0,39.042,95.792,215.667,True
100,nested,183,2684,80.416,39.083,95.792,216.084,True
100,nested,184,2684,80.125,48.125,97.0,226.292,True
100,nested,185,2684,82.75,39.75,95.792,219.167,True
100,nested,186,2684,82.333,39.75,95.875,218.792,True
100,nested,187,2684,80.5,38.875,95.833,216.042,True
100,nested,188,2684,80.625,38.958,95.916,216.333,True
100,nested,189,2684,89.417,40.167,96.083,226.542,True
100,nested,190,2684,82.375,39.458,95.708,218.458,True
100,nested,191,2684,80.208,39.167,95.875,216.083,True
100,nested,192,2684,79.834,39.25,95.833,215.792,True
100,nested,193,2684,81.958,39.541,97.458,228.167,True
100,nested,194,2684,79.791,39.25,95.583,215.583,True
100,nested,195,2684,79.708,39.041,95.625,215.209,True
100,nested,196,2684,80.208,39.042,95.917,216.0,True
100,nested,197,2684,80.208,39.125,95.833,215.958,True
100,nested,198,2684,93.5,40.584,95.917,230.917,True
100,nested,199,2684,79.584,38.958,95.875,215.292,True
