ttl_s,modeled_arrival_delay_s,accepted,policy_rejection,false_rejection,replay_exposure_upper_bound_s,boundary_relation
30,0,1,0,0,30,before
30,29,1,0,0,30,before
30,30,1,0,0,30,at
30,31,0,1,0,30,after
30,59,0,1,0,30,after
30,60,0,1,0,30,after
30,61,0,1,0,30,after
30,119,0,1,0,30,after
30,120,0,1,0,30,after
30,121,0,1,0,30,after
30,150,0,1,0,30,after
60,0,1,0,0,60,before
60,29,1,0,0,60,before
60,30,1,0,0,60,before
60,31,1,0,0,60,before
60,59,1,0,0,60,before
60,60,1,0,0,60,at
60,61,0,1,0,60,after
60,119,0,1,0,60,after
60,120,0,1,0,60,after
60,121,0,1,0,60,after
60,150,0,1,0,60,after
120,0,1,0,0,120,before
120,29,1,0,0,120,before
120,30,1,0,0,120,before
120,31,1,0,0,120,before
120,59,1,0,0,120,before
120,60,1,0,0,120,before
120,61,1,0,0,120,before
120,119,1,0,0,120,before
120,120,1,0,0,120,at
120,121,0,1,0,120,after
120,150,0,1,0,120,after
