workers,operation,intent_bytes,canonicalization_us,signature_us,verification_us,operation_us,verified
1,0,764,61.25,3323.375,122.584,3509.25,True
1,1,764,51.375,71.417,117.75,241.792,True
1,2,764,52.791,48.125,96.458,198.5,True
1,3,764,42.042,64.083,97.959,205.25,True
1,4,764,43.5,47.333,96.083,188.0,True
1,5,764,41.0,45.833,101.333,189.292,True
1,6,764,52.417,55.75,96.792,206.0,True
1,7,764,41.833,46.167,96.0,185.167,True
1,8,764,51.125,45.833,103.042,201.084,True
1,9,764,40.791,46.375,95.916,184.0,True
1,10,764,42.958,44.917,95.916,184.917,True
1,11,764,40.417,54.083,98.791,194.417,True
1,12,764,40.875,45.291,102.583,189.875,True
1,13,764,40.375,44.333,117.375,203.209,True
1,14,764,40.833,49.209,99.083,190.209,True
1,15,764,42.875,44.833,95.542,184.375,True
1,16,764,40.708,54.958,109.333,206.25,True
1,17,764,40.917,46.416,95.833,184.292,True
1,18,764,40.792,44.417,95.75,182.041,True
1,19,764,40.833,44.375,95.667,181.917,True
1,20,764,40.5,44.5,95.417,181.458,True
1,21,764,40.459,53.458,95.583,190.542,True
1,22,764,40.75,44.541,95.375,181.708,True
1,23,764,40.875,45.625,95.75,183.292,True
1,24,764,41.208,46.5,95.792,184.541,True
1,25,764,40.792,45.666,96.125,183.709,True
1,26,764,41.375,54.791,96.375,193.625,True
1,27,764,41.042,45.5,95.917,183.625,True
1,28,764,40.875,44.5,95.75,182.167,True
1,29,764,40.834,46.458,95.375,183.791,True
1,30,764,40.333,45.375,95.542,182.334,True
1,31,764,40.625,44.75,107.75,194.333,True
1,32,764,41.084,60.708,95.416,198.292,True
1,33,764,40.333,45.375,95.458,182.208,True
1,34,764,40.375,66.041,111.708,219.292,True
1,35,764,40.333,76.167,96.625,214.292,True
1,36,764,54.917,58.875,96.0,210.958,True
1,37,764,40.333,44.375,95.375,181.208,True
1,38,764,40.375,45.875,95.625,182.958,True
1,39,764,39.917,45.208,95.75,181.959,True
1,40,764,40.166,44.209,95.334,180.833,True
1,41,764,53.209,58.292,96.125,208.833,True
1,42,764,40.791,45.417,95.667,183.208,True
1,43,764,40.584,45.666,95.459,182.833,True
1,44,764,40.125,44.625,95.167,181.042,True
1,45,764,40.166,44.792,95.5,181.625,True
1,46,764,50.5,62.709,96.5,210.834,True
1,47,764,40.291,64.542,96.291,202.292,True
1,48,764,40.292,45.291,95.542,182.167,True
1,49,764,40.125,47.875,95.792,184.834,True
1,50,764,39.958,58.625,95.167,194.791,True
1,51,764,49.875,46.084,96.917,194.0,True
1,52,764,40.083,45.583,95.625,182.333,True
1,53,764,40.125,44.709,95.541,181.417,True
1,54,764,39.917,44.708,95.333,181.042,True
1,55,764,40.042,45.125,95.375,181.625,True
1,56,764,49.041,46.417,95.292,191.875,True
1,57,764,39.75,44.958,95.416,181.25,True
1,58,764,40.125,45.584,95.75,182.5,True
1,59,764,40.667,45.25,95.25,182.25,True
1,60,764,40.084,45.375,95.667,182.208,True
1,61,764,39.708,54.958,95.625,191.375,True
1,62,764,40.208,45.667,95.417,182.333,True
1,63,764,40.083,45.584,95.666,182.375,True
1,64,764,40.0,46.25,95.417,182.666,True
1,65,764,40.292,57.583,96.0,194.959,True
1,66,764,42.708,57.417,95.75,196.958,True
1,67,764,40.25,44.083,95.542,180.916,True
1,68,764,39.958,46.333,95.459,182.791,True
1,69,764,39.959,44.334,95.416,180.792,True
1,70,764,40.292,44.208,95.292,180.833,True
1,71,764,39.958,57.083,96.208,194.375,True
1,72,764,40.125,44.042,95.209,180.458,True
1,73,764,39.958,45.958,95.709,182.666,True
1,74,764,39.958,46.417,95.458,182.875,True
1,75,764,40.084,45.125,95.542,181.834,True
1,76,764,39.75,44.166,108.459,193.5,True
1,77,764,40.209,63.291,96.667,201.292,True
1,78,764,40.708,45.375,95.208,182.417,True
1,79,764,40.084,47.875,95.459,184.5,True
1,80,764,40.125,44.542,95.583,181.292,True
1,81,764,39.833,45.042,105.708,191.667,True
1,82,764,40.083,44.417,96.708,182.292,True
1,83,764,39.958,62.625,96.584,200.292,True
1,84,764,39.958,46.25,95.459,182.708,True
1,85,764,39.958,45.25,95.5,181.75,True
1,86,764,39.75,45.333,105.125,191.291,True
1,87,764,40.208,45.833,95.417,182.542,True
1,88,764,39.834,46.083,95.458,182.417,True
1,89,764,39.875,45.791,95.667,182.416,True
1,90,764,39.917,45.792,95.5,182.25,True
1,91,764,39.708,44.459,104.625,189.958,True
1,92,764,42.208,44.625,95.458,183.333,True
1,93,764,39.875,45.459,95.5,181.833,True
1,94,764,40.083,46.75,95.292,183.167,True
1,95,764,40.667,45.208,95.583,182.458,True
1,96,764,40.292,45.375,104.875,191.792,True
1,97,764,40.333,45.583,95.5,182.459,True
1,98,764,40.083,45.25,95.333,181.75,True
1,99,764,40.167,45.042,95.583,181.875,True
1,100,764,39.792,62.083,96.5,199.5,True
1,101,764,40.25,45.25,105.125,191.708,True
1,102,764,41.125,61.584,96.459,200.25,True
1,103,764,39.792,45.208,95.792,181.792,True
1,104,764,40.042,61.166,96.416,198.75,True
1,105,764,39.958,56.833,95.875,193.75,True
1,106,764,39.792,40.875,104.209,185.959,True
1,107,764,40.25,42.5,94.833,178.459,True
1,108,764,39.625,40.792,94.417,175.833,True
1,109,764,39.417,39.042,94.334,173.708,True
1,110,764,39.833,40.625,94.708,176.042,True
1,111,764,39.417,57.166,98.625,196.209,True
1,112,764,54.542,50.042,95.792,201.458,True
1,113,764,40.125,40.0,94.458,175.542,True
1,114,764,39.958,140.875,126.25,309.25,True
1,115,764,64.916,59.333,99.292,224.875,True
1,116,764,60.917,44.125,105.708,211.958,True
1,117,764,60.375,102.0,105.0,269.167,True
1,118,764,43.208,61.083,108.75,214.083,True
1,119,764,40.042,59.167,96.209,196.458,True
1,120,764,39.958,68.917,95.917,205.875,True
1,121,764,39.792,63.708,96.541,201.125,True
1,122,764,39.708,45.083,95.25,181.125,True
1,123,764,39.917,44.833,95.5,181.375,True
1,124,764,39.75,56.625,96.167,193.625,True
1,125,764,39.584,53.458,96.25,190.375,True
1,126,764,39.75,45.0,95.333,181.167,True
1,127,764,39.584,45.166,95.709,181.459,True
1,128,764,39.708,45.25,95.208,181.292,True
1,129,764,39.833,62.5,99.167,202.584,True
1,130,764,40.041,53.292,97.167,191.584,True
1,131,764,40.167,45.041,95.667,181.959,True
1,132,764,40.167,45.25,95.459,181.917,True
1,133,764,40.084,63.833,106.042,211.125,True
1,134,764,40.0,48.458,95.958,185.416,True
1,135,764,39.667,54.333,97.083,192.167,True
1,136,764,39.625,64.625,97.416,202.792,True
1,137,764,40.0,66.375,96.792,204.25,True
1,138,764,39.75,78.666,112.833,232.958,True
1,139,764,53.875,68.75,115.208,239.167,True
1,140,764,43.417,57.708,96.333,198.625,True
1,141,764,41.625,66.917,95.875,205.542,True
1,142,764,41.125,45.166,95.625,182.917,True
1,143,764,41.75,111.5,110.125,265.0,True
1,144,764,64.042,78.458,103.292,247.917,True
1,145,764,47.416,95.041,107.459,251.667,True
1,146,764,46.375,47.75,96.0,191.291,True
1,147,764,40.916,45.125,95.584,182.666,True
1,148,764,51.875,49.958,96.958,200.0,True
1,149,764,40.209,57.5,110.167,209.042,True
1,150,764,39.958,50.833,95.0,186.875,True
1,151,764,40.0,45.584,95.459,182.166,True
1,152,764,39.708,65.333,107.459,213.791,True
1,153,764,40.125,44.458,95.458,181.083,True
1,154,764,39.5,82.708,107.083,230.75,True
1,155,764,46.041,48.875,96.709,192.833,True
1,156,764,41.0,79.125,104.959,226.666,True
1,157,764,44.042,86.125,96.0,227.25,True
1,158,764,51.167,46.458,95.792,194.459,True
1,159,764,39.792,65.375,96.541,202.875,True
1,160,764,39.708,56.958,96.375,194.167,True
1,161,764,40.25,44.875,95.333,181.458,True
1,162,764,39.958,69.958,97.667,208.708,True
1,163,764,39.75,46.125,95.875,182.834,True
1,164,764,40.583,44.375,95.375,181.375,True
1,165,764,39.875,43.958,95.375,180.25,True
1,166,764,39.916,78.0,119.167,238.625,True
1,167,764,45.167,66.208,97.25,209.792,True
1,168,764,41.458,60.584,96.542,199.708,True
1,169,764,41.0,85.041,110.542,238.125,True
1,170,764,43.459,47.833,96.875,189.209,True
1,171,764,55.417,46.833,95.792,199.208,True
1,172,764,40.292,48.75,95.75,185.834,True
1,173,764,39.583,82.333,105.583,228.959,True
1,174,764,44.125,66.5,98.084,209.875,True
1,175,764,40.708,57.875,108.334,208.166,True
1,176,764,42.0,46.083,96.167,185.375,True
1,177,764,40.291,62.792,97.292,201.5,True
1,178,764,40.209,63.459,96.75,201.625,True
1,179,764,40.208,61.458,96.959,199.833,True
1,180,764,40.458,44.458,106.708,192.791,True
1,181,764,40.792,46.25,95.917,184.042,True
1,182,764,40.625,44.25,95.333,181.333,True
1,183,764,40.459,45.0,96.125,182.667,True
1,184,764,40.208,44.666,95.458,181.458,True
1,185,764,40.375,44.5,105.167,191.25,True
1,186,764,40.083,44.666,95.459,181.291,True
1,187,764,40.25,46.166,107.0,194.5,True
1,188,764,40.334,47.416,95.583,184.375,True
1,189,764,51.708,46.5,95.875,195.167,True
1,190,764,52.833,46.041,105.375,205.458,True
1,191,764,40.291,46.125,95.583,183.042,True
1,192,764,40.417,44.208,95.333,181.042,True
1,193,764,39.959,44.333,95.375,180.792,True
1,194,764,40.042,44.291,95.292,180.666,True
1,195,764,40.209,44.291,115.958,201.667,True
1,196,764,40.25,44.875,95.542,181.833,True
1,197,764,40.083,62.917,96.667,200.791,True
1,198,764,40.375,61.292,96.542,199.333,True
1,199,764,40.166,46.042,95.709,183.041,True
1,200,764,40.292,44.083,105.542,191.042,True
1,201,764,42.166,46.084,95.583,184.916,True
1,202,764,40.625,45.75,95.584,183.083,True
1,203,764,40.625,44.083,95.458,181.291,True
1,204,764,40.5,45.458,95.625,182.666,True
1,205,764,40.417,44.125,108.75,194.458,True
1,206,764,40.917,44.625,101.208,187.875,True
1,207,764,40.625,44.375,95.5,181.542,True
1,208,764,40.459,65.042,96.459,203.125,True
1,209,764,40.5,56.667,96.208,194.5,True
1,210,764,40.25,44.167,104.833,190.333,True
1,211,764,42.166,44.417,95.375,183.083,True
1,212,764,40.083,44.792,95.417,181.375,True
1,213,764,40.292,45.541,95.542,182.5,True
1,214,764,40.208,44.25,95.375,180.958,True
1,215,764,40.333,44.167,104.375,190.083,True
1,216,764,40.333,44.916,95.292,181.666,True
1,217,764,40.25,44.041,95.375,180.75,True
1,218,764,40.25,46.833,95.334,183.416,True
1,219,764,40.209,44.792,111.916,198.042,True
1,220,764,40.542,44.166,104.709,190.5,True
1,221,764,40.583,45.667,95.5,182.833,True
1,222,764,40.292,46.959,95.375,183.666,True
1,223,764,40.708,44.083,95.667,181.5,True
1,224,764,40.292,64.25,96.417,202.083,True
1,225,764,40.167,44.042,105.041,190.334,True
1,226,764,41.75,46.125,95.333,184.333,True
1,227,764,40.417,44.167,95.291,180.917,True
1,228,764,40.084,61.833,96.458,199.542,True
1,229,764,40.042,45.916,95.292,182.375,True
1,230,764,39.917,44.25,104.708,190.083,True
1,231,764,40.292,45.75,95.459,182.583,True
1,232,764,40.542,44.083,95.167,180.875,True
1,233,764,40.375,45.542,95.875,182.833,True
1,234,764,40.208,44.5,95.333,181.125,True
1,235,764,40.417,44.542,95.5,181.542,True
1,236,764,40.541,44.875,95.208,181.708,True
1,237,764,40.583,45.25,95.541,182.5,True
1,238,764,39.875,46.875,95.125,182.959,True
1,239,764,39.708,38.583,94.375,173.583,True
1,240,764,40.125,40.291,94.333,175.583,True
1,241,764,39.917,49.958,96.083,186.917,True
1,242,764,40.25,39.583,94.292,175.042,True
1,243,764,39.75,38.375,94.417,173.5,True
1,244,764,39.875,38.917,94.333,174.084,True
1,245,764,51.167,40.166,94.542,187.042,True
1,246,764,40.0,38.584,105.875,185.625,True
1,247,764,40.292,40.25,94.25,175.625,True
1,248,764,39.708,38.709,94.208,173.542,True
1,249,764,39.833,38.0,94.125,172.791,True
1,250,764,39.458,38.291,94.083,172.709,True
1,251,764,1864.084,112.084,102.917,2081.833,True
1,252,764,46.916,43.416,109.833,201.25,True
1,253,764,43.083,41.875,95.667,181.541,True
1,254,764,42.208,39.292,95.375,177.916,True
1,255,764,41.625,39.416,94.958,176.875,True
1,256,764,40.584,40.667,94.958,177.125,True
1,257,764,40.5,38.917,105.208,185.75,True
1,258,764,54.75,41.458,94.833,192.0,True
1,259,764,40.25,50.833,104.833,197.209,True
1,260,764,41.917,44.0,95.25,182.209,True
1,261,764,3145.542,126.708,418.25,3694.75,True
1,262,764,75.083,80.625,103.125,260.334,True
1,263,764,45.625,49.416,98.166,194.292,True
1,264,764,42.75,70.834,112.083,226.959,True
1,265,764,42.334,45.791,96.417,185.625,True
1,266,764,41.334,63.541,97.542,203.459,True
1,267,764,40.958,47.167,95.875,185.083,True
1,268,764,40.833,44.792,96.625,183.333,True
1,269,764,40.625,70.167,97.458,209.375,True
1,270,764,47.958,50.708,95.625,195.291,True
1,271,764,40.25,44.125,96.084,181.5,True
1,272,764,40.083,83.667,111.959,237.375,True
1,273,764,54.958,50.958,97.875,204.959,True
1,274,764,43.833,46.708,95.958,187.667,True
1,275,764,41.541,46.75,96.0,185.417,True
1,276,764,41.875,48.083,96.167,187.208,True
1,277,764,41.458,75.625,106.375,224.875,True
1,278,764,45.25,47.625,107.333,201.375,True
1,279,764,40.958,46.084,99.0,187.125,True
1,280,764,40.208,148.459,118.333,308.792,True
1,281,764,57.541,56.833,99.334,215.0,True
1,282,764,46.042,50.0,117.875,215.334,True
1,283,764,43.125,47.333,96.833,188.5,True
1,284,764,41.791,46.042,96.25,185.208,True
1,285,764,41.625,47.5,96.541,186.75,True
1,286,764,41.166,57.208,95.708,195.25,True
1,287,764,40.792,44.958,105.833,192.792,True
1,288,764,41.167,77.875,106.167,226.625,True
1,289,764,44.583,47.375,95.75,188.708,True
1,290,764,40.542,65.583,106.708,213.959,True
1,291,764,40.25,83.916,106.167,231.791,True
1,292,764,60.917,54.5,95.791,212.292,True
1,293,764,40.958,48.667,95.791,186.458,True
1,294,764,40.792,45.958,95.625,183.458,True
1,295,764,40.75,54.584,95.25,191.667,True
1,296,764,40.25,44.208,95.625,181.166,True
1,297,764,40.708,58.042,96.583,196.417,True
1,298,764,40.209,46.666,95.708,183.667,True
1,299,764,40.584,57.083,95.208,193.959,True
1,300,764,40.541,45.0,95.75,182.416,True
1,301,764,40.375,44.125,105.875,191.541,True
1,302,764,40.375,64.833,96.958,203.292,True
1,303,764,40.5,45.875,95.5,183.0,True
1,304,764,40.25,44.166,95.167,180.666,True
1,305,764,40.042,64.375,97.042,202.625,True
1,306,764,40.583,66.125,107.584,215.5,True
1,307,764,40.542,44.791,95.584,181.958,True
1,308,764,40.291,83.875,105.417,231.041,True
1,309,764,44.083,60.125,96.458,201.792,True
1,310,764,40.583,44.875,95.5,182.041,True
1,311,764,40.292,71.541,96.625,209.583,True
1,312,764,40.042,44.625,95.5,181.25,True
1,313,764,40.584,47.166,96.708,185.5,True
1,314,764,40.167,44.917,95.5,181.542,True
1,315,764,60.709,46.209,95.917,203.875,True
1,316,764,50.708,47.583,95.792,195.166,True
1,317,764,40.25,63.375,96.833,201.541,True
1,318,764,40.291,45.542,95.459,182.416,True
1,319,764,40.0,44.666,95.5,181.209,True
1,320,764,39.875,44.25,95.625,180.75,True
1,321,764,50.208,44.667,96.75,192.708,True
1,322,764,40.333,45.875,95.417,182.667,True
1,323,764,40.334,44.208,96.333,181.917,True
1,324,764,40.125,45.584,95.459,182.25,True
1,325,764,40.083,61.542,96.584,199.291,True
1,326,764,52.166,46.333,117.125,217.25,True
1,327,764,44.667,53.667,95.917,195.334,True
1,328,764,40.083,45.084,95.709,181.916,True
1,329,764,39.917,46.083,96.0,183.167,True
1,330,764,40.333,46.542,111.083,199.166,True
1,331,764,39.875,65.334,96.75,203.125,True
1,332,764,40.041,46.084,95.5,182.709,True
1,333,764,39.75,78.625,96.75,216.25,True
1,334,764,39.834,45.584,95.667,182.209,True
1,335,764,40.084,45.542,105.875,192.625,True
1,336,764,40.0,45.083,95.375,181.5,True
1,337,764,40.417,44.333,95.458,181.292,True
1,338,764,39.916,44.708,106.625,192.375,True
1,339,764,40.167,44.125,95.25,180.583,True
1,340,764,39.959,44.791,111.583,197.5,True
1,341,764,39.917,44.25,95.416,180.625,True
1,342,764,40.25,64.083,96.709,202.125,True
1,343,764,39.833,43.958,95.5,180.375,True
1,344,764,39.959,44.166,95.125,180.292,True
1,345,764,39.958,45.875,105.709,192.75,True
1,346,764,39.917,44.375,96.666,182.0,True
1,347,764,39.708,46.584,95.542,182.917,True
1,348,764,51.625,47.333,95.167,195.25,True
1,349,764,40.334,46.417,95.958,183.792,True
1,350,764,40.334,44.0,104.792,190.25,True
1,351,764,40.417,45.625,95.625,182.708,True
1,352,764,40.25,45.042,95.542,181.875,True
1,353,764,40.083,63.083,96.791,201.083,True
1,354,764,39.875,44.041,95.625,180.625,True
1,355,764,40.167,44.5,105.458,191.25,True
1,356,764,39.875,58.416,95.875,195.292,True
1,357,764,39.959,43.916,95.292,186.667,True
1,358,764,40.083,44.25,95.417,180.875,True
1,359,764,40.0,44.042,95.625,180.708,True
1,360,764,39.917,45.125,109.167,195.417,True
1,361,764,43.083,193.208,117.958,355.916,True
1,362,764,51.375,54.958,99.125,206.625,True
1,363,764,41.375,50.959,130.667,224.833,True
1,364,764,48.125,81.875,98.417,229.958,True
1,365,764,41.084,62.875,97.166,202.292,True
1,366,764,40.5,64.416,97.875,204.0,True
1,367,764,40.417,58.958,96.791,197.25,True
1,368,764,40.916,63.292,112.333,217.875,True
1,369,764,42.875,58.416,96.583,199.0,True
1,370,764,40.417,45.666,95.542,182.708,True
1,371,764,40.291,44.834,95.542,181.75,True
1,372,764,39.833,44.958,95.334,181.166,True
1,373,764,39.791,63.959,110.625,215.584,True
1,374,764,40.25,44.75,98.041,184.083,True
1,375,764,39.875,44.458,109.875,195.333,True
1,376,764,40.0,44.208,95.708,181.0,True
1,377,764,40.0,45.5,95.917,182.458,True
1,378,764,40.292,44.208,105.292,190.917,True
1,379,764,40.166,46.0,95.625,182.833,True
1,380,764,40.0,44.167,95.459,180.667,True
1,381,764,40.167,61.875,108.584,211.708,True
1,382,764,40.291,44.542,95.667,181.625,True
1,383,764,40.334,44.208,117.542,203.208,True
1,384,764,40.084,45.75,95.416,182.375,True
1,385,764,40.292,44.583,95.584,181.458,True
1,386,764,40.5,45.792,95.791,183.167,True
1,387,764,40.417,44.167,95.292,180.959,True
1,388,764,39.958,44.5,109.125,194.792,True
1,389,764,40.25,47.0,95.709,184.0,True
1,390,764,40.458,56.834,96.583,195.0,True
1,391,764,40.542,47.333,95.875,184.75,True
1,392,764,40.25,45.583,95.791,182.708,True
1,393,764,40.25,64.5,109.792,215.792,True
1,394,764,40.042,46.125,98.208,185.417,True
1,395,764,40.458,44.0,95.417,181.0,True
1,396,764,39.833,64.709,96.625,202.208,True
1,397,764,40.291,57.0,96.125,194.5,True
1,398,764,39.958,45.375,109.25,195.75,True
1,399,764,40.166,62.459,96.542,200.291,True
1,400,764,40.333,45.583,95.75,182.709,True
1,401,764,40.0,57.417,96.334,194.833,True
1,402,764,40.208,57.292,96.334,194.875,True
1,403,764,40.208,45.667,105.583,192.583,True
1,404,764,40.25,45.625,97.042,183.916,True
1,405,764,40.417,44.375,95.625,181.5,True
1,406,764,39.625,45.375,95.583,181.666,True
1,407,764,40.0,44.083,95.625,180.834,True
1,408,764,40.042,46.208,105.0,192.417,True
1,409,764,40.209,44.666,95.25,181.209,True
1,410,764,40.083,44.208,95.834,181.125,True
1,411,764,40.167,44.208,95.708,181.167,True
1,412,764,39.75,45.917,95.333,182.084,True
1,413,764,39.75,44.166,104.75,189.792,True
1,414,764,39.875,44.417,95.541,180.917,True
1,415,764,40.167,44.25,95.459,180.916,True
1,416,764,40.083,60.75,96.75,198.708,True
1,417,764,40.125,44.417,95.834,181.416,True
1,418,764,40.125,44.042,105.0,190.25,True
1,419,764,39.917,44.75,96.666,182.417,True
1,420,764,40.0,46.75,95.417,183.25,True
1,421,764,53.25,46.125,95.459,195.958,True
1,422,764,40.375,57.5,111.959,210.916,True
1,423,764,40.542,47.75,105.084,194.584,True
1,424,764,40.458,44.375,95.375,181.291,True
1,425,764,40.042,45.208,95.583,181.917,True
1,426,764,40.334,45.875,95.5,182.834,True
1,427,764,39.875,43.75,95.625,180.291,True
1,428,764,40.25,45.667,108.667,195.792,True
1,429,764,40.208,45.583,95.541,182.458,True
1,430,764,40.084,43.959,95.541,180.708,True
1,431,764,40.25,45.417,95.458,182.209,True
1,432,764,40.208,45.708,95.625,182.667,True
1,433,764,40.542,44.125,95.541,181.334,True
1,434,764,49.0,49.041,95.75,194.875,True
1,435,764,40.125,44.542,108.292,194.042,True
1,436,764,40.041,46.25,103.75,191.084,True
1,437,764,40.25,57.292,96.084,194.708,True
1,438,764,40.0,44.125,105.291,190.583,True
1,439,764,40.209,70.5,96.709,208.5,True
1,440,764,39.625,66.583,97.166,204.5,True
1,441,764,40.083,63.417,99.167,203.791,True
1,442,764,39.75,44.5,95.333,180.667,True
1,443,764,39.792,45.416,106.833,193.25,True
1,444,764,40.208,46.583,95.25,183.125,True
1,445,764,39.917,45.042,95.5,181.541,True
1,446,764,39.625,45.417,95.625,181.792,True
1,447,764,39.667,45.709,96.167,182.584,True
1,448,764,39.791,51.625,114.125,206.791,True
1,449,764,40.083,66.667,97.375,205.25,True
1,450,764,39.875,44.334,96.0,181.166,True
1,451,764,40.166,61.417,96.709,199.417,True
1,452,764,40.084,59.375,95.625,196.208,True
1,453,764,39.916,77.167,97.375,215.584,True
1,454,764,39.791,61.084,96.5,198.5,True
1,455,764,39.875,51.083,95.458,187.5,True
1,456,764,39.584,83.959,112.542,237.875,True
1,457,764,51.458,50.708,113.042,216.625,True
1,458,764,42.542,49.833,96.959,190.542,True
1,459,764,41.417,78.459,105.5,226.791,True
1,460,764,44.084,74.916,97.333,217.5,True
1,461,764,40.417,84.75,106.542,233.084,True
1,462,764,56.375,49.125,96.083,202.75,True
1,463,764,41.125,47.041,96.042,185.25,True
1,464,764,41.084,59.167,95.666,197.042,True
1,465,764,40.666,45.875,95.875,183.541,True
1,466,764,40.292,44.375,95.791,181.542,True
1,467,764,40.917,45.083,95.666,182.75,True
1,468,764,40.375,84.041,104.916,230.708,True
1,469,764,43.25,69.709,96.75,210.792,True
1,470,764,40.208,57.334,96.292,194.917,True
1,471,764,39.875,45.459,106.333,192.792,True
1,472,764,41.625,46.208,95.709,184.708,True
1,473,764,40.25,64.959,96.625,203.0,True
1,474,764,40.167,45.458,96.375,183.125,True
1,475,764,40.0,45.541,96.042,182.666,True
1,476,764,39.917,45.083,109.833,196.042,True
1,477,764,57.625,45.25,95.5,199.5,True
1,478,764,40.041,45.583,95.625,182.416,True
1,479,764,39.958,44.417,95.5,180.958,True
1,480,764,39.917,44.333,95.583,180.917,True
1,481,764,39.792,44.041,104.416,189.416,True
1,482,764,40.0,45.625,95.584,182.375,True
1,483,764,39.583,44.125,95.25,180.083,True
1,484,764,39.791,45.459,95.709,182.0,True
1,485,764,39.417,60.916,96.666,198.209,True
1,486,764,40.042,44.333,105.833,191.333,True
1,487,764,39.833,46.542,111.333,198.75,True
1,488,764,40.125,61.75,96.5,199.541,True
1,489,764,40.167,51.875,95.583,188.667,True
1,490,764,39.625,58.125,107.333,206.208,True
1,491,764,39.833,53.375,95.875,190.333,True
1,492,764,41.166,45.292,95.583,183.125,True
1,493,764,40.0,44.167,95.375,180.625,True
1,494,764,39.708,45.5,95.583,181.916,True
1,495,764,39.916,44.5,106.583,192.084,True
1,496,764,40.75,56.333,96.041,194.292,True
1,497,764,40.458,60.0,96.541,198.292,True
1,498,764,39.959,57.208,96.208,194.5,True
1,499,764,39.875,45.0,95.334,181.333,True
10,0,764,49.875,159.791,283.375,495.333,True
10,1,764,49.875,293.333,267.666,613.209,True
10,2,764,56.667,265.083,522.209,846.084,True
10,3,764,46.125,308.292,397.083,753.416,True
10,4,764,55.708,250.333,384.833,693.083,True
10,5,764,48.708,308.791,430.458,789.875,True
10,6,764,82.25,223.041,157.292,465.208,True
10,7,764,53.875,382.25,124.292,562.0,True
10,8,764,52.875,360.917,376.792,792.958,True
10,9,764,46.625,480.583,724.958,1254.292,True
10,10,764,49.542,308.792,442.125,802.792,True
10,11,764,48.375,433.708,331.667,816.125,True
10,12,764,45.042,378.666,400.542,826.208,True
10,13,764,49.792,351.0,518.542,921.625,True
10,14,764,45.125,53.959,121.916,222.083,True
10,15,764,58.208,479.584,749.083,1288.833,True
10,16,764,48.542,416.542,112.709,579.25,True
10,17,764,50.167,387.541,524.25,964.375,True
10,18,764,44.667,672.458,668.5,1387.5,True
10,19,764,48.625,385.375,595.875,1031.959,True
10,20,764,49.084,575.958,513.458,1140.875,True
10,21,764,49.125,676.334,124.5,851.916,True
10,22,764,47.791,628.292,394.292,1072.333,True
10,23,764,45.875,573.0,108.542,728.916,True
10,24,764,46.583,583.708,114.584,745.958,True
10,25,764,45.917,612.417,3110.291,3770.625,True
10,26,764,49.333,3471.0,370.541,3892.875,True
10,27,764,44.625,45.417,101.375,192.417,True
10,28,764,48.542,369.25,111.625,531.416,True
10,29,764,49.833,339.791,124.75,516.0,True
10,30,764,50.0,636.291,2266.5,2954.792,True
10,31,764,46.917,355.542,423.75,828.125,True
10,32,764,62.375,336.417,110.666,511.167,True
10,33,764,45.75,308.542,492.0,848.209,True
10,34,764,49.833,424.25,107.5,583.625,True
10,35,764,44.709,612.292,437.375,1096.25,True
10,36,764,49.375,628.125,546.5,1226.083,True
10,37,764,44.375,578.5,1291.834,1916.708,True
10,38,764,45.083,508.833,654.459,1210.292,True
10,39,764,56.792,430.583,702.916,1193.667,True
10,40,764,51.75,643.958,849.875,1548.083,True
10,41,764,49.125,692.25,108.334,851.208,True
10,42,764,50.709,791.625,885.709,1730.334,True
10,43,764,44.5,55.792,116.083,217.458,True
10,44,764,44.833,734.042,761.667,1542.375,True
10,45,764,45.791,843.708,110.917,1001.959,True
10,46,764,48.208,1631.291,863.625,2545.0,True
10,47,764,44.417,1197.875,786.333,2030.459,True
10,48,764,45.417,712.792,714.833,1475.042,True
10,49,764,52.625,760.0,700.916,1515.5,True
10,50,764,127.042,120.0,103.125,351.5,True
10,51,764,44.542,660.959,114.083,821.167,True
10,52,764,43.041,4213.833,112.666,4371.125,True
10,53,764,48.25,700.5,808.083,1558.917,True
10,54,764,48.041,694.5,814.667,1559.208,True
10,55,764,50.041,82.958,754.791,890.0,True
10,56,764,46.209,851.208,1325.916,2225.291,True
10,57,764,48.917,797.875,1563.333,2411.583,True
10,58,764,45.0,813.75,710.042,1570.708,True
10,59,764,49.292,822.333,698.666,1572.833,True
10,60,764,60.584,49.833,708.709,820.667,True
10,61,764,45.375,759.208,125.375,931.5,True
10,62,764,44.917,710.292,119.25,875.708,True
10,63,764,51.542,708.958,828.834,1591.333,True
10,64,764,49.625,705.416,830.292,1587.25,True
10,65,764,45.292,49.584,651.083,747.417,True
10,66,764,48.916,666.583,114.25,831.25,True
10,67,764,41.875,1412.292,1149.209,2605.25,True
10,68,764,49.0,823.166,1035.375,1909.542,True
10,69,764,45.583,824.375,132.458,1004.042,True
10,70,764,46.375,50.375,726.375,824.667,True
10,71,764,44.75,841.375,101.167,988.333,True
10,72,764,44.334,694.125,115.333,855.417,True
10,73,764,47.917,966.542,656.417,1672.833,True
10,74,764,45.292,2770.292,2908.792,5726.042,True
10,75,764,45.833,568.583,1247.041,1863.334,True
10,76,764,44.792,928.167,142.75,1117.333,True
10,77,764,47.75,45.125,311.0,404.958,True
10,78,764,43.375,563.084,102.792,710.375,True
10,79,764,46.958,1230.542,645.917,1925.041,True
10,80,764,41.375,1461.083,116.0,1619.542,True
10,81,764,45.458,45.167,1624.25,1716.458,True
10,82,764,45.833,53.958,1259.917,1361.083,True
10,83,764,61.875,724.958,107.584,895.958,True
10,84,764,44.958,1936.75,107.875,2091.0,True
10,85,764,56.292,694.209,677.917,1429.959,True
10,86,764,45.291,49.375,97.125,192.875,True
10,87,764,50.958,45.875,4075.25,4173.167,True
10,88,764,46.375,809.5,722.25,1579.667,True
10,89,764,44.709,2188.334,111.875,2346.625,True
10,90,764,45.542,653.792,105.083,805.666,True
10,91,764,49.167,755.625,126.0,932.334,True
10,92,764,44.917,695.5,493.875,1236.292,True
10,93,764,55.375,53.916,101.792,212.167,True
10,94,764,40.459,690.459,102.25,834.375,True
10,95,764,44.417,1165.458,594.667,1806.167,True
10,96,764,43.5,435.708,1178.834,1660.042,True
10,97,764,43.709,649.375,118.167,812.708,True
10,98,764,43.584,621.542,544.125,1211.208,True
10,99,764,40.791,46.125,673.375,761.417,True
10,100,764,44.0,669.584,581.667,1297.25,True
10,101,764,44.417,48.792,97.125,191.25,True
10,102,764,40.667,423.375,110.292,575.833,True
10,103,764,53.334,668.834,1601.667,2325.75,True
10,104,764,47.417,617.167,1678.542,2344.959,True
10,105,764,43.917,553.167,114.833,713.459,True
10,106,764,44.25,536.25,685.0,1267.5,True
10,107,764,44.708,584.5,165.584,796.042,True
10,108,764,41.292,555.084,195.875,794.167,True
10,109,764,49.459,1304.792,625.833,1981.667,True
10,110,764,45.917,73.667,609.125,730.417,True
10,111,764,43.625,56.375,729.916,831.459,True
10,112,764,41.5,711.333,207.333,961.833,True
10,113,764,44.375,744.709,1427.0,2217.625,True
10,114,764,48.084,662.958,785.917,1498.625,True
10,115,764,45.209,1316.833,123.666,1487.375,True
10,116,764,45.041,48.917,1729.083,1824.083,True
10,117,764,40.667,595.083,768.75,1406.417,True
10,118,764,45.334,49.667,561.334,657.792,True
10,119,764,45.125,1373.208,102.75,1522.25,True
10,120,764,45.375,1511.083,670.959,2229.417,True
10,121,764,40.958,791.291,118.334,951.916,True
10,122,764,46.042,751.917,2074.917,2874.708,True
10,123,764,45.0,49.084,100.042,195.125,True
10,124,764,40.5,974.292,565.958,1582.416,True
10,125,764,44.333,1162.167,803.083,2011.333,True
10,126,764,58.041,609.75,594.458,1264.291,True
10,127,764,50.083,54.875,1456.958,1563.416,True
10,128,764,43.041,495.917,113.959,654.458,True
10,129,764,48.208,979.291,3859.041,4888.542,True
10,130,764,44.458,53.083,534.958,634.083,True
10,131,764,41.583,61.666,102.583,206.917,True
10,132,764,41.417,852.958,684.416,1580.709,True
10,133,764,47.792,798.333,742.666,1590.833,True
10,134,764,45.208,812.0,123.416,982.041,True
10,135,764,46.0,768.541,682.833,1499.334,True
10,136,764,44.875,718.167,111.875,876.375,True
10,137,764,44.458,49.667,1237.5,1332.75,True
10,138,764,46.167,688.291,809.083,1545.5,True
10,139,764,49.5,736.625,759.208,1547.292,True
10,140,764,44.292,736.083,121.375,903.208,True
10,141,764,45.75,686.292,682.125,1416.125,True
10,142,764,45.209,806.291,665.167,1518.542,True
10,143,764,44.917,810.333,1265.125,2122.333,True
10,144,764,45.75,750.625,636.167,1434.458,True
10,145,764,45.209,759.083,631.583,1437.833,True
10,146,764,44.417,722.625,667.959,1436.542,True
10,147,764,44.292,703.5,662.042,1411.833,True
10,148,764,48.333,653.709,757.417,1461.458,True
10,149,764,45.917,630.0,823.541,1501.375,True
10,150,764,45.542,58.167,603.458,708.541,True
10,151,764,45.291,83.916,813.542,944.416,True
10,152,764,46.958,824.167,624.084,1497.125,True
10,153,764,44.875,826.75,1382.791,2256.417,True
10,154,764,47.583,771.041,634.667,1454.875,True
10,155,764,44.875,717.416,690.875,1455.125,True
10,156,764,44.459,49.5,614.958,710.292,True
10,157,764,44.709,734.5,745.0,1526.167,True
10,158,764,44.625,681.5,796.5,1524.542,True
10,159,764,44.584,629.167,851.5,1527.167,True
10,160,764,56.833,606.541,926.917,1592.292,True
10,161,764,45.667,686.625,120.958,854.75,True
10,162,764,48.584,1511.5,115.5,1677.209,True
10,163,764,45.0,89.583,977.875,1114.416,True
10,164,764,44.166,979.375,136.584,1161.709,True
10,165,764,44.625,930.375,683.542,1660.417,True
10,166,764,43.875,1352.583,717.958,2116.333,True
10,167,764,44.417,2184.5,719.708,2950.583,True
10,168,764,47.792,798.292,154.5,1002.542,True
10,169,764,44.333,748.708,1435.417,2230.333,True
10,170,764,44.959,1230.167,110.541,1387.208,True
10,171,764,44.667,745.125,590.541,1382.292,True
10,172,764,44.25,693.292,662.5,1401.708,True
10,173,764,43.791,696.667,110.708,852.708,True
10,174,764,56.875,641.083,732.834,1432.875,True
10,175,764,45.917,1225.75,712.917,1986.542,True
10,176,764,44.833,49.917,670.0,766.167,True
10,177,764,44.0,872.333,715.0,1633.25,True
10,178,764,50.0,825.0,110.959,987.334,True
10,179,764,61.458,760.583,717.667,1541.75,True
10,180,764,48.958,698.125,107.667,856.25,True
10,181,764,44.208,1415.833,713.75,2175.667,True
10,182,764,44.542,720.5,741.333,1508.25,True
10,183,764,49.458,711.584,743.708,1506.708,True
10,184,764,44.166,713.708,745.625,1505.5,True
10,185,764,44.208,702.458,667.167,1415.584,True
10,186,764,59.458,696.833,772.0,1530.333,True
10,187,764,44.708,740.708,722.292,1509.625,True
10,188,764,47.334,749.458,711.625,1510.459,True
10,189,764,44.25,741.25,721.25,1508.708,True
10,190,764,45.0,1314.875,734.792,2096.667,True
10,191,764,46.209,720.792,730.084,1499.0,True
10,192,764,62.709,702.916,730.875,1498.542,True
10,193,764,44.833,76.583,781.625,904.166,True
10,194,764,45.875,781.958,686.5,1516.292,True
10,195,764,44.917,780.833,692.0,1519.708,True
10,196,764,44.75,729.625,746.25,1522.625,True
10,197,764,45.333,729.208,749.0,1525.417,True
10,198,764,45.167,733.333,793.708,1573.917,True
10,199,764,45.167,731.25,803.333,1581.541,True
10,200,764,44.625,676.75,855.5,1578.709,True
10,201,764,45.875,747.541,744.667,1540.125,True
10,202,764,48.792,744.958,743.5,1539.25,True
10,203,764,45.125,793.209,771.125,1611.5,True
10,204,764,47.333,851.833,732.084,1633.083,True
10,205,764,46.625,800.5,797.208,1646.208,True
10,206,764,46.166,742.625,849.125,1639.834,True
10,207,764,45.625,742.0,127.875,917.0,True
10,208,764,46.333,767.667,1479.292,2295.166,True
10,209,764,45.0,776.125,785.709,1608.709,True
10,210,764,46.166,730.167,830.042,1608.25,True
10,211,764,45.042,847.209,705.167,1599.25,True
10,212,764,44.625,796.0,111.75,953.75,True
10,213,764,44.667,749.833,670.833,1466.875,True
10,214,764,44.833,783.791,737.875,1568.334,True
10,215,764,46.833,815.333,703.083,1567.166,True
10,216,764,44.834,762.208,757.708,1566.667,True
10,217,764,45.208,710.541,810.042,1567.625,True
10,218,764,59.25,734.916,758.333,1554.458,True
10,219,764,44.791,735.5,764.542,1546.625,True
10,220,764,46.041,690.208,816.333,1554.416,True
10,221,764,45.583,814.667,705.708,1567.875,True
10,222,764,47.25,764.667,765.541,1579.417,True
10,223,764,45.208,753.959,805.917,1606.958,True
10,224,764,45.083,762.5,802.833,1612.291,True
10,225,764,47.125,800.208,750.875,1600.0,True
10,226,764,44.958,747.25,807.25,1601.333,True
10,227,764,45.375,702.25,850.166,1599.583,True
10,228,764,45.958,799.25,754.167,1601.458,True
10,229,764,45.458,800.917,760.0,1608.292,True
10,230,764,45.333,748.125,803.459,1598.667,True
10,231,764,48.417,842.542,689.083,1581.917,True
10,232,764,44.958,790.542,735.292,1572.625,True
10,233,764,44.458,750.208,776.375,1572.916,True
10,234,764,45.708,757.875,778.417,1583.834,True
10,235,764,46.791,800.792,1269.0,2118.417,True
10,236,764,44.875,747.125,680.875,1474.792,True
10,237,764,45.25,695.0,736.583,1478.625,True
10,238,764,44.875,768.375,688.292,1503.583,True
10,239,764,44.459,762.0,753.75,1561.792,True
10,240,764,45.5,725.833,911.209,1684.375,True
10,241,764,45.208,741.625,111.5,899.833,True
10,242,764,45.833,691.834,805.459,1545.041,True
10,243,764,45.375,1452.666,582.708,2082.834,True
10,244,764,44.709,54.083,829.833,930.209,True
10,245,764,46.25,904.458,1176.333,2129.083,True
10,246,764,44.542,851.416,593.667,1491.459,True
10,247,764,44.083,839.833,635.542,1520.916,True
10,248,764,45.292,764.333,680.959,1492.417,True
10,249,764,45.125,715.0,102.917,864.333,True
10,250,764,44.792,656.625,679.625,1382.958,True
10,251,764,47.333,584.25,108.333,741.333,True
10,252,764,44.5,1377.583,669.292,2093.25,True
10,253,764,46.0,588.709,785.292,1421.792,True
10,254,764,44.416,769.834,1522.791,2338.625,True
10,255,764,44.917,782.625,724.417,1553.917,True
10,256,764,44.833,734.583,775.958,1557.333,True
10,257,764,44.833,774.916,727.583,1549.333,True
10,258,764,44.166,739.708,110.75,896.0,True
10,259,764,44.708,691.75,779.583,1517.916,True
10,260,764,44.709,627.25,114.375,787.542,True
10,261,764,44.334,1225.959,696.208,1968.417,True
10,262,764,45.208,724.916,692.083,1464.125,True
10,263,764,45.834,751.083,111.25,909.834,True
10,264,764,44.334,724.042,649.667,1419.875,True
10,265,764,45.084,1343.541,713.5,2104.084,True
10,266,764,45.0,741.875,702.042,1490.75,True
10,267,764,44.5,689.5,756.041,1491.917,True
10,268,764,44.5,693.125,1369.041,2108.583,True
10,269,764,44.917,695.416,689.25,1431.125,True
10,270,764,44.458,683.458,770.209,1500.125,True
10,271,764,45.083,693.291,767.666,1508.333,True
10,272,764,45.958,755.667,750.75,1554.334,True
10,273,764,45.084,705.542,110.333,862.417,True
10,274,764,44.917,1407.459,645.833,2099.833,True
10,275,764,44.667,762.834,755.791,1565.333,True
10,276,764,44.875,99.125,801.625,947.667,True
10,277,764,44.291,816.917,1381.584,2244.75,True
10,278,764,44.125,796.875,717.0,1559.958,True
10,279,764,44.458,794.416,111.458,951.875,True
10,280,764,45.042,734.791,677.958,1459.75,True
10,281,764,44.5,1417.625,124.334,1588.0,True
10,282,764,44.167,754.958,1885.25,2686.417,True
10,283,764,44.75,711.667,763.375,1521.709,True
10,284,764,44.834,660.459,111.208,818.25,True
10,285,764,45.291,703.167,1118.166,1868.25,True
10,286,764,45.417,651.333,109.042,807.375,True
10,287,764,44.541,825.75,568.5,1440.917,True
10,288,764,47.458,795.875,111.0,955.792,True
10,289,764,44.75,748.209,666.667,1461.583,True
10,290,764,44.958,682.625,103.542,832.25,True
10,291,764,44.333,697.125,699.583,1442.875,True
10,292,764,45.875,666.542,754.75,1469.166,True
10,293,764,44.875,617.666,805.292,1469.959,True
10,294,764,45.083,573.417,849.333,1469.75,True
10,295,764,43.791,763.25,770.042,1578.875,True
10,296,764,43.833,736.084,827.833,1609.75,True
10,297,764,44.875,852.625,1225.917,2125.417,True
10,298,764,45.291,817.75,115.792,980.334,True
10,299,764,44.333,759.292,715.542,1521.042,True
10,300,764,45.125,1980.333,633.0,2660.5,True
10,301,764,46.416,820.833,1882.083,2751.125,True
10,302,764,44.583,768.125,116.333,930.541,True
10,303,764,45.125,716.459,761.583,1525.084,True
10,304,764,44.708,656.916,110.375,813.541,True
10,305,764,43.5,691.084,120.875,857.0,True
10,306,764,44.916,671.417,125.083,842.958,True
10,307,764,44.167,1768.125,763.166,2577.459,True
10,308,764,44.0,788.958,127.75,962.292,True
10,309,764,44.291,754.917,721.583,1522.792,True
10,310,764,44.5,701.417,119.208,866.625,True
10,311,764,51.0,692.417,122.916,867.959,True
10,312,764,45.959,658.167,764.416,1470.375,True
10,313,764,45.167,1272.166,832.291,2151.625,True
10,314,764,44.666,620.167,798.709,1465.25,True
10,315,764,44.375,794.959,710.333,1551.542,True
10,316,764,44.292,764.375,779.833,1590.458,True
10,317,764,44.5,736.542,832.375,1615.334,True
10,318,764,47.041,760.625,831.125,1640.791,True
10,319,764,45.417,763.334,823.667,1634.375,True
10,320,764,45.958,701.25,876.917,1626.041,True
10,321,764,45.167,830.375,745.125,1622.5,True
10,322,764,46.333,778.084,735.167,1561.625,True
10,323,764,56.167,815.916,719.625,1593.75,True
10,324,764,46.5,859.459,699.208,1607.125,True
10,325,764,44.917,806.25,771.25,1624.417,True
10,326,764,45.708,751.5,832.167,1631.125,True
10,327,764,45.041,738.875,862.875,1648.709,True
10,328,764,46.333,717.792,866.708,1632.584,True
10,329,764,44.833,745.208,855.542,1647.5,True
10,330,764,58.583,692.583,907.875,1661.041,True
10,331,764,46.5,839.791,785.333,1673.625,True
10,332,764,45.833,866.083,780.917,1694.75,True
10,333,764,45.5,853.5,776.208,1677.167,True
10,334,764,46.041,898.5,721.541,1668.0,True
10,335,764,45.291,839.25,782.167,1668.584,True
10,336,764,48.375,782.709,827.458,1660.333,True
10,337,764,45.0,771.5,829.667,1648.042,True
10,338,764,45.375,767.375,828.042,1642.792,True
10,339,764,45.125,770.125,831.792,1648.916,True
10,340,764,45.333,713.5,865.25,1625.75,True
10,341,764,45.166,830.833,735.583,1613.459,True
10,342,764,45.75,817.625,748.834,1614.125,True
10,343,764,44.834,828.25,732.583,1607.75,True
10,344,764,45.375,842.209,693.333,1582.875,True
10,345,764,45.541,788.042,756.833,1592.416,True
10,346,764,45.167,732.334,812.792,1592.166,True
10,347,764,44.709,746.667,799.958,1593.208,True
10,348,764,47.375,724.042,795.791,1569.042,True
10,349,764,45.083,728.166,797.208,1572.416,True
10,350,764,44.25,691.209,865.333,1602.417,True
10,351,764,45.125,797.125,1325.0,2169.0,True
10,352,764,45.042,789.916,779.416,1616.292,True
10,353,764,45.084,785.541,780.875,1613.459,True
10,354,764,45.583,882.833,116.959,1046.958,True
10,355,764,44.667,813.292,774.625,1634.542,True
10,356,764,44.833,762.917,110.583,919.875,True
10,357,764,44.5,1455.375,121.625,1623.042,True
10,358,764,45.125,778.084,734.292,1559.375,True
10,359,764,44.959,771.0,726.875,1544.708,True
10,360,764,45.292,697.375,815.166,1559.667,True
10,361,764,44.625,811.542,719.167,1576.875,True
10,362,764,43.792,770.959,1347.625,2164.333,True
10,363,764,44.625,1313.416,112.625,1472.25,True
10,364,764,45.042,724.542,698.125,1469.625,True
10,365,764,46.042,803.209,1253.792,2105.167,True
10,366,764,45.333,750.083,1305.5,2102.75,True
10,367,764,44.209,772.0,699.209,1517.417,True
10,368,764,44.541,691.708,751.459,1489.708,True
10,369,764,44.667,699.5,111.834,857.583,True
10,370,764,45.375,641.417,111.083,799.375,True
10,371,764,44.792,722.208,770.25,1539.25,True
10,372,764,44.333,691.0,828.709,1566.0,True
10,373,764,45.208,743.125,775.917,1566.167,True
10,374,764,43.708,807.958,696.667,1550.167,True
10,375,764,44.0,770.792,752.709,1569.375,True
10,376,764,44.75,765.459,839.834,1651.958,True
10,377,764,44.667,825.542,740.417,1612.625,True
10,378,764,44.625,773.291,799.291,1619.167,True
10,379,764,44.75,776.0,799.459,1622.25,True
10,380,764,61.916,705.625,860.375,1630.0,True
10,381,764,45.0,1402.0,727.25,2176.292,True
10,382,764,44.958,734.5,799.958,1581.292,True
10,383,764,45.208,795.375,732.834,1575.375,True
10,384,764,44.834,857.833,673.916,1578.458,True
10,385,764,44.708,86.708,802.125,935.083,True
10,386,764,45.042,798.166,687.25,1532.583,True
10,387,764,44.292,797.583,674.667,1518.542,True
10,388,764,44.5,730.333,731.041,1507.833,True
10,389,764,51.792,723.584,736.167,1513.291,True
10,390,764,44.584,670.584,780.75,1497.875,True
10,391,764,44.458,692.833,762.417,1501.666,True
10,392,764,55.125,670.542,768.917,1496.541,True
10,393,764,45.125,731.625,711.333,1490.0,True
10,394,764,45.041,778.125,665.917,1491.0,True
10,395,764,44.792,768.875,713.583,1529.459,True
10,396,764,45.084,768.292,730.625,1545.833,True
10,397,764,44.292,766.542,743.5,1556.208,True
10,398,764,45.458,710.083,802.5,1559.958,True
10,399,764,44.458,710.833,812.333,1569.458,True
10,400,764,44.583,665.792,868.417,1580.625,True
10,401,764,45.167,722.042,1329.583,2098.875,True
10,402,764,44.625,735.625,787.959,1570.209,True
10,403,764,45.792,812.333,716.584,1576.625,True
10,404,764,45.334,885.542,110.958,1043.292,True
10,405,764,45.5,822.375,662.25,1531.958,True
10,406,764,44.958,792.792,692.584,1532.333,True
10,407,764,44.584,782.875,685.875,1515.167,True
10,408,764,57.417,715.375,733.666,1508.208,True
10,409,764,44.834,713.667,743.208,1503.708,True
10,410,764,61.666,641.291,841.083,1545.875,True
10,411,764,43.875,690.167,782.167,1518.083,True
10,412,764,45.125,687.25,791.0,1525.042,True
10,413,764,45.25,739.792,746.5,1533.375,True
10,414,764,45.375,834.875,1297.125,2179.417,True
10,415,764,44.666,782.625,1358.375,2187.584,True
10,416,764,44.709,780.834,699.25,1526.709,True
10,417,764,44.542,796.791,709.0,1552.292,True
10,418,764,59.5,736.875,750.291,1549.834,True
10,419,764,44.583,742.833,125.042,913.959,True
10,420,764,45.167,675.708,123.208,845.583,True
10,421,764,44.458,695.417,758.625,1500.542,True
10,422,764,44.792,697.625,766.125,1510.333,True
10,423,764,44.75,748.542,763.708,1558.792,True
10,424,764,44.084,784.667,709.875,1540.584,True
10,425,764,43.75,751.333,763.0,1559.958,True
10,426,764,44.417,762.416,758.25,1566.875,True
10,427,764,44.792,755.458,758.208,1560.375,True
10,428,764,44.792,711.75,821.708,1580.166,True
10,429,764,44.792,760.333,808.792,1615.833,True
10,430,764,44.959,707.584,867.834,1622.25,True
10,431,764,54.542,753.5,810.583,1620.625,True
10,432,764,44.916,754.083,812.417,1613.125,True
10,433,764,46.709,805.166,742.166,1595.959,True
10,434,764,44.834,865.375,704.875,1616.958,True
10,435,764,44.833,811.333,765.417,1623.416,True
10,436,764,44.5,809.791,770.833,1626.917,True
10,437,764,62.125,792.0,803.791,1659.916,True
10,438,764,45.167,745.292,911.375,1703.667,True
10,439,764,45.208,757.083,865.667,1670.0,True
10,440,764,45.542,703.416,936.375,1687.25,True
10,441,764,44.625,769.542,884.166,1700.25,True
10,442,764,44.959,801.459,858.541,1706.792,True
10,443,764,45.292,870.5,776.625,1694.292,True
10,444,764,45.542,941.791,717.167,1706.458,True
10,445,764,45.042,882.166,768.25,1697.125,True
10,446,764,44.917,875.791,770.958,1693.666,True
10,447,764,44.542,840.709,790.416,1677.667,True
10,448,764,44.792,784.125,834.208,1665.125,True
10,449,764,60.959,770.75,843.625,1677.334,True
10,450,764,45.209,707.959,880.166,1635.0,True
10,451,764,45.167,773.375,802.375,1622.917,True
10,452,764,45.083,783.041,812.208,1642.291,True
10,453,764,44.916,840.334,734.041,1621.417,True
10,454,764,44.791,857.917,711.375,1615.958,True
10,455,764,44.041,795.417,765.958,1607.417,True
10,456,764,44.791,795.125,752.708,1594.584,True
10,457,764,44.583,796.0,740.375,1582.875,True
10,458,764,57.0,738.833,789.375,1587.208,True
10,459,764,44.542,733.792,799.541,1579.792,True
10,460,764,44.583,701.25,852.875,1600.75,True
10,461,764,44.417,762.75,806.541,1615.667,True
10,462,764,44.417,736.416,820.625,1603.375,True
10,463,764,45.333,789.292,1386.834,2223.542,True
10,464,764,44.75,853.166,711.958,1611.75,True
10,465,764,44.958,800.5,763.5,1610.875,True
10,466,764,45.125,818.708,748.375,1614.208,True
10,467,764,56.625,805.5,111.125,974.875,True
10,468,764,44.541,754.375,120.917,921.375,True
10,469,764,44.833,1387.291,661.458,2095.458,True
10,470,764,45.083,717.542,704.916,1469.375,True
10,471,764,44.417,743.25,645.375,1434.917,True
10,472,764,44.75,762.125,669.708,1478.417,True
10,473,764,43.833,755.833,719.708,1521.291,True
10,474,764,43.75,706.083,770.834,1522.625,True
10,475,764,44.458,712.083,773.042,1531.583,True
10,476,764,44.583,645.25,841.792,1533.208,True
10,477,764,59.042,626.083,842.666,1529.75,True
10,478,764,44.875,660.958,864.167,1572.0,True
10,479,764,44.875,767.583,753.292,1567.625,True
10,480,764,45.542,840.458,685.958,1573.792,True
10,481,764,44.667,815.625,668.75,1530.917,True
10,482,764,44.25,862.166,649.416,1557.791,True
10,483,764,44.625,810.167,718.875,1575.584,True
10,484,764,44.292,758.625,771.709,1576.542,True
10,485,764,44.583,745.0,782.083,1573.583,True
10,486,764,44.417,684.125,841.459,1571.917,True
10,487,764,60.875,667.625,842.208,1572.709,True
10,488,764,45.291,648.042,835.5,1530.75,True
10,489,764,44.625,777.834,717.042,1541.416,True
10,490,764,44.5,840.208,686.792,1573.416,True
10,491,764,44.167,832.75,606.875,1485.625,True
10,492,764,55.333,823.125,551.5,1432.042,True
10,493,764,44.334,764.125,566.917,1377.167,True
10,494,764,44.458,722.208,528.667,1297.292,True
10,495,764,44.625,732.584,123.583,902.542,True
10,496,764,44.792,681.208,352.417,1080.375,True
10,497,764,44.167,924.334,110.75,1080.625,True
10,498,764,44.875,549.917,240.834,837.708,True
10,499,764,60.792,639.5,104.75,806.584,True
50,0,764,49.917,136.042,425.25,613.542,True
50,1,764,52.542,258.167,294.167,607.292,True
50,2,764,55.042,724.875,112.792,894.417,True
50,3,764,57.0,798.792,117.25,974.959,True
50,4,764,46.0,54.875,407.0,509.583,True
50,5,764,50.708,319.25,131.458,503.25,True
50,6,764,46.5,229.292,364.541,642.833,True
50,7,764,53.25,605.25,1475.5,2135.792,True
50,8,764,46.25,325.125,481.0,854.541,True
50,9,764,46.875,384.125,460.916,893.875,True
50,10,764,51.5,478.75,563.375,1096.166,True
50,11,764,52.208,572.125,945.125,1571.708,True
50,12,764,46.083,510.334,629.125,1187.958,True
50,13,764,47.458,551.292,620.375,1221.041,True
50,14,764,49.0,894.75,124.041,1069.542,True
50,15,764,53.375,68.292,121.292,244.625,True
50,16,764,46.917,589.334,564.958,1202.958,True
50,17,764,50.334,1042.709,435.625,1530.834,True
50,18,764,47.458,625.417,115.542,790.417,True
50,19,764,45.583,981.666,529.625,1558.666,True
50,20,764,52.584,97.291,461.292,613.25,True
50,21,764,46.209,489.084,581.458,1118.625,True
50,22,764,45.666,441.583,633.5,1122.583,True
50,23,764,46.375,50.167,473.792,571.667,True
50,24,764,58.167,560.042,532.958,1153.0,True
50,25,764,50.875,602.166,592.541,1247.834,True
50,26,764,46.125,541.458,649.583,1238.917,True
50,27,764,45.459,50.125,437.125,534.292,True
50,28,764,45.333,567.834,665.25,1280.166,True
50,29,764,50.791,640.667,532.167,1225.458,True
50,30,764,62.625,672.833,111.041,848.5,True
50,31,764,46.166,597.417,198.459,843.541,True
50,32,764,50.709,526.792,408.25,987.292,True
50,33,764,45.291,464.125,467.292,978.584,True
50,34,764,46.167,936.083,1163.208,2147.208,True
50,35,764,46.042,533.167,675.958,1257.541,True
50,36,764,57.166,645.584,575.5,1279.916,True
50,37,764,46.375,1925.792,100.5,2073.541,True
50,38,764,45.25,808.209,608.292,1463.208,True
50,39,764,50.0,622.375,485.042,1159.209,True
50,40,764,45.875,586.875,783.375,1418.5,True
50,41,764,50.833,81.625,683.25,817.5,True
50,42,764,44.917,50.083,113.333,209.334,True
50,43,764,48.0,50.166,684.75,784.042,True
50,44,764,45.166,715.583,102.041,863.834,True
50,45,764,45.709,643.584,453.625,1144.708,True
50,46,764,45.167,2638.959,105.625,2790.542,True
50,47,764,48.917,475.167,526.667,1052.708,True
50,48,764,45.916,452.959,155.958,657.083,True
50,49,764,45.625,438.833,688.916,1175.375,True
50,50,764,51.292,611.875,472.667,1137.458,True
50,51,764,46.5,49.791,103.208,200.375,True
50,52,764,57.042,630.667,608.958,1298.625,True
50,53,764,47.583,400.083,532.75,982.209,True
50,54,764,56.792,83.584,533.959,676.166,True
50,55,764,55.25,53.708,908.166,1018.667,True
50,56,764,46.625,1002.917,626.0,1677.833,True
50,57,764,45.208,570.833,395.042,1012.417,True
50,58,764,45.25,64.541,158.0,269.25,True
50,59,764,46.792,323.458,459.875,831.917,True
50,60,764,45.292,497.042,572.75,1116.958,True
50,61,764,50.25,471.709,576.25,1100.5,True
50,62,764,46.209,621.5,107.458,776.5,True
50,63,764,46.167,2300.292,109.666,2457.5,True
50,64,764,41.292,45.084,718.292,806.291,True
50,65,764,48.0,684.167,492.833,1226.584,True
50,66,764,45.417,728.042,523.416,1298.667,True
50,67,764,44.667,1273.834,1596.667,2916.5,True
50,68,764,44.75,1028.333,1618.708,2693.792,True
50,69,764,45.834,520.959,1321.708,1890.167,True
50,70,764,51.375,68.834,103.459,225.125,True
50,71,764,49.166,574.084,111.083,736.333,True
50,72,764,42.041,544.208,1105.792,1694.083,True
50,73,764,46.791,43.917,1639.0,1731.125,True
50,74,764,47.5,589.459,108.166,746.459,True
50,75,764,56.916,537.417,1059.458,1655.833,True
50,76,764,46.458,726.125,1162.334,1936.959,True
50,77,764,49.875,72.5,814.167,938.334,True
50,78,764,45.333,781.959,1119.75,1948.834,True
50,79,764,60.917,845.75,1123.959,2032.375,True
50,80,764,51.917,1066.833,123.125,1243.75,True
50,81,764,61.791,1158.958,904.708,2127.292,True
50,82,764,52.0,1940.708,1411.125,3405.792,True
50,83,764,45.541,1118.25,887.125,2052.75,True
50,84,764,45.042,1121.083,886.0,2054.083,True
50,85,764,44.917,1100.667,99.541,1246.125,True
50,86,764,46.417,2165.875,106.959,2320.333,True
50,87,764,44.709,966.208,112.75,1125.083,True
50,88,764,45.209,1523.458,803.708,2373.792,True
50,89,764,45.167,899.958,908.917,1855.375,True
50,90,764,47.917,884.417,755.875,1690.083,True
50,91,764,45.708,53.625,890.833,991.625,True
50,92,764,48.0,906.625,1093.25,2049.875,True
50,93,764,44.75,960.625,108.542,1115.25,True
50,94,764,45.791,1332.625,595.208,1975.0,True
50,95,764,51.208,786.833,608.666,1448.833,True
50,96,764,48.834,726.75,119.75,896.917,True
50,97,764,45.084,678.792,152.834,878.167,True
50,98,764,45.25,49.5,102.125,197.917,True
50,99,764,47.417,596.292,112.125,757.166,True
50,100,764,49.167,539.083,564.292,1154.417,True
50,101,764,46.791,1704.792,115.209,1868.708,True
50,102,764,46.584,499.334,110.833,658.125,True
50,103,764,46.125,442.083,670.292,1160.458,True
50,104,764,66.958,67.458,3362.75,3499.083,True
50,105,764,49.792,550.75,107.167,709.208,True
50,106,764,48.625,43.25,96.958,189.791,True
50,107,764,40.625,1059.291,107.541,1208.75,True
50,108,764,50.958,1274.0,759.792,2086.584,True
50,109,764,44.709,1269.584,794.333,2109.833,True
50,110,764,47.792,50.292,795.75,895.25,True
50,111,764,49.625,84.75,646.333,782.542,True
50,112,764,45.458,5304.625,429.333,5780.792,True
50,113,764,46.542,870.208,111.875,1030.584,True
50,114,764,47.917,706.875,788.375,1545.125,True
50,115,764,45.5,768.042,875.416,1690.834,True
50,116,764,45.042,998.667,1825.584,2871.125,True
50,117,764,87.666,802.583,990.459,1882.583,True
50,118,764,50.083,841.625,996.417,1890.583,True
50,119,764,45.292,868.583,2166.875,3082.667,True
50,120,764,45.292,49.833,822.5,919.042,True
50,121,764,49.792,906.791,1184.666,2143.167,True
50,122,764,47.75,987.5,1204.333,2242.041,True
50,123,764,45.917,991.292,110.542,1149.167,True
50,124,764,47.0,936.375,1170.459,2155.834,True
50,125,764,45.416,954.292,1258.417,2260.041,True
50,126,764,48.875,49.583,977.125,1077.0,True
50,127,764,50.0,75.834,1260.208,1387.875,True
50,128,764,46.292,1259.084,1166.417,2473.917,True
50,129,764,46.417,1202.291,1161.375,2411.375,True
50,130,764,45.25,1202.5,1454.291,2703.792,True
50,131,764,48.458,1251.625,1014.917,2316.333,True
50,132,764,48.834,50.375,1197.458,1298.125,True
50,133,764,63.875,1230.125,1147.042,2443.0,True
50,134,764,52.0,1932.083,706.25,2692.334,True
50,135,764,45.209,1228.834,113.625,1389.167,True
50,136,764,46.0,1177.042,1047.417,2272.416,True
50,137,764,45.333,1079.292,108.875,1234.875,True
50,138,764,48.916,1053.0,99.583,1202.5,True
50,139,764,45.792,972.583,338.916,1359.167,True
50,140,764,45.125,871.417,107.666,1025.625,True
50,141,764,50.0,830.375,1746.709,2628.791,True
50,142,764,48.25,49.167,640.583,738.833,True
50,143,764,46.125,52.459,548.458,649.167,True
50,144,764,52.083,632.917,111.041,797.5,True
50,145,764,48.083,51.125,1997.25,2097.708,True
50,146,764,49.709,582.375,110.709,744.375,True
50,147,764,47.625,532.042,2024.75,2606.625,True
50,148,764,45.709,591.375,725.625,1364.417,True
50,149,764,50.417,83.708,438.916,574.917,True
50,150,764,45.25,677.959,527.167,1252.208,True
50,151,764,45.333,722.167,786.333,1555.542,True
50,152,764,45.666,1150.208,110.459,1307.75,True
50,153,764,83.0,64.209,102.708,250.958,True
50,154,764,44.75,3489.417,1136.5,4672.542,True
50,155,764,47.334,676.5,809.833,1535.75,True
50,156,764,45.584,794.667,799.292,1641.292,True
50,157,764,51.083,817.291,981.584,1851.875,True
50,158,764,46.625,49.625,1420.083,1517.791,True
50,159,764,49.291,50.458,752.75,853.875,True
50,160,764,48.75,1662.875,988.958,2702.584,True
50,161,764,49.625,802.667,1122.416,1976.625,True
50,162,764,49.75,986.875,1019.125,2057.916,True
50,163,764,45.875,937.875,1066.5,2051.917,True
50,164,764,46.417,49.708,833.375,930.917,True
50,165,764,46.166,50.167,6887.875,6985.125,True
50,166,764,40.417,3107.959,3724.417,6874.334,True
50,167,764,46.709,1117.292,951.625,2117.584,True
50,168,764,45.791,1079.583,1188.292,2315.625,True
50,169,764,48.416,1023.083,1173.125,2246.458,True
50,170,764,49.875,50.625,138.084,240.083,True
50,171,764,45.583,48.416,97.5,192.458,True
50,172,764,44.125,814.959,136.708,997.292,True
50,173,764,45.25,949.542,2048.708,3045.333,True
50,174,764,49.458,1172.167,2082.875,3306.833,True
50,175,764,45.584,1179.708,892.084,2119.334,True
50,176,764,46.792,1130.708,946.583,2125.917,True
50,177,764,45.583,50.041,102.084,198.75,True
50,178,764,44.583,936.375,220.125,1202.666,True
50,179,764,44.583,1028.667,140.583,1215.542,True
50,180,764,45.208,1099.917,1180.25,2327.25,True
50,181,764,46.5,981.291,1249.5,2279.25,True
50,182,764,49.0,888.292,1399.75,2338.833,True
50,183,764,50.375,935.417,1345.541,2333.292,True
50,184,764,49.125,945.208,107.458,1103.333,True
50,185,764,41.541,1073.917,1444.542,2561.916,True
50,186,764,46.5,1017.708,1508.667,2574.75,True
50,187,764,53.75,85.333,1323.334,1464.375,True
50,188,764,46.5,1394.75,1306.334,2749.375,True
50,189,764,45.75,1341.792,1361.709,2751.125,True
50,190,764,45.667,59.708,1356.042,1463.333,True
50,191,764,46.167,1507.667,2060.708,3616.542,True
50,192,764,58.792,1436.25,1164.417,2661.333,True
50,193,764,88.708,1454.042,127.084,1671.458,True
50,194,764,45.5,1390.125,1144.5,2581.583,True
50,195,764,45.833,1336.666,127.792,1511.792,True
50,196,764,44.5,2286.25,124.792,2457.0,True
50,197,764,45.333,2412.125,3730.791,6189.625,True
50,198,764,62.792,52.875,1294.792,1412.208,True
50,199,764,45.166,49.834,97.292,193.166,True
50,200,764,40.25,1157.75,1099.458,2299.209,True
50,201,764,49.458,2014.0,2304.541,4369.916,True
50,202,764,48.375,983.041,1171.833,2205.125,True
50,203,764,51.583,2136.625,2478.875,4669.208,True
50,204,764,55.167,2188.791,113.5,2359.0,True
50,205,764,44.75,1152.209,111.167,1309.708,True
50,206,764,48.458,1099.042,2123.334,3272.833,True
50,207,764,44.834,2199.541,132.25,2378.125,True
50,208,764,47.0,52.375,103.25,203.75,True
50,209,764,52.667,3420.292,10814.208,14289.334,True
50,210,764,47.458,1178.667,1067.125,2295.166,True
50,211,764,51.292,1138.25,108.75,1299.833,True
50,212,764,45.875,1132.292,1221.333,2401.541,True
50,213,764,46.208,1084.291,108.916,1240.917,True
50,214,764,45.333,2302.792,122.667,2472.209,True
50,215,764,46.5,1163.167,134.334,1345.958,True
50,216,764,46.5,1108.542,1491.166,2647.75,True
50,217,764,51.25,1110.625,1482.084,2646.25,True
50,218,764,47.625,2728.667,1681.75,4460.0,True
50,219,764,45.958,1262.584,2961.459,4271.917,True
50,220,764,44.666,1322.375,1305.875,2674.583,True
50,221,764,52.167,1289.459,1360.458,2704.083,True
50,222,764,51.791,74.042,1284.792,1412.666,True
50,223,764,45.583,1445.958,3150.583,4644.209,True
50,224,764,49.75,1484.792,1722.667,3259.0,True
50,225,764,47.833,50.208,97.417,196.417,True
50,226,764,44.542,1224.583,2079.375,3350.542,True
50,227,764,45.75,6384.959,5876.666,12309.25,True
50,228,764,45.792,1343.375,1838.916,3230.0,True
50,229,764,61.458,1366.25,111.125,1540.292,True
50,230,764,46.208,1282.083,1735.917,3066.125,True
50,231,764,45.458,1287.625,110.375,1444.958,True
50,232,764,45.041,1260.916,1730.583,3038.333,True
50,233,764,59.292,1788.0,1587.208,3436.709,True
50,234,764,55.25,1717.084,1646.292,3420.458,True
50,235,764,77.125,55.5,101.583,235.417,True
50,236,764,42.792,1714.292,1593.875,3352.917,True
50,237,764,46.375,1837.5,3198.291,5084.125,True
50,238,764,49.709,1779.667,1586.0,3417.292,True
50,239,764,44.291,1771.667,1694.917,3512.75,True
50,240,764,44.75,1764.875,1747.708,3559.292,True
50,241,764,49.417,4738.375,2111.416,6901.459,True
50,242,764,46.125,1643.0,3342.833,5033.708,True
50,243,764,45.666,1589.375,1682.084,3318.625,True
50,244,764,48.708,50.625,1482.542,1583.417,True
50,245,764,45.916,1581.292,111.583,1740.416,True
50,246,764,49.209,1523.333,1620.167,3194.584,True
50,247,764,49.25,50.541,1526.375,1627.542,True
50,248,764,50.041,49.875,1637.667,1739.125,True
50,249,764,49.125,1735.083,1568.708,3354.75,True
50,250,764,69.25,1769.083,112.208,1952.333,True
50,251,764,45.292,1712.125,1678.583,3437.917,True
50,252,764,47.166,1657.708,1837.292,3544.25,True
50,253,764,49.292,50.334,1619.208,1720.334,True
50,254,764,48.875,1667.583,1865.833,3584.208,True
50,255,764,45.5,1705.417,1817.25,3570.167,True
50,256,764,45.333,1656.125,16986.291,18689.666,True
50,257,764,55.833,1592.208,1957.958,3608.0,True
50,258,764,46.125,3366.125,2066.5,5481.125,True
50,259,764,45.125,1608.917,2055.792,3711.791,True
50,260,764,49.042,49.792,1501.5,1601.834,True
50,261,764,45.208,1559.083,2115.334,3721.375,True
50,262,764,50.75,3625.0,2066.541,5744.542,True
50,263,764,49.0,1869.667,3981.083,5901.834,True
50,264,764,44.5,1825.292,127.25,1998.541,True
50,265,764,45.75,1775.083,2040.25,3863.083,True
50,266,764,45.75,1865.875,1962.292,3875.916,True
50,267,764,44.792,1813.334,2015.875,3875.875,True
50,268,764,50.5,1821.959,154.209,2029.083,True
50,269,764,49.5,8574.875,2271.875,10897.833,True
50,270,764,45.333,50.292,2006.334,2103.375,True
50,271,764,45.583,2109.958,2047.583,4205.042,True
50,272,764,67.584,4063.291,2248.417,6381.5,True
50,273,764,45.25,2100.0,114.75,2261.459,True
50,274,764,45.666,2038.708,2205.875,4292.083,True
50,275,764,45.25,1983.041,112.667,2142.458,True
50,276,764,44.583,2009.167,2194.708,4250.25,True
50,277,764,47.667,1961.167,2248.375,4258.958,True
50,278,764,45.916,50.375,1960.334,2057.916,True
50,279,764,50.208,2010.625,107.083,2169.334,True
50,280,764,45.792,2104.375,114.75,2266.417,True
50,281,764,46.375,2057.083,2061.166,4166.875,True
50,282,764,45.625,2121.709,2170.125,4339.375,True
50,283,764,48.208,50.125,4014.667,4114.5,True
50,284,764,49.792,2044.583,2236.917,4333.167,True
50,285,764,44.959,2057.917,2239.125,4344.0,True
50,286,764,49.916,4194.959,1980.0,6226.958,True
50,287,764,44.416,2190.416,6144.958,8381.833,True
50,288,764,48.625,2250.917,10959.208,13260.083,True
50,289,764,45.375,2189.125,4088.583,6325.042,True
50,290,764,45.458,2250.583,2063.042,4361.041,True
50,291,764,44.916,2197.625,2119.458,4363.875,True
50,292,764,46.334,50.0,2093.375,2191.209,True
50,293,764,44.583,2146.709,110.667,2303.5,True
50,294,764,44.375,1997.458,2125.166,4168.959,True
50,295,764,55.833,82.792,2229.208,2370.041,True
50,296,764,45.417,2226.417,2039.583,4313.125,True
50,297,764,49.417,2237.5,1986.5,4275.458,True
50,298,764,45.041,2238.25,111.875,2396.833,True
50,299,764,49.125,3979.833,4127.333,8158.458,True
50,300,764,45.208,4025.5,6713.958,10786.166,True
50,301,764,45.458,2188.458,115.75,2351.166,True
50,302,764,45.75,2108.75,110.25,2266.334,True
50,303,764,45.958,2115.583,2177.5,4340.875,True
50,304,764,45.041,2063.958,2229.625,4340.584,True
50,305,764,45.208,50.666,2067.708,2165.0,True
50,306,764,44.292,2182.083,2016.0,4244.334,True
50,307,764,63.667,50.667,4140.291,4256.208,True
50,308,764,49.708,2100.875,111.584,2263.666,True
50,309,764,49.25,2040.958,335.167,2427.166,True
50,310,764,45.125,4031.5,111.5,4189.625,True
50,311,764,45.333,4192.541,1853.625,6093.542,True
50,312,764,45.25,4181.167,1859.792,6088.083,True
50,313,764,49.584,88.083,2012.958,2152.334,True
50,314,764,48.916,2086.958,112.167,2249.583,True
50,315,764,47.334,2060.292,2138.791,4248.25,True
50,316,764,46.5,2225.083,4267.041,6540.625,True
50,317,764,45.916,2170.583,2082.208,4300.5,True
50,318,764,46.542,50.042,2063.375,2161.417,True
50,319,764,49.916,64.125,102.334,217.541,True
50,320,764,40.917,41.917,2081.25,2165.542,True
50,321,764,44.834,2333.417,114.042,2493.917,True
50,322,764,45.375,2298.0,6013.833,8358.75,True
50,323,764,45.459,4205.917,2499.667,6753.0,True
50,324,764,41.542,2260.667,111.917,2415.25,True
50,325,764,45.042,2181.375,2086.875,4315.125,True
50,326,764,49.959,6678.5,2645.0,9375.542,True
50,327,764,47.625,2246.667,2202.541,4498.75,True
50,328,764,46.042,2186.0,2265.042,4499.0,True
50,329,764,45.833,2169.083,114.75,2331.166,True
50,330,764,45.25,2120.917,2396.042,4564.0,True
50,331,764,45.708,2060.875,2457.833,4566.291,True
50,332,764,61.625,51.375,2031.625,2146.208,True
50,333,764,49.75,2075.5,111.292,2238.125,True
50,334,764,46.167,2020.583,2374.875,4443.417,True
50,335,764,45.459,1959.084,107.375,2113.208,True
50,336,764,44.334,6014.667,98.25,6158.167,True
50,337,764,48.333,1851.833,2514.792,4416.791,True
50,338,764,44.291,57.5,1965.667,2068.666,True
50,339,764,45.084,2092.75,110.875,2250.042,True
50,340,764,45.0,2043.167,2425.083,4515.083,True
50,341,764,52.041,4430.292,183.292,4669.958,True
50,342,764,46.042,50.459,2214.958,2312.917,True
50,343,764,45.25,2484.291,1989.667,4521.75,True
50,344,764,47.042,2418.833,3324.625,5792.375,True
50,345,764,45.5,49.125,2316.834,2412.833,True
50,346,764,49.375,2544.834,1778.25,4374.417,True
50,347,764,43.875,2515.792,2888.0,5449.667,True
50,348,764,45.25,49.334,2453.458,2549.083,True
50,349,764,45.792,2497.25,1578.958,4124.0,True
50,350,764,48.417,2499.875,2642.958,5193.25,True
50,351,764,60.75,44.25,2402.292,2508.792,True
50,352,764,48.875,3732.542,2382.75,6165.625,True
50,353,764,44.167,3653.125,1336.834,5036.166,True
50,354,764,49.917,2318.791,110.167,2480.625,True
50,355,764,47.625,3695.25,1386.166,5131.0,True
50,356,764,49.5,2282.458,1399.667,3733.5,True
50,357,764,62.625,54.208,2065.875,2183.958,True
50,358,764,45.416,3361.542,1447.208,4855.875,True
50,359,764,45.875,1975.209,1439.042,3462.708,True
50,360,764,48.958,1977.25,114.917,2142.791,True
50,361,764,46.0,50.542,1875.417,1973.5,True
50,362,764,45.583,49.708,97.208,193.417,True
50,363,764,40.833,1656.041,232.833,1931.125,True
50,364,764,49.917,1664.875,107.167,1823.459,True
50,365,764,47.0,43.625,1582.667,1674.208,True
50,366,764,49.291,2629.083,2391.833,5072.084,True
50,367,764,45.417,50.083,207.209,303.791,True
50,368,764,41.25,1314.125,123.833,1480.75,True
50,369,764,45.208,54.791,2467.875,2569.25,True
50,370,764,52.542,4133.875,111.209,4299.459,True
50,371,764,48.042,1459.916,121.375,1630.834,True
50,372,764,48.625,1402.375,14234.916,15687.834,True
50,373,764,46.458,1343.25,1112.292,2503.875,True
50,374,764,58.75,82.5,1344.708,1487.541,True
50,375,764,47.209,1367.167,108.0,1523.709,True
50,376,764,47.75,1480.208,1219.75,2749.834,True
50,377,764,47.0,1425.375,124.417,1598.291,True
50,378,764,51.125,1368.917,2555.958,3977.875,True
50,379,764,55.5,1299.416,111.583,1468.125,True
50,380,764,51.667,2541.917,1248.75,3844.417,True
50,381,764,48.25,1192.167,1334.084,2576.375,True
50,382,764,53.25,1119.0,1657.708,2832.167,True
50,383,764,45.916,2857.333,99.958,3004.25,True
50,384,764,45.5,1160.958,107.666,1315.542,True
50,385,764,55.5,1262.458,116.583,1436.125,True
50,386,764,49.083,1097.916,1383.958,2532.833,True
50,387,764,44.625,1461.833,1297.583,2805.791,True
50,388,764,55.375,44.875,114.959,216.167,True
50,389,764,45.208,1531.083,1258.625,2836.791,True
50,390,764,47.083,1563.875,125.709,1738.125,True
50,391,764,46.125,1493.75,1230.083,2771.5,True
50,392,764,48.792,1336.209,15678.125,17064.959,True
50,393,764,44.792,6242.959,1502.042,7791.208,True
50,394,764,63.292,1320.583,1590.791,2976.834,True
50,395,764,54.75,1256.084,1642.542,2956.875,True
50,396,764,51.791,1292.0,110.958,1456.375,True
50,397,764,44.875,1125.917,1559.291,2732.125,True
50,398,764,46.0,1261.0,1515.333,2824.25,True
50,399,764,45.208,1184.708,107.292,1338.792,True
50,400,764,45.375,1291.959,108.834,1447.583,True
50,401,764,46.083,1425.625,110.916,1584.042,True
50,402,764,45.916,1611.625,3236.917,4896.5,True
50,403,764,51.542,1644.916,1652.791,3351.292,True
50,404,764,56.541,1598.583,1720.667,3377.708,True
50,405,764,63.042,1575.334,1783.958,3424.333,True
50,406,764,46.833,1522.916,116.459,1687.792,True
50,407,764,45.416,8877.208,102.792,9026.458,True
50,408,764,47.25,1375.458,107.208,1531.291,True
50,409,764,48.5,1385.5,108.875,1544.375,True
50,410,764,45.583,1382.25,107.208,1536.375,True
50,411,764,45.667,1488.416,1707.5,3244.75,True
50,412,764,48.834,1628.458,1726.833,3406.167,True
50,413,764,45.5,15305.584,647.291,15999.166,True
50,414,764,46.917,51.166,1664.25,1763.708,True
50,415,764,45.959,1740.167,114.708,1902.417,True
50,416,764,49.875,1704.333,1586.5,3342.541,True
50,417,764,56.958,1660.5,107.583,1826.5,True
50,418,764,44.875,1665.209,121.667,1833.25,True
50,419,764,45.208,1676.833,1389.0,3112.875,True
50,420,764,57.0,86.958,1839.833,1985.667,True
50,421,764,49.209,1733.375,1399.375,3183.916,True
50,422,764,47.0,1677.125,1460.958,3187.0,True
50,423,764,57.792,50.291,1559.541,1669.167,True
50,424,764,45.917,1625.875,1517.083,3190.708,True
50,425,764,46.042,1603.917,111.417,1762.833,True
50,426,764,55.667,1439.084,1516.084,3012.75,True
50,427,764,51.125,1374.583,1565.459,2992.958,True
50,428,764,46.417,1508.167,1637.291,3193.792,True
50,429,764,49.416,1449.958,2547.375,4048.75,True
50,430,764,51.458,51.667,1332.0,1436.458,True
50,431,764,45.834,1396.292,2522.875,3967.0,True
50,432,764,45.792,65.042,1403.416,1515.917,True
50,433,764,45.875,49.833,1456.042,1553.209,True
50,434,764,46.042,1548.459,2373.875,3970.375,True
50,435,764,46.584,50.417,1511.542,1610.125,True
50,436,764,45.291,1562.417,2365.834,3975.458,True
50,437,764,52.042,2533.917,1371.333,3959.334,True
50,438,764,58.792,49.917,2414.458,2524.75,True
50,439,764,50.459,2516.625,1406.792,3975.792,True
50,440,764,56.292,2449.625,1460.417,3968.125,True
50,441,764,50.833,50.0,2341.292,2443.666,True
50,442,764,45.208,2394.25,1589.375,4030.625,True
50,443,764,50.084,49.792,2288.25,2389.667,True
50,444,764,50.166,49.791,3787.625,3889.042,True
50,445,764,45.25,2362.584,1652.792,4062.541,True
50,446,764,45.833,49.458,2259.541,2356.208,True
50,447,764,45.875,2290.417,1673.792,4011.875,True
50,448,764,53.375,1372.084,1728.5,3155.917,True
50,449,764,46.542,50.584,1322.708,1421.334,True
50,450,764,46.75,1404.375,1700.292,3153.292,True
50,451,764,46.333,51.125,1527.875,1626.791,True
50,452,764,46.333,50.458,1642.375,1740.625,True
50,453,764,45.292,1726.75,1612.125,3386.041,True
50,454,764,45.75,3198.541,120.708,3366.583,True
50,455,764,46.208,50.208,1606.791,1704.625,True
50,456,764,45.167,1670.917,1646.583,3364.542,True
50,457,764,49.584,1721.25,112.625,1884.917,True
50,458,764,77.417,50.083,1574.875,1703.875,True
50,459,764,46.125,1695.083,121.542,1864.292,True
50,460,764,59.584,1627.125,1514.375,3203.0,True
50,461,764,45.709,1696.083,110.333,1853.625,True
50,462,764,49.25,6610.667,310.083,6971.791,True
50,463,764,46.0,1691.125,1516.916,3255.958,True
50,464,764,45.583,1638.125,1570.375,3255.916,True
50,465,764,45.833,1586.166,1635.125,3269.125,True
50,466,764,50.25,86.916,3343.875,3483.125,True
50,467,764,49.708,1655.667,1794.5,3501.833,True
50,468,764,45.625,49.875,1547.25,1644.042,True
50,469,764,46.041,1646.958,1847.5,3542.333,True
50,470,764,45.834,1593.167,110.542,1750.959,True
50,471,764,45.208,1499.958,1858.375,3405.458,True
50,472,764,44.75,1589.583,1901.5,3537.667,True
50,473,764,45.417,1540.875,1954.75,3542.958,True
50,474,764,48.667,1555.75,111.917,1717.75,True
50,475,764,45.334,1397.417,1818.791,3263.459,True
50,476,764,47.667,1645.542,110.959,1806.083,True
50,477,764,45.416,1811.75,1651.5,3510.625,True
50,478,764,45.125,1784.5,1704.708,3536.292,True
50,479,764,45.875,49.667,1851.375,1948.458,True
50,480,764,49.75,1845.583,1591.542,3488.833,True
50,481,764,48.125,1893.333,1401.75,3345.125,True
50,482,764,46.333,1936.542,1193.417,3177.459,True
50,483,764,45.791,1847.625,110.625,2005.541,True
50,484,764,46.417,1795.75,1408.916,3253.0,True
50,485,764,56.5,2743.416,111.834,2913.25,True
50,486,764,45.875,1740.792,123.083,1911.125,True
50,487,764,44.625,1574.959,1031.042,2652.125,True
50,488,764,45.708,1647.0,1340.167,3034.791,True
50,489,764,45.875,1630.916,753.541,2432.25,True
50,490,764,46.292,1640.125,671.875,2360.208,True
50,491,764,45.875,1588.542,112.625,1748.583,True
50,492,764,59.333,1514.25,860.75,2436.417,True
50,493,764,49.917,50.375,1477.75,1579.125,True
50,494,764,45.25,1312.0,109.791,1468.0,True
50,495,764,46.125,1259.375,527.458,1834.5,True
50,496,764,45.75,49.792,1080.209,1177.209,True
50,497,764,48.25,988.875,106.958,1145.5,True
50,498,764,44.291,919.042,124.458,1089.292,True
50,499,764,45.042,1147.666,246.208,1440.708,True
100,0,764,53.542,131.542,412.167,599.417,True
100,1,764,49.417,258.458,288.375,598.375,True
100,2,764,52.333,716.459,114.375,884.958,True
100,3,764,50.583,793.958,438.875,1285.791,True
100,4,764,47.25,55.584,404.542,509.042,True
100,5,764,52.875,316.0,376.834,748.125,True
100,6,764,47.208,224.084,432.834,706.583,True
100,7,764,49.542,367.542,2400.458,2822.5,True
100,8,764,51.667,2758.916,676.375,3489.333,True
100,9,764,46.792,398.833,2694.583,3142.083,True
100,10,764,52.625,2695.417,656.416,3406.667,True
100,11,764,46.25,61.167,104.625,213.666,True
100,12,764,40.792,45.25,97.417,184.5,True
100,13,764,40.708,2531.125,627.125,3201.0,True
100,14,764,68.708,1104.625,639.042,1814.708,True
100,15,764,46.958,656.708,616.875,1322.375,True
100,16,764,55.917,681.625,622.25,1362.291,True
100,17,764,46.167,624.709,111.959,784.333,True
100,18,764,59.125,1030.542,673.0,1764.958,True
100,19,764,48.292,508.583,1343.333,1902.167,True
100,20,764,48.0,620.583,668.125,1338.958,True
100,21,764,51.083,724.458,693.083,1470.917,True
100,22,764,48.292,656.333,823.041,1529.667,True
100,23,764,46.875,670.75,806.75,1526.334,True
100,24,764,46.334,671.75,938.916,1658.958,True
100,25,764,52.208,693.542,1324.291,2072.291,True
100,26,764,51.083,806.5,689.25,1548.708,True
100,27,764,46.125,1552.167,1665.542,3265.833,True
100,28,764,47.541,871.375,742.208,1663.292,True
100,29,764,114.291,741.375,2395.25,3252.25,True
100,30,764,46.25,687.75,2412.791,3148.583,True
100,31,764,60.5,51.958,623.792,737.791,True
100,32,764,47.5,663.541,830.625,1544.0,True
100,33,764,48.167,821.0,112.334,982.834,True
100,34,764,46.333,758.083,850.542,1656.708,True
100,35,764,48.916,821.791,886.542,1759.166,True
100,36,764,46.417,763.791,1039.541,1851.5,True
100,37,764,47.042,825.833,117.583,992.333,True
100,38,764,54.791,890.875,770.25,1717.875,True
100,39,764,45.875,931.792,697.167,1676.625,True
100,40,764,45.875,881.292,738.042,1666.75,True
100,41,764,55.0,89.125,885.917,1032.125,True
100,42,764,45.042,845.917,540.25,1433.083,True
100,43,764,46.834,1252.459,877.917,2179.083,True
100,44,764,47.5,693.667,744.0,1487.084,True
100,45,764,46.375,729.084,722.625,1499.875,True
100,46,764,46.875,680.458,773.917,1503.459,True
100,47,764,47.083,756.334,787.417,1592.25,True
100,48,764,48.333,715.0,1889.458,2654.709,True
100,49,764,60.75,759.167,886.5,1708.333,True
100,50,764,63.208,2539.417,151.625,2756.125,True
100,51,764,52.666,1610.667,118.417,1783.458,True
100,52,764,58.542,804.958,119.334,984.417,True
100,53,764,45.917,1826.792,164.917,2039.708,True
100,54,764,45.834,782.459,1986.5,2816.625,True
100,55,764,58.375,68.75,849.833,979.0,True
100,56,764,55.625,971.875,129.167,1159.084,True
100,57,764,44.917,1238.709,146.792,1431.667,True
100,58,764,60.875,50.041,1323.166,1435.792,True
100,59,764,47.458,1221.417,118.25,1389.083,True
100,60,764,45.625,49.958,817.958,914.958,True
100,61,764,47.0,792.667,113.583,954.875,True
100,62,764,48.75,809.583,487.583,1347.834,True
100,63,764,53.833,77.291,105.417,237.875,True
100,64,764,54.958,469.708,449.0,975.792,True
100,65,764,49.5,509.208,115.292,676.125,True
100,66,764,46.708,441.583,413.292,903.458,True
100,67,764,48.166,384.042,109.5,543.125,True
100,68,764,49.917,447.708,141.625,641.333,True
100,69,764,47.625,474.625,111.667,635.375,True
100,70,764,48.042,436.75,422.208,908.917,True
100,71,764,46.666,500.833,112.0,660.959,True
100,72,764,45.75,398.542,482.5,928.5,True
100,73,764,46.125,464.375,568.625,1080.959,True
100,74,764,51.667,532.625,128.125,714.0,True
100,75,764,45.292,561.833,1135.625,1744.5,True
100,76,764,53.417,566.667,600.583,1222.542,True
100,77,764,54.166,785.625,741.0,1582.75,True
100,78,764,45.209,602.625,116.291,765.709,True
100,79,764,57.542,584.959,112.167,756.333,True
100,80,764,53.958,1241.625,111.375,1408.334,True
100,81,764,51.375,1291.875,1322.291,2667.834,True
100,82,764,47.75,764.667,634.125,1448.5,True
100,83,764,53.208,1906.583,1008.083,2969.834,True
100,84,764,51.208,834.666,112.375,999.833,True
100,85,764,51.625,781.958,799.125,1634.834,True
100,86,764,45.833,723.458,850.0,1621.166,True
100,87,764,53.667,682.25,883.042,1620.792,True
100,88,764,63.375,43.458,627.875,736.084,True
100,89,764,46.042,5321.541,2524.166,7893.667,True
100,90,764,45.833,49.458,149.375,246.042,True
100,91,764,45.292,867.542,119.5,1033.75,True
100,92,764,44.791,834.292,943.667,1824.542,True
100,93,764,51.167,1972.916,908.791,2935.042,True
100,94,764,50.5,1011.75,116.625,1180.291,True
100,95,764,47.917,966.041,1564.084,2579.792,True
100,96,764,44.875,63.792,966.0,1076.042,True
100,97,764,46.083,977.667,1702.042,2727.625,True
100,98,764,44.25,921.625,107.5,1074.792,True
100,99,764,52.625,931.416,111.958,1097.625,True
100,100,764,47.959,905.542,112.542,1067.666,True
100,101,764,45.042,897.209,110.75,1054.458,True
100,102,764,46.375,842.459,1011.542,1902.125,True
100,103,764,45.583,839.709,112.958,999.833,True
100,104,764,44.333,681.083,964.541,1691.917,True
100,105,764,47.0,988.875,964.0,2001.625,True
100,106,764,46.167,949.5,7559.5,8557.084,True
100,107,764,56.209,1001.916,923.959,1984.125,True
100,108,764,48.542,988.666,1009.833,2048.875,True
100,109,764,48.042,1035.708,2350.583,3436.25,True
100,110,764,46.375,980.25,1089.459,2117.958,True
100,111,764,45.708,926.292,1218.75,2192.542,True
100,112,764,57.208,964.125,127.625,1150.916,True
100,113,764,46.292,989.75,2519.292,3557.25,True
100,114,764,45.333,936.166,1329.333,2312.75,True
100,115,764,45.208,49.666,886.333,982.417,True
100,116,764,50.5,1220.709,108.458,1381.459,True
100,117,764,45.833,1289.875,111.0,1448.125,True
100,118,764,43.916,1263.417,1194.833,2503.958,True
100,119,764,57.708,1314.083,111.0,1484.416,True
100,120,764,59.542,1244.25,2673.333,3979.084,True
100,121,764,44.959,1265.334,1257.458,2569.417,True
100,122,764,70.125,61.209,1113.208,1246.334,True
100,123,764,45.041,1260.917,5606.709,6913.959,True
100,124,764,44.0,2474.959,1077.041,3598.208,True
100,125,764,45.375,1305.0,112.125,1464.0,True
100,126,764,45.208,1143.833,1338.25,2529.083,True
100,127,764,44.292,1285.583,106.958,1438.25,True
100,128,764,46.541,2436.417,1382.792,3867.0,True
100,129,764,49.709,1300.125,122.875,1474.292,True
100,130,764,47.833,1252.083,109.333,1411.208,True
100,131,764,58.125,2549.5,108.167,2717.416,True
100,132,764,45.459,1366.708,112.084,1525.709,True
100,133,764,46.417,1317.667,112.0,1477.708,True
100,134,764,45.958,1256.458,1320.084,2624.291,True
100,135,764,44.458,2573.042,2507.25,5126.209,True
100,136,764,45.709,2182.25,1470.208,3699.792,True
100,137,764,46.041,49.208,2340.041,2436.666,True
100,138,764,54.5,1117.125,1420.917,2594.708,True
100,139,764,44.5,1044.958,1422.375,2513.666,True
100,140,764,46.417,53.5,958.75,1060.208,True
100,141,764,45.875,49.791,1218.666,1315.708,True
100,142,764,63.417,1452.583,1428.792,2946.959,True
100,143,764,48.166,1401.667,1498.959,2950.75,True
100,144,764,46.959,1420.834,1479.958,2949.583,True
100,145,764,46.0,1423.625,1578.375,3050.0,True
100,146,764,47.416,1473.625,118.375,1641.292,True
100,147,764,45.125,1307.583,1399.459,2753.375,True
100,148,764,45.75,49.542,1330.542,1427.083,True
100,149,764,48.334,1456.625,111.125,1617.458,True
100,150,764,45.666,1407.083,8455.125,9909.584,True
100,151,764,45.5,1414.583,2771.375,4233.417,True
100,152,764,47.459,1479.75,1788.666,3317.709,True
100,153,764,47.709,1475.625,107.417,1632.167,True
100,154,764,47.958,2227.833,113.792,2391.667,True
100,155,764,44.875,1309.375,111.708,1467.5,True
100,156,764,45.833,1256.25,107.208,1410.75,True
100,157,764,46.208,1230.958,604.333,1882.458,True
100,158,764,46.25,1176.0,1928.125,3151.334,True
100,159,764,44.834,992.292,998.333,2037.209,True
100,160,764,50.334,1016.958,128.959,1197.709,True
100,161,764,46.708,951.958,1129.75,2130.375,True
100,162,764,46.208,880.417,121.708,1049.875,True
100,163,764,45.625,1915.0,120.584,2082.666,True
100,164,764,49.417,1135.584,873.25,2060.041,True
100,165,764,45.5,1107.708,109.292,1264.083,True
100,166,764,41.708,2170.333,1059.041,3273.042,True
100,167,764,47.834,43.542,96.708,189.084,True
100,168,764,46.333,911.791,3327.125,4287.25,True
100,169,764,47.292,1080.334,122.417,1252.167,True
100,170,764,53.792,1023.042,1010.458,2089.042,True
100,171,764,51.916,1864.0,1028.625,2946.791,True
100,172,764,55.625,1922.167,1007.083,2987.041,True
100,173,764,45.875,920.416,1153.833,2121.875,True
100,174,764,44.5,850.042,108.042,1003.917,True
100,175,764,45.583,972.125,111.583,1130.875,True
100,176,764,46.792,251.125,105.875,404.959,True
100,177,764,41.167,44.959,832.041,919.125,True
100,178,764,49.958,1053.458,123.792,1228.666,True
100,179,764,41.0,1047.25,1017.833,2108.083,True
100,180,764,45.584,1155.417,111.5,1313.959,True
100,181,764,52.917,987.625,984.584,2026.958,True
100,182,764,50.792,1019.709,1137.292,2209.75,True
100,183,764,45.75,2018.958,1282.083,3348.75,True
100,184,764,49.5,1028.542,1097.875,2177.791,True
100,185,764,45.584,1025.334,1255.333,2328.041,True
100,186,764,47.208,50.167,2243.917,2342.75,True
100,187,764,52.125,1177.542,4993.416,6225.334,True
100,188,764,44.875,1123.541,1335.791,2506.125,True
100,189,764,63.167,1116.125,5882.125,7063.458,True
100,190,764,48.5,51.917,1328.625,1430.5,True
100,191,764,43.583,1093.917,1323.084,2462.541,True
100,192,764,49.5,54.666,1145.291,1250.958,True
100,193,764,51.541,3785.0,113.583,3952.0,True
100,194,764,49.666,1363.458,3889.417,5304.417,True
100,195,764,47.333,1310.084,1235.375,2594.208,True
100,196,764,49.541,1322.042,1430.709,2804.625,True
100,197,764,53.75,1312.958,1432.333,2800.875,True
100,198,764,47.125,1256.75,1486.333,2792.125,True
100,199,764,46.25,50.083,1152.291,1250.125,True
100,200,764,45.75,1204.875,126.375,1378.583,True
100,201,764,45.584,2477.459,1356.208,3881.083,True
100,202,764,53.625,81.625,1253.333,1390.334,True
100,203,764,47.875,55.667,1316.125,1421.125,True
100,204,764,50.709,50.625,1310.834,1413.625,True
100,205,764,45.875,1430.625,1402.625,2881.125,True
100,206,764,46.541,51.25,1481.0,1580.25,True
100,207,764,46.25,1474.792,1361.666,2884.416,True
100,208,764,45.625,1436.542,112.291,1595.958,True
100,209,764,51.041,60.834,1362.333,1476.041,True
100,210,764,48.291,1442.292,1132.25,2624.833,True
100,211,764,46.416,2485.125,112.833,2645.292,True
100,212,764,46.5,50.417,1362.458,1460.834,True
100,213,764,45.5,50.0,1364.166,1461.084,True
100,214,764,47.208,1401.25,873.042,2323.292,True
100,215,764,45.5,1403.042,750.625,2200.959,True
100,216,764,45.709,1350.625,738.125,2136.375,True
100,217,764,45.125,1354.416,111.917,1512.958,True
100,218,764,45.417,1307.041,1352.083,2706.292,True
100,219,764,45.625,1267.25,812.708,2127.584,True
100,220,764,45.375,50.041,147.583,244.459,True
100,221,764,50.417,1062.25,110.959,1225.25,True
100,222,764,46.0,50.333,959.833,1057.584,True
100,223,764,45.583,49.5,893.166,989.209,True
100,224,764,46.459,2231.625,666.542,2946.459,True
100,225,764,45.709,670.709,784.292,1502.542,True
100,226,764,50.666,1241.917,109.792,1404.208,True
100,227,764,51.292,757.417,698.0,1508.5,True
100,228,764,47.042,51.25,1800.5,1900.25,True
100,229,764,48.667,680.542,713.458,1445.208,True
100,230,764,45.708,664.375,112.708,823.917,True
100,231,764,46.458,596.5,693.042,1337.833,True
100,232,764,51.291,1166.209,854.541,2074.208,True
100,233,764,48.708,59.875,1154.875,1265.084,True
100,234,764,41.792,715.542,916.667,1675.917,True
100,235,764,46.958,871.875,107.917,1028.166,True
100,236,764,48.0,1065.958,879.0,1995.458,True
100,237,764,48.375,1009.0,110.958,1169.75,True
100,238,764,53.542,947.083,884.5,1887.042,True
100,239,764,46.041,877.958,997.25,1922.791,True
100,240,764,45.75,10292.083,1660.375,12000.25,True
100,241,764,47.166,913.5,2084.583,3047.083,True
100,242,764,49.458,863.625,120.375,1035.0,True
100,243,764,45.125,707.375,2678.083,3432.583,True
100,244,764,46.334,878.5,1169.167,2096.333,True
100,245,764,49.292,1012.792,1117.375,2181.25,True
100,246,764,54.375,959.416,111.541,1126.708,True
100,247,764,45.833,906.333,1122.958,2077.041,True
100,248,764,44.916,1094.958,114.417,1255.708,True
100,249,764,47.0,1048.75,1522.542,2620.625,True
100,250,764,46.083,1167.208,7722.708,8937.917,True
100,251,764,45.917,49.209,1064.292,1160.666,True
100,252,764,45.917,1115.458,1532.042,2695.208,True
100,253,764,47.208,1220.667,1401.792,2671.291,True
100,254,764,49.875,3620.0,1226.25,4898.333,True
100,255,764,46.5,1569.25,1166.875,2784.5,True
100,256,764,46.083,1510.958,114.416,1681.791,True
100,257,764,46.0,50.583,2543.708,2641.708,True
100,258,764,45.833,1533.833,1218.667,2800.208,True
100,259,764,45.75,1480.125,1263.75,2791.541,True
100,260,764,55.458,1416.958,112.166,1586.417,True
100,261,764,51.417,2313.042,1396.042,3762.834,True
100,262,764,51.625,1181.167,2804.208,4038.75,True
100,263,764,45.667,49.583,146.208,242.709,True
100,264,764,44.834,1244.334,2720.125,4011.125,True
100,265,764,45.208,44.458,1163.042,1254.166,True
100,266,764,49.75,1216.583,1266.25,2534.416,True
100,267,764,45.583,1279.0,1282.291,2608.625,True
100,268,764,45.125,1255.75,1334.875,2637.583,True
100,269,764,51.792,2565.75,1716.958,4336.542,True
100,270,764,62.584,52.375,1210.041,1326.833,True
100,271,764,48.0,1337.959,111.541,1498.916,True
100,272,764,46.542,1280.792,1590.166,2919.417,True
100,273,764,45.25,50.167,4466.667,4563.042,True
100,274,764,46.083,7529.708,972.333,8552.958,True
100,275,764,46.459,1214.334,1875.083,3137.667,True
100,276,764,51.583,61.917,3008.084,3123.333,True
100,277,764,56.0,255.583,98.75,411.417,True
100,278,764,43.125,46.458,1447.0,1538.125,True
100,279,764,52.458,1763.333,115.708,1933.0,True
100,280,764,41.292,1745.375,4577.0,6365.0,True
100,281,764,46.208,50.208,1762.583,1860.375,True
100,282,764,47.542,1861.958,1673.333,3584.667,True
100,283,764,47.458,1805.042,1727.584,3582.0,True
100,284,764,53.583,1765.25,1759.625,3580.458,True
100,285,764,44.75,1713.292,1812.375,3572.25,True
100,286,764,50.125,3440.958,112.875,3605.75,True
100,287,764,48.041,1866.791,113.125,2029.416,True
100,288,764,47.833,1844.125,111.917,2005.792,True
100,289,764,46.792,4700.583,116.791,4865.708,True
100,290,764,47.291,3315.333,111.334,3475.375,True
100,291,764,49.833,50.084,97.708,198.666,True
100,292,764,40.75,1520.125,226.417,1788.792,True
100,293,764,45.625,1727.666,1692.291,3467.25,True
100,294,764,53.666,49.375,1620.708,1725.125,True
100,295,764,46.458,1670.833,1746.625,3465.75,True
100,296,764,56.833,1803.916,112.959,1975.25,True
100,297,764,45.667,1749.375,2856.917,4653.833,True
100,298,764,89.0,80.958,1642.959,1814.625,True
100,299,764,46.583,1659.458,1414.209,3122.083,True
100,300,764,49.125,1739.875,1966.875,3757.583,True
100,301,764,55.5,1656.5,1285.5,2999.0,True
100,302,764,41.083,1673.333,1091.25,2806.875,True
100,303,764,46.25,2674.334,722.875,3444.75,True
100,304,764,45.708,49.958,1640.209,1737.333,True
100,305,764,45.916,1751.583,798.083,2597.041,True
100,306,764,49.083,1695.083,123.375,1869.0,True
100,307,764,45.041,1643.292,773.667,2463.875,True
100,308,764,44.5,1582.709,114.667,1743.416,True
100,309,764,44.166,2184.417,1132.875,3363.333,True
100,310,764,44.667,1444.209,1523.917,3014.625,True
100,311,764,49.083,1460.041,111.667,1622.25,True
100,312,764,44.625,1337.0,138.542,1521.625,True
100,313,764,51.542,50.417,101.875,204.917,True
100,314,764,41.5,1101.875,103.333,1247.75,True
100,315,764,46.0,1011.5,912.709,1972.042,True
100,316,764,45.375,49.875,1551.25,1647.958,True
100,317,764,52.958,869.791,112.542,1036.75,True
100,318,764,44.208,682.417,1032.125,1760.667,True
100,319,764,49.541,1072.75,2617.458,3741.666,True
100,320,764,47.709,1008.084,880.25,1937.917,True
100,321,764,52.042,951.5,116.458,1121.583,True
100,322,764,46.375,891.834,888.291,1828.375,True
100,323,764,47.0,820.166,125.541,994.25,True
100,324,764,46.209,1662.875,115.667,1826.167,True
100,325,764,49.875,1605.5,741.5,2398.792,True
100,326,764,49.833,49.583,668.416,769.25,True
100,327,764,50.458,714.875,1738.5,2505.666,True
100,328,764,48.75,1676.875,102.667,1829.583,True
100,329,764,57.5,1751.833,1219.375,3030.584,True
100,330,764,45.583,1005.958,712.458,1765.916,True
100,331,764,46.709,50.167,910.041,1008.292,True
100,332,764,95.084,61.542,773.042,931.417,True
100,333,764,46.625,844.875,1162.583,2055.958,True
100,334,764,46.417,790.791,1222.084,2061.125,True
100,335,764,71.958,61.959,787.375,922.75,True
100,336,764,51.541,910.791,2103.125,3067.333,True
100,337,764,43.541,42.833,2441.583,2529.167,True
100,338,764,49.459,6316.916,111.25,6479.084,True
100,339,764,41.333,939.833,1248.291,2231.333,True
100,340,764,47.792,1218.0,2158.0,3425.667,True
100,341,764,46.292,1229.708,130.667,1408.167,True
100,342,764,46.084,1175.25,1185.0,2408.083,True
100,343,764,46.416,1112.5,118.083,1278.458,True
100,344,764,48.166,2210.459,107.917,2368.458,True
100,345,764,46.75,1251.834,4107.625,5407.917,True
100,346,764,46.958,2424.667,111.791,2584.875,True
100,347,764,49.083,1249.0,135.542,1435.541,True
100,348,764,48.25,1189.083,1228.125,2467.25,True
100,349,764,46.833,5353.208,1750.167,7152.083,True
100,350,764,58.334,3830.333,96.959,3986.708,True
100,351,764,46.084,4049.334,1658.208,5764.333,True
100,352,764,51.083,1268.75,1423.458,2745.292,True
100,353,764,47.958,51.5,100.917,201.833,True
100,354,764,41.083,1212.958,1505.083,2761.208,True
100,355,764,46.708,267.917,108.333,424.083,True
100,356,764,44.75,44.917,5598.458,5689.583,True
100,357,764,45.417,1191.083,107.708,1345.584,True
100,358,764,41.167,1323.209,3132.0,4498.292,True
100,359,764,45.958,1514.458,1322.708,2884.875,True
100,360,764,46.459,2682.0,1720.167,4450.417,True
100,361,764,45.375,1300.125,1332.167,2679.583,True
100,362,764,46.584,51.042,1377.167,1476.791,True
100,363,764,56.209,48.209,1487.917,1593.958,True
100,364,764,49.625,1485.083,102.584,1638.541,True
100,365,764,48.375,2830.125,1725.042,4605.083,True
100,366,764,44.458,1230.917,108.583,1385.416,True
100,367,764,51.542,99.167,113.25,265.75,True
100,368,764,58.458,1351.5,111.792,1523.375,True
100,369,764,47.166,1310.291,1676.708,3036.125,True
100,370,764,48.75,256.5,8328.125,8635.042,True
100,371,764,43.875,45.708,1242.542,1333.625,True
100,372,764,46.0,67.542,1455.834,1570.791,True
100,373,764,47.25,56.541,1474.792,1579.958,True
100,374,764,41.125,1500.916,1814.959,3358.833,True
100,375,764,45.583,3350.417,1615.625,5013.5,True
100,376,764,55.0,3453.708,1626.667,5136.958,True
100,377,764,51.583,1710.541,1661.25,3425.416,True
100,378,764,45.791,1655.917,1701.25,3404.583,True
100,379,764,45.375,1667.833,108.834,1823.5,True
100,380,764,46.375,154.75,1780.416,1983.0,True
100,381,764,44.667,1707.875,1561.083,3315.5,True
100,382,764,44.75,1802.667,1576.0,3425.167,True
100,383,764,61.375,1739.167,113.208,1915.375,True
100,384,764,45.833,3219.916,107.75,3374.916,True
100,385,764,50.541,1773.917,11847.292,13673.791,True
100,386,764,46.583,50.125,1652.417,1750.541,True
100,387,764,46.209,3225.0,1660.458,4933.584,True
100,388,764,49.291,1673.0,1733.333,3457.666,True
100,389,764,51.166,1613.0,110.625,1776.25,True
100,390,764,48.959,1447.5,1739.166,3237.584,True
100,391,764,50.708,1572.459,1691.166,3315.875,True
100,392,764,46.5,49.709,1468.25,1565.791,True
100,393,764,42.125,5056.583,136.791,5237.042,True
100,394,764,45.583,1668.667,114.209,1830.0,True
100,395,764,48.167,1607.416,1573.292,3230.708,True
100,396,764,49.542,4802.875,3528.667,8382.958,True
100,397,764,52.083,55.292,1749.375,1858.292,True
100,398,764,46.709,1758.0,1684.5,3490.959,True
100,399,764,42.084,1725.833,1746.042,3515.792,True
100,400,764,44.5,1770.5,1742.834,3559.708,True
100,401,764,51.084,1705.291,112.333,1870.208,True
100,402,764,46.25,50.208,3355.459,3453.334,True
100,403,764,48.958,1659.709,3433.5,5143.959,True
100,404,764,45.667,1635.25,105.958,1787.959,True
100,405,764,44.708,3239.125,109.542,3394.708,True
100,406,764,49.875,1519.833,1925.208,3496.834,True
100,407,764,58.667,3420.708,3870.125,7351.875,True
100,408,764,45.875,50.042,1612.375,1709.75,True
100,409,764,45.875,1663.0,5766.209,7476.958,True
100,410,764,45.458,1742.417,3802.166,5592.042,True
100,411,764,45.834,49.917,1637.959,1735.167,True
100,412,764,42.75,1719.208,128.5,1891.834,True
100,413,764,45.5,44.041,111.292,201.917,True
100,414,764,41.292,42.208,2048.042,2132.875,True
100,415,764,46.417,3627.5,123.791,3799.25,True
100,416,764,42.167,5444.0,2264.542,7752.708,True
100,417,764,53.834,5440.75,9455.75,14952.042,True
100,418,764,47.917,1984.583,130.708,2164.708,True
100,419,764,46.5,49.667,1872.417,1970.042,True
100,420,764,51.708,1934.334,1634.834,3622.833,True
100,421,764,45.416,1881.833,107.209,2035.833,True
100,422,764,44.75,50.208,12912.125,13007.917,True
100,423,764,50.083,1887.459,1911.833,3851.333,True
100,424,764,46.083,1876.083,114.541,2038.083,True
100,425,764,61.083,1825.334,2001.25,3889.625,True
100,426,764,45.875,1776.375,111.625,1935.375,True
100,427,764,48.541,1625.625,96.375,1771.5,True
100,428,764,45.5,3518.25,2247.75,5813.375,True
100,429,764,45.75,11665.916,123.75,11836.917,True
100,430,764,45.791,1618.875,109.917,1776.125,True
100,431,764,50.792,5861.834,2275.041,8189.834,True
100,432,764,45.75,1589.875,119.958,1757.167,True
100,433,764,47.208,56.834,104.042,209.333,True
100,434,764,41.417,1623.5,107.708,1773.958,True
100,435,764,44.958,1750.583,2272.25,4069.583,True
100,436,764,49.875,1910.583,125.542,2087.958,True
100,437,764,45.208,11146.917,173.542,11366.708,True
100,438,764,44.875,239.375,2003.833,2289.584,True
100,439,764,44.417,1949.541,111.209,2106.584,True
100,440,764,41.125,11652.542,100.917,11795.584,True
100,441,764,44.958,4273.042,116.208,4435.666,True
100,442,764,50.042,2089.958,126.75,2268.333,True
100,443,764,50.792,81.0,9592.166,9725.333,True
100,444,764,46.708,2220.916,107.584,2376.625,True
100,445,764,49.75,2329.458,113.791,2494.458,True
100,446,764,45.041,2159.625,2205.0,4411.5,True
100,447,764,45.542,2266.416,5223.0,7536.75,True
100,448,764,46.5,2305.792,113.709,2467.834,True
100,449,764,45.334,4474.542,112.625,4633.958,True
100,450,764,44.75,2290.25,110.375,2446.792,True
100,451,764,46.416,2240.833,2315.208,4604.416,True
100,452,764,46.667,4637.209,4707.125,9392.458,True
100,453,764,44.5,2296.875,2174.25,4517.5,True
100,454,764,56.666,50.708,103.0,211.375,True
100,455,764,41.084,2188.458,2255.417,4486.333,True
100,456,764,45.875,2274.084,111.084,2432.625,True
100,457,764,45.042,2241.709,2275.667,4564.25,True
100,458,764,54.208,4470.625,2959.333,7485.917,True
100,459,764,51.583,2329.625,2913.416,5296.666,True
100,460,764,61.75,4960.375,3140.917,8165.084,True
100,461,764,45.042,2230.167,121.292,2398.125,True
100,462,764,45.833,2181.459,2986.458,5215.625,True
100,463,764,46.333,2203.625,3177.0,5429.417,True
100,464,764,42.292,2282.916,3123.833,5450.834,True
100,465,764,45.375,2365.0,126.291,2538.208,True
100,466,764,48.25,5337.208,111.959,5499.0,True
100,467,764,62.417,2319.209,4667.125,7050.208,True
100,468,764,46.25,49.625,101.625,198.5,True
100,469,764,45.083,2215.25,2995.708,5258.0,True
100,470,764,45.583,2271.083,3184.083,5502.875,True
100,471,764,45.166,2321.875,2990.833,5359.75,True
100,472,764,52.0,88.292,2989.084,3131.125,True
100,473,764,57.625,3000.75,119.666,3179.5,True
100,474,764,47.75,50.167,2886.5,2985.792,True
100,475,764,45.125,3063.834,2596.541,5706.791,True
100,476,764,46.791,3176.666,122.417,3347.917,True
100,477,764,59.208,3167.208,1602.834,4831.208,True
100,478,764,50.041,3131.0,2065.25,5248.291,True
100,479,764,49.208,3087.5,107.583,3245.834,True
100,480,764,46.291,50.542,105.25,203.208,True
100,481,764,40.667,3033.834,1708.792,4785.208,True
100,482,764,45.125,43.791,3064.75,3155.125,True
100,483,764,45.417,3129.667,110.5,3287.125,True
100,484,764,57.375,49.5,4022.25,4130.625,True
100,485,764,47.166,2082.167,117.0,2247.75,True
100,486,764,48.167,2018.75,929.292,2998.167,True
100,487,764,46.334,2838.209,111.875,2997.875,True
100,488,764,60.542,1890.625,903.042,2856.0,True
100,489,764,46.417,1850.25,111.333,2009.583,True
100,490,764,46.458,1799.667,829.25,2677.5,True
100,491,764,47.458,1719.542,102.5,1870.833,True
100,492,764,53.334,1650.792,1072.708,2778.875,True
100,493,764,42.041,1808.667,99.5,1951.125,True
100,494,764,44.792,1596.667,111.125,1754.25,True
100,495,764,50.209,1485.167,121.875,1658.709,True
100,496,764,44.75,1452.25,604.667,2103.5,True
100,497,764,45.583,49.625,101.875,198.209,True
100,498,764,41.208,1612.292,105.375,1759.792,True
100,499,764,45.666,1165.375,634.416,1847.25,True
