trial,scenario,mode,accepted,expected_accept,correct,reason,verification_overhead_ms
1,legitimate_api_call,oauth_only,True,True,True,oauth_scope_authorized,0.009875000000006406
1,legitimate_api_call,oauth_plus_poia,True,True,True,oauth_and_poia_authorized,0.029000000000001247
1,cross_action_token_misuse,oauth_only,True,True,True,oauth_scope_authorized,0.006290999999991609
1,cross_action_token_misuse,oauth_plus_poia,False,False,True,intent_mismatch,0.02362499999999934
1,api_tampering_wrong_key,oauth_only,True,True,True,oauth_scope_authorized,0.00608400000000342
1,api_tampering_wrong_key,oauth_plus_poia,False,False,True,intent_mismatch,0.02316700000000449
1,api_tampering_wrong_project,oauth_only,True,True,True,oauth_scope_authorized,0.0058329999999967574
1,api_tampering_wrong_project,oauth_plus_poia,False,False,True,intent_mismatch,0.02229100000000761
2,legitimate_api_call,oauth_only,True,True,True,oauth_scope_authorized,0.006124999999995717
2,legitimate_api_call,oauth_plus_poia,True,True,True,oauth_and_poia_authorized,0.0224169999999968
2,cross_action_token_misuse,oauth_only,True,True,True,oauth_scope_authorized,0.005707999999993163
2,cross_action_token_misuse,oauth_plus_poia,False,False,True,intent_mismatch,0.022208000000009664
2,api_tampering_wrong_key,oauth_only,True,True,True,oauth_scope_authorized,0.005749999999998812
2,api_tampering_wrong_key,oauth_plus_poia,False,False,True,intent_mismatch,0.022416000000011205
2,api_tampering_wrong_project,oauth_only,True,True,True,oauth_scope_authorized,0.005624999999995217
2,api_tampering_wrong_project,oauth_plus_poia,False,False,True,intent_mismatch,0.022999999999995246
3,legitimate_api_call,oauth_only,True,True,True,oauth_scope_authorized,0.005999999999992123
3,legitimate_api_call,oauth_plus_poia,True,True,True,oauth_and_poia_authorized,0.0224169999999968
3,cross_action_token_misuse,oauth_only,True,True,True,oauth_scope_authorized,0.005667000000000866
3,cross_action_token_misuse,oauth_plus_poia,False,False,True,intent_mismatch,0.022000000000008124
3,api_tampering_wrong_key,oauth_only,True,True,True,oauth_scope_authorized,0.005625000000009095
3,api_tampering_wrong_key,oauth_plus_poia,False,False,True,intent_mismatch,0.022084000000005544
3,api_tampering_wrong_project,oauth_only,True,True,True,oauth_scope_authorized,0.0057919999999905825
3,api_tampering_wrong_project,oauth_plus_poia,False,False,True,intent_mismatch,0.021958000000002476
4,legitimate_api_call,oauth_only,True,True,True,oauth_scope_authorized,0.005707999999993163
4,legitimate_api_call,oauth_plus_poia,True,True,True,oauth_and_poia_authorized,0.021499999999993746
4,cross_action_token_misuse,oauth_only,True,True,True,oauth_scope_authorized,0.005583000000003446
4,cross_action_token_misuse,oauth_plus_poia,False,False,True,intent_mismatch,0.021750000000000935
4,api_tampering_wrong_key,oauth_only,True,True,True,oauth_scope_authorized,0.005708999999992637
4,api_tampering_wrong_key,oauth_plus_poia,False,False,True,intent_mismatch,0.021957999999988598
4,api_tampering_wrong_project,oauth_only,True,True,True,oauth_scope_authorized,0.005749999999998812
4,api_tampering_wrong_project,oauth_plus_poia,False,False,True,intent_mismatch,0.022084000000005544
5,legitimate_api_call,oauth_only,True,True,True,oauth_scope_authorized,0.019916000000008705
5,legitimate_api_call,oauth_plus_poia,True,True,True,oauth_and_poia_authorized,0.029666999999997112
5,cross_action_token_misuse,oauth_only,True,True,True,oauth_scope_authorized,0.0062919999999910825
5,cross_action_token_misuse,oauth_plus_poia,False,False,True,intent_mismatch,0.023250000000002435
5,api_tampering_wrong_key,oauth_only,True,True,True,oauth_scope_authorized,0.005916000000008581
5,api_tampering_wrong_key,oauth_plus_poia,False,False,True,intent_mismatch,0.022915999999997827
5,api_tampering_wrong_project,oauth_only,True,True,True,oauth_scope_authorized,0.005874999999988528
5,api_tampering_wrong_project,oauth_plus_poia,False,False,True,intent_mismatch,0.0229169999999973
6,legitimate_api_call,oauth_only,True,True,True,oauth_scope_authorized,0.007582999999991569
6,legitimate_api_call,oauth_plus_poia,True,True,True,oauth_and_poia_authorized,0.023082999999993192
6,cross_action_token_misuse,oauth_only,True,True,True,oauth_scope_authorized,0.005749999999998812
6,cross_action_token_misuse,oauth_plus_poia,False,False,True,intent_mismatch,0.02258300000000657
6,api_tampering_wrong_key,oauth_only,True,True,True,oauth_scope_authorized,0.0057919999999905825
6,api_tampering_wrong_key,oauth_plus_poia,False,False,True,intent_mismatch,0.022500000000008624
6,api_tampering_wrong_project,oauth_only,True,True,True,oauth_scope_authorized,0.005749999999998812
6,api_tampering_wrong_project,oauth_plus_poia,False,False,True,intent_mismatch,0.022209000000009138
7,legitimate_api_call,oauth_only,True,True,True,oauth_scope_authorized,0.006249999999999312
7,legitimate_api_call,oauth_plus_poia,True,True,True,oauth_and_poia_authorized,0.022582999999992692
7,cross_action_token_misuse,oauth_only,True,True,True,oauth_scope_authorized,0.005749999999998812
7,cross_action_token_misuse,oauth_plus_poia,False,False,True,intent_mismatch,0.022250000000001435
7,api_tampering_wrong_key,oauth_only,True,True,True,oauth_scope_authorized,0.005708000000007041
7,api_tampering_wrong_key,oauth_plus_poia,False,False,True,intent_mismatch,0.02245899999998857
7,api_tampering_wrong_project,oauth_only,True,True,True,oauth_scope_authorized,0.0057919999999905825
7,api_tampering_wrong_project,oauth_plus_poia,False,False,True,intent_mismatch,0.02283299999999988
8,legitimate_api_call,oauth_only,True,True,True,oauth_scope_authorized,0.006165999999988014
8,legitimate_api_call,oauth_plus_poia,True,True,True,oauth_and_poia_authorized,0.022334000000012733
8,cross_action_token_misuse,oauth_only,True,True,True,oauth_scope_authorized,0.005791000000004987
8,cross_action_token_misuse,oauth_plus_poia,False,False,True,intent_mismatch,0.02183299999999888
8,api_tampering_wrong_key,oauth_only,True,True,True,oauth_scope_authorized,0.005667000000000866
8,api_tampering_wrong_key,oauth_plus_poia,False,False,True,intent_mismatch,0.021750000000000935
8,api_tampering_wrong_project,oauth_only,True,True,True,oauth_scope_authorized,0.005709000000006514
8,api_tampering_wrong_project,oauth_plus_poia,False,False,True,intent_mismatch,0.02170899999999476
9,legitimate_api_call,oauth_only,True,True,True,oauth_scope_authorized,0.005833999999996231
9,legitimate_api_call,oauth_plus_poia,True,True,True,oauth_and_poia_authorized,0.04999999999999449
9,cross_action_token_misuse,oauth_only,True,True,True,oauth_scope_authorized,0.006125000000009595
9,cross_action_token_misuse,oauth_plus_poia,False,False,True,intent_mismatch,0.02229100000000761
9,api_tampering_wrong_key,oauth_only,True,True,True,oauth_scope_authorized,0.005708000000007041
9,api_tampering_wrong_key,oauth_plus_poia,False,False,True,intent_mismatch,0.022250000000001435
9,api_tampering_wrong_project,oauth_only,True,True,True,oauth_scope_authorized,0.005749999999998812
9,api_tampering_wrong_project,oauth_plus_poia,False,False,True,intent_mismatch,0.0219169999999963
10,legitimate_api_call,oauth_only,True,True,True,oauth_scope_authorized,0.005999999999992123
10,legitimate_api_call,oauth_plus_poia,True,True,True,oauth_and_poia_authorized,0.022041999999999895
10,cross_action_token_misuse,oauth_only,True,True,True,oauth_scope_authorized,0.005708999999992637
10,cross_action_token_misuse,oauth_plus_poia,False,False,True,intent_mismatch,0.02183299999999888
10,api_tampering_wrong_key,oauth_only,True,True,True,oauth_scope_authorized,0.005708000000007041
10,api_tampering_wrong_key,oauth_plus_poia,False,False,True,intent_mismatch,0.02166700000000299
10,api_tampering_wrong_project,oauth_only,True,True,True,oauth_scope_authorized,0.00558400000000292
10,api_tampering_wrong_project,oauth_plus_poia,False,False,True,intent_mismatch,0.02162499999999734
11,legitimate_api_call,oauth_only,True,True,True,oauth_scope_authorized,0.005916999999994177
11,legitimate_api_call,oauth_plus_poia,True,True,True,oauth_and_poia_authorized,0.021957999999988598
11,cross_action_token_misuse,oauth_only,True,True,True,oauth_scope_authorized,0.005667000000000866
11,cross_action_token_misuse,oauth_plus_poia,False,False,True,intent_mismatch,0.021792000000006584
11,api_tampering_wrong_key,oauth_only,True,True,True,oauth_scope_authorized,0.005707999999993163
11,api_tampering_wrong_key,oauth_plus_poia,False,False,True,intent_mismatch,0.021790999999993232
11,api_tampering_wrong_project,oauth_only,True,True,True,oauth_scope_authorized,0.005749999999998812
11,api_tampering_wrong_project,oauth_plus_poia,False,False,True,intent_mismatch,0.02158300000000557
12,legitimate_api_call,oauth_only,True,True,True,oauth_scope_authorized,0.005875000000002406
12,legitimate_api_call,oauth_plus_poia,True,True,True,oauth_and_poia_authorized,0.02216700000000349
12,cross_action_token_misuse,oauth_only,True,True,True,oauth_scope_authorized,0.00579200000000446
12,cross_action_token_misuse,oauth_plus_poia,False,False,True,intent_mismatch,0.021792000000006584
12,api_tampering_wrong_key,oauth_only,True,True,True,oauth_scope_authorized,0.005708000000007041
12,api_tampering_wrong_key,oauth_plus_poia,False,False,True,intent_mismatch,0.02183299999999888
12,api_tampering_wrong_project,oauth_only,True,True,True,oauth_scope_authorized,0.005667000000000866
12,api_tampering_wrong_project,oauth_plus_poia,False,False,True,intent_mismatch,0.022083999999991666
13,legitimate_api_call,oauth_only,True,True,True,oauth_scope_authorized,0.005834000000010109
13,legitimate_api_call,oauth_plus_poia,True,True,True,oauth_and_poia_authorized,0.0219169999999963
13,cross_action_token_misuse,oauth_only,True,True,True,oauth_scope_authorized,0.005875000000002406
13,cross_action_token_misuse,oauth_plus_poia,False,False,True,intent_mismatch,0.021792000000006584
13,api_tampering_wrong_key,oauth_only,True,True,True,oauth_scope_authorized,0.005624999999995217
13,api_tampering_wrong_key,oauth_plus_poia,False,False,True,intent_mismatch,0.02262499999999834
13,api_tampering_wrong_project,oauth_only,True,True,True,oauth_scope_authorized,0.005875000000002406
13,api_tampering_wrong_project,oauth_plus_poia,False,False,True,intent_mismatch,0.022999999999995246
14,legitimate_api_call,oauth_only,True,True,True,oauth_scope_authorized,0.005917000000008055
14,legitimate_api_call,oauth_plus_poia,True,True,True,oauth_and_poia_authorized,0.022207999999995787
14,cross_action_token_misuse,oauth_only,True,True,True,oauth_scope_authorized,0.005583000000003446
14,cross_action_token_misuse,oauth_plus_poia,False,False,True,intent_mismatch,0.022542000000000395
14,api_tampering_wrong_key,oauth_only,True,True,True,oauth_scope_authorized,0.005750000000012689
14,api_tampering_wrong_key,oauth_plus_poia,False,False,True,intent_mismatch,0.022291999999993206
14,api_tampering_wrong_project,oauth_only,True,True,True,oauth_scope_authorized,0.005790999999991109
14,api_tampering_wrong_project,oauth_plus_poia,False,False,True,intent_mismatch,0.022333999999998855
15,legitimate_api_call,oauth_only,True,True,True,oauth_scope_authorized,0.005916999999994177
15,legitimate_api_call,oauth_plus_poia,True,True,True,oauth_and_poia_authorized,0.022041999999999895
15,cross_action_token_misuse,oauth_only,True,True,True,oauth_scope_authorized,0.005707999999993163
15,cross_action_token_misuse,oauth_plus_poia,False,False,True,intent_mismatch,0.022000000000008124
15,api_tampering_wrong_key,oauth_only,True,True,True,oauth_scope_authorized,0.005707999999993163
15,api_tampering_wrong_key,oauth_plus_poia,False,False,True,intent_mismatch,0.04891699999999555
15,api_tampering_wrong_project,oauth_only,True,True,True,oauth_scope_authorized,0.008458000000002852
15,api_tampering_wrong_project,oauth_plus_poia,False,False,True,intent_mismatch,0.024749999999990058
16,legitimate_api_call,oauth_only,True,True,True,oauth_scope_authorized,0.006749999999999812
16,legitimate_api_call,oauth_plus_poia,True,True,True,oauth_and_poia_authorized,0.023458000000003976
16,cross_action_token_misuse,oauth_only,True,True,True,oauth_scope_authorized,0.005874999999988528
16,cross_action_token_misuse,oauth_plus_poia,False,False,True,intent_mismatch,0.022166000000004016
16,api_tampering_wrong_key,oauth_only,True,True,True,oauth_scope_authorized,0.005917000000008055
16,api_tampering_wrong_key,oauth_plus_poia,False,False,True,intent_mismatch,0.022208000000009664
16,api_tampering_wrong_project,oauth_only,True,True,True,oauth_scope_authorized,0.005707999999993163
16,api_tampering_wrong_project,oauth_plus_poia,False,False,True,intent_mismatch,0.02212499999999784
17,legitimate_api_call,oauth_only,True,True,True,oauth_scope_authorized,0.006042000000011649
17,legitimate_api_call,oauth_plus_poia,True,True,True,oauth_and_poia_authorized,0.023499999999995747
17,cross_action_token_misuse,oauth_only,True,True,True,oauth_scope_authorized,0.00579200000000446
17,cross_action_token_misuse,oauth_plus_poia,False,False,True,intent_mismatch,0.02212499999999784
17,api_tampering_wrong_key,oauth_only,True,True,True,oauth_scope_authorized,0.00579200000000446
17,api_tampering_wrong_key,oauth_plus_poia,False,False,True,intent_mismatch,0.022499999999994746
17,api_tampering_wrong_project,oauth_only,True,True,True,oauth_scope_authorized,0.00579200000000446
17,api_tampering_wrong_project,oauth_plus_poia,False,False,True,intent_mismatch,0.025416000000000327
18,legitimate_api_call,oauth_only,True,True,True,oauth_scope_authorized,0.006083000000003946
18,legitimate_api_call,oauth_plus_poia,True,True,True,oauth_and_poia_authorized,0.02204100000000042
18,cross_action_token_misuse,oauth_only,True,True,True,oauth_scope_authorized,0.005791000000004987
18,cross_action_token_misuse,oauth_plus_poia,False,False,True,intent_mismatch,0.02208300000000607
18,api_tampering_wrong_key,oauth_only,True,True,True,oauth_scope_authorized,0.005749999999998812
18,api_tampering_wrong_key,oauth_plus_poia,False,False,True,intent_mismatch,0.02195900000000195
18,api_tampering_wrong_project,oauth_only,True,True,True,oauth_scope_authorized,0.005707999999993163
18,api_tampering_wrong_project,oauth_plus_poia,False,False,True,intent_mismatch,0.021958000000002476
19,legitimate_api_call,oauth_only,True,True,True,oauth_scope_authorized,0.005958000000000352
19,legitimate_api_call,oauth_plus_poia,True,True,True,oauth_and_poia_authorized,0.022458000000002976
19,cross_action_token_misuse,oauth_only,True,True,True,oauth_scope_authorized,0.005750000000012689
19,cross_action_token_misuse,oauth_plus_poia,False,False,True,intent_mismatch,0.022207999999995787
19,api_tampering_wrong_key,oauth_only,True,True,True,oauth_scope_authorized,0.005749999999998812
19,api_tampering_wrong_key,oauth_plus_poia,False,False,True,intent_mismatch,0.02166700000000299
19,api_tampering_wrong_project,oauth_only,True,True,True,oauth_scope_authorized,0.005666999999986988
19,api_tampering_wrong_project,oauth_plus_poia,False,False,True,intent_mismatch,0.021707999999995287
20,legitimate_api_call,oauth_only,True,True,True,oauth_scope_authorized,0.005875000000002406
20,legitimate_api_call,oauth_plus_poia,True,True,True,oauth_and_poia_authorized,0.02208300000000607
20,cross_action_token_misuse,oauth_only,True,True,True,oauth_scope_authorized,0.005624999999995217
20,cross_action_token_misuse,oauth_plus_poia,False,False,True,intent_mismatch,0.02166699999998911
20,api_tampering_wrong_key,oauth_only,True,True,True,oauth_scope_authorized,0.005624999999995217
20,api_tampering_wrong_key,oauth_plus_poia,False,False,True,intent_mismatch,0.021750000000000935
20,api_tampering_wrong_project,oauth_only,True,True,True,oauth_scope_authorized,0.005708999999992637
20,api_tampering_wrong_project,oauth_plus_poia,False,False,True,intent_mismatch,0.022084000000005544
21,legitimate_api_call,oauth_only,True,True,True,oauth_scope_authorized,0.007499999999993623
21,legitimate_api_call,oauth_plus_poia,True,True,True,oauth_and_poia_authorized,0.02216699999998961
21,cross_action_token_misuse,oauth_only,True,True,True,oauth_scope_authorized,0.005708000000007041
21,cross_action_token_misuse,oauth_plus_poia,False,False,True,intent_mismatch,0.022458000000002976
21,api_tampering_wrong_key,oauth_only,True,True,True,oauth_scope_authorized,0.00558400000000292
21,api_tampering_wrong_key,oauth_plus_poia,False,False,True,intent_mismatch,0.02287500000000553
21,api_tampering_wrong_project,oauth_only,True,True,True,oauth_scope_authorized,0.00579200000000446
21,api_tampering_wrong_project,oauth_plus_poia,False,False,True,intent_mismatch,0.022250000000001435
22,legitimate_api_call,oauth_only,True,True,True,oauth_scope_authorized,0.005917000000008055
22,legitimate_api_call,oauth_plus_poia,True,True,True,oauth_and_poia_authorized,0.021999999999994246
22,cross_action_token_misuse,oauth_only,True,True,True,oauth_scope_authorized,0.0055000000000055005
22,cross_action_token_misuse,oauth_plus_poia,False,False,True,intent_mismatch,0.02212500000001172
22,api_tampering_wrong_key,oauth_only,True,True,True,oauth_scope_authorized,0.0058329999999967574
22,api_tampering_wrong_key,oauth_plus_poia,False,False,True,intent_mismatch,0.023084000000006544
22,api_tampering_wrong_project,oauth_only,True,True,True,oauth_scope_authorized,0.0058329999999967574
22,api_tampering_wrong_project,oauth_plus_poia,False,False,True,intent_mismatch,0.02262500000001222
23,legitimate_api_call,oauth_only,True,True,True,oauth_scope_authorized,0.005999999999992123
23,legitimate_api_call,oauth_plus_poia,True,True,True,oauth_and_poia_authorized,0.02208300000000607
23,cross_action_token_misuse,oauth_only,True,True,True,oauth_scope_authorized,0.005749999999998812
23,cross_action_token_misuse,oauth_plus_poia,False,False,True,intent_mismatch,0.02216699999998961
23,api_tampering_wrong_key,oauth_only,True,True,True,oauth_scope_authorized,0.005749999999998812
23,api_tampering_wrong_key,oauth_plus_poia,False,False,True,intent_mismatch,0.021790999999993232
23,api_tampering_wrong_project,oauth_only,True,True,True,oauth_scope_authorized,0.005750000000012689
23,api_tampering_wrong_project,oauth_plus_poia,False,False,True,intent_mismatch,0.021750000000000935
24,legitimate_api_call,oauth_only,True,True,True,oauth_scope_authorized,0.005916999999994177
24,legitimate_api_call,oauth_plus_poia,True,True,True,oauth_and_poia_authorized,0.02195899999998807
24,cross_action_token_misuse,oauth_only,True,True,True,oauth_scope_authorized,0.005791000000004987
24,cross_action_token_misuse,oauth_plus_poia,False,False,True,intent_mismatch,0.021833999999998355
24,api_tampering_wrong_key,oauth_only,True,True,True,oauth_scope_authorized,0.005707999999993163
24,api_tampering_wrong_key,oauth_plus_poia,False,False,True,intent_mismatch,0.021709000000008638
24,api_tampering_wrong_project,oauth_only,True,True,True,oauth_scope_authorized,0.005583000000003446
24,api_tampering_wrong_project,oauth_plus_poia,False,False,True,intent_mismatch,0.021666000000003516
25,legitimate_api_call,oauth_only,True,True,True,oauth_scope_authorized,0.005749999999998812
25,legitimate_api_call,oauth_plus_poia,True,True,True,oauth_and_poia_authorized,0.02183299999999888
25,cross_action_token_misuse,oauth_only,True,True,True,oauth_scope_authorized,0.005624999999995217
25,cross_action_token_misuse,oauth_plus_poia,False,False,True,intent_mismatch,0.02179100000000711
25,api_tampering_wrong_key,oauth_only,True,True,True,oauth_scope_authorized,0.005583999999989042
25,api_tampering_wrong_key,oauth_plus_poia,False,False,True,intent_mismatch,0.02162499999999734
25,api_tampering_wrong_project,oauth_only,True,True,True,oauth_scope_authorized,0.005707999999993163
25,api_tampering_wrong_project,oauth_plus_poia,False,False,True,intent_mismatch,0.021707999999995287
26,legitimate_api_call,oauth_only,True,True,True,oauth_scope_authorized,0.00579200000000446
26,legitimate_api_call,oauth_plus_poia,True,True,True,oauth_and_poia_authorized,0.022041999999999895
26,cross_action_token_misuse,oauth_only,True,True,True,oauth_scope_authorized,0.005667000000000866
26,cross_action_token_misuse,oauth_plus_poia,False,False,True,intent_mismatch,0.0927079999999969
26,api_tampering_wrong_key,oauth_only,True,True,True,oauth_scope_authorized,0.006040999999998298
26,api_tampering_wrong_key,oauth_plus_poia,False,False,True,intent_mismatch,0.0299579999999966
26,api_tampering_wrong_project,oauth_only,True,True,True,oauth_scope_authorized,0.009041000000001298
26,api_tampering_wrong_project,oauth_plus_poia,False,False,True,intent_mismatch,0.022374999999991152
27,legitimate_api_call,oauth_only,True,True,True,oauth_scope_authorized,0.005958000000000352
27,legitimate_api_call,oauth_plus_poia,True,True,True,oauth_and_poia_authorized,0.022207999999995787
27,cross_action_token_misuse,oauth_only,True,True,True,oauth_scope_authorized,0.005749999999998812
27,cross_action_token_misuse,oauth_plus_poia,False,False,True,intent_mismatch,0.022084000000005544
27,api_tampering_wrong_key,oauth_only,True,True,True,oauth_scope_authorized,0.0057919999999905825
27,api_tampering_wrong_key,oauth_plus_poia,False,False,True,intent_mismatch,0.021916000000010705
27,api_tampering_wrong_project,oauth_only,True,True,True,oauth_scope_authorized,0.005749999999998812
27,api_tampering_wrong_project,oauth_plus_poia,False,False,True,intent_mismatch,0.034082999999990315
28,legitimate_api_call,oauth_only,True,True,True,oauth_scope_authorized,0.006333999999996731
28,legitimate_api_call,oauth_plus_poia,True,True,True,oauth_and_poia_authorized,0.022250000000001435
28,cross_action_token_misuse,oauth_only,True,True,True,oauth_scope_authorized,0.005624999999995217
28,cross_action_token_misuse,oauth_plus_poia,False,False,True,intent_mismatch,0.022208000000009664
28,api_tampering_wrong_key,oauth_only,True,True,True,oauth_scope_authorized,0.0058329999999967574
28,api_tampering_wrong_key,oauth_plus_poia,False,False,True,intent_mismatch,0.022250000000001435
28,api_tampering_wrong_project,oauth_only,True,True,True,oauth_scope_authorized,0.005624999999995217
28,api_tampering_wrong_project,oauth_plus_poia,False,False,True,intent_mismatch,0.02187500000000453
29,legitimate_api_call,oauth_only,True,True,True,oauth_scope_authorized,0.0059589999999998255
29,legitimate_api_call,oauth_plus_poia,True,True,True,oauth_and_poia_authorized,0.02195900000000195
29,cross_action_token_misuse,oauth_only,True,True,True,oauth_scope_authorized,0.005666000000001392
29,cross_action_token_misuse,oauth_plus_poia,False,False,True,intent_mismatch,0.021792000000006584
29,api_tampering_wrong_key,oauth_only,True,True,True,oauth_scope_authorized,0.005624999999995217
29,api_tampering_wrong_key,oauth_plus_poia,False,False,True,intent_mismatch,0.021791999999992706
29,api_tampering_wrong_project,oauth_only,True,True,True,oauth_scope_authorized,0.00558400000000292
29,api_tampering_wrong_project,oauth_plus_poia,False,False,True,intent_mismatch,0.02204100000000042
30,legitimate_api_call,oauth_only,True,True,True,oauth_scope_authorized,0.005791000000004987
30,legitimate_api_call,oauth_plus_poia,True,True,True,oauth_and_poia_authorized,0.02216699999998961
30,cross_action_token_misuse,oauth_only,True,True,True,oauth_scope_authorized,0.005749999999998812
30,cross_action_token_misuse,oauth_plus_poia,False,False,True,intent_mismatch,0.021999999999994246
30,api_tampering_wrong_key,oauth_only,True,True,True,oauth_scope_authorized,0.005624999999995217
30,api_tampering_wrong_key,oauth_plus_poia,False,False,True,intent_mismatch,0.022333999999998855
30,api_tampering_wrong_project,oauth_only,True,True,True,oauth_scope_authorized,0.005709000000006514
30,api_tampering_wrong_project,oauth_plus_poia,False,False,True,intent_mismatch,0.022416000000011205
31,legitimate_api_call,oauth_only,True,True,True,oauth_scope_authorized,0.006082999999990069
31,legitimate_api_call,oauth_plus_poia,True,True,True,oauth_and_poia_authorized,0.02216699999998961
31,cross_action_token_misuse,oauth_only,True,True,True,oauth_scope_authorized,0.005624999999995217
31,cross_action_token_misuse,oauth_plus_poia,False,False,True,intent_mismatch,0.08037500000000752
31,api_tampering_wrong_key,oauth_only,True,True,True,oauth_scope_authorized,0.009083999999992542
31,api_tampering_wrong_key,oauth_plus_poia,False,False,True,intent_mismatch,0.025832999999989004
31,api_tampering_wrong_project,oauth_only,True,True,True,oauth_scope_authorized,0.006249999999999312
31,api_tampering_wrong_project,oauth_plus_poia,False,False,True,intent_mismatch,0.023915999999998827
32,legitimate_api_call,oauth_only,True,True,True,oauth_scope_authorized,0.006917000000009055
32,legitimate_api_call,oauth_plus_poia,True,True,True,oauth_and_poia_authorized,0.023250000000002435
32,cross_action_token_misuse,oauth_only,True,True,True,oauth_scope_authorized,0.012166999999993489
32,cross_action_token_misuse,oauth_plus_poia,False,False,True,intent_mismatch,0.027833999999990477
32,api_tampering_wrong_key,oauth_only,True,True,True,oauth_scope_authorized,0.005834000000010109
32,api_tampering_wrong_key,oauth_plus_poia,False,False,True,intent_mismatch,0.022207999999995787
32,api_tampering_wrong_project,oauth_only,True,True,True,oauth_scope_authorized,0.005708999999992637
32,api_tampering_wrong_project,oauth_plus_poia,False,False,True,intent_mismatch,0.022041999999999895
33,legitimate_api_call,oauth_only,True,True,True,oauth_scope_authorized,0.006041999999997771
33,legitimate_api_call,oauth_plus_poia,True,True,True,oauth_and_poia_authorized,0.02208300000000607
33,cross_action_token_misuse,oauth_only,True,True,True,oauth_scope_authorized,0.005625000000009095
33,cross_action_token_misuse,oauth_plus_poia,False,False,True,intent_mismatch,0.02183299999999888
33,api_tampering_wrong_key,oauth_only,True,True,True,oauth_scope_authorized,0.005624999999995217
33,api_tampering_wrong_key,oauth_plus_poia,False,False,True,intent_mismatch,0.021707999999995287
33,api_tampering_wrong_project,oauth_only,True,True,True,oauth_scope_authorized,0.0055829999999895685
33,api_tampering_wrong_project,oauth_plus_poia,False,False,True,intent_mismatch,0.021790999999993232
34,legitimate_api_call,oauth_only,True,True,True,oauth_scope_authorized,0.005875000000002406
34,legitimate_api_call,oauth_plus_poia,True,True,True,oauth_and_poia_authorized,0.021999999999994246
34,cross_action_token_misuse,oauth_only,True,True,True,oauth_scope_authorized,0.005667000000000866
34,cross_action_token_misuse,oauth_plus_poia,False,False,True,intent_mismatch,0.02183299999999888
34,api_tampering_wrong_key,oauth_only,True,True,True,oauth_scope_authorized,0.0057919999999905825
34,api_tampering_wrong_key,oauth_plus_poia,False,False,True,intent_mismatch,0.02195900000000195
34,api_tampering_wrong_project,oauth_only,True,True,True,oauth_scope_authorized,0.005541999999997271
34,api_tampering_wrong_project,oauth_plus_poia,False,False,True,intent_mismatch,0.021750000000000935
35,legitimate_api_call,oauth_only,True,True,True,oauth_scope_authorized,0.0058329999999967574
35,legitimate_api_call,oauth_plus_poia,True,True,True,oauth_and_poia_authorized,0.021915999999996827
35,cross_action_token_misuse,oauth_only,True,True,True,oauth_scope_authorized,0.005666000000001392
35,cross_action_token_misuse,oauth_plus_poia,False,False,True,intent_mismatch,0.021750000000000935
35,api_tampering_wrong_key,oauth_only,True,True,True,oauth_scope_authorized,0.005749999999998812
35,api_tampering_wrong_key,oauth_plus_poia,False,False,True,intent_mismatch,0.022041999999999895
35,api_tampering_wrong_project,oauth_only,True,True,True,oauth_scope_authorized,0.005708999999992637
35,api_tampering_wrong_project,oauth_plus_poia,False,False,True,intent_mismatch,0.021958000000002476
36,legitimate_api_call,oauth_only,True,True,True,oauth_scope_authorized,0.005667000000000866
36,legitimate_api_call,oauth_plus_poia,True,True,True,oauth_and_poia_authorized,0.021874999999990652
36,cross_action_token_misuse,oauth_only,True,True,True,oauth_scope_authorized,0.005667000000000866
36,cross_action_token_misuse,oauth_plus_poia,False,False,True,intent_mismatch,0.021750000000000935
36,api_tampering_wrong_key,oauth_only,True,True,True,oauth_scope_authorized,0.005624999999995217
36,api_tampering_wrong_key,oauth_plus_poia,False,False,True,intent_mismatch,0.021750000000000935
36,api_tampering_wrong_project,oauth_only,True,True,True,oauth_scope_authorized,0.00558400000000292
36,api_tampering_wrong_project,oauth_plus_poia,False,False,True,intent_mismatch,0.021750000000000935
37,legitimate_api_call,oauth_only,True,True,True,oauth_scope_authorized,0.005749999999998812
37,legitimate_api_call,oauth_plus_poia,True,True,True,oauth_and_poia_authorized,0.02212499999999784
37,cross_action_token_misuse,oauth_only,True,True,True,oauth_scope_authorized,0.005624999999995217
37,cross_action_token_misuse,oauth_plus_poia,False,False,True,intent_mismatch,0.02179100000000711
37,api_tampering_wrong_key,oauth_only,True,True,True,oauth_scope_authorized,0.005624999999995217
37,api_tampering_wrong_key,oauth_plus_poia,False,False,True,intent_mismatch,0.022250000000001435
37,api_tampering_wrong_project,oauth_only,True,True,True,oauth_scope_authorized,0.005624999999995217
37,api_tampering_wrong_project,oauth_plus_poia,False,False,True,intent_mismatch,0.058083999999999913
38,legitimate_api_call,oauth_only,True,True,True,oauth_scope_authorized,0.007125000000010595
38,legitimate_api_call,oauth_plus_poia,True,True,True,oauth_and_poia_authorized,0.023166999999990612
38,cross_action_token_misuse,oauth_only,True,True,True,oauth_scope_authorized,0.005749999999998812
38,cross_action_token_misuse,oauth_plus_poia,False,False,True,intent_mismatch,0.02216700000000349
38,api_tampering_wrong_key,oauth_only,True,True,True,oauth_scope_authorized,0.005625000000009095
38,api_tampering_wrong_key,oauth_plus_poia,False,False,True,intent_mismatch,0.022084000000005544
38,api_tampering_wrong_project,oauth_only,True,True,True,oauth_scope_authorized,0.005875000000002406
38,api_tampering_wrong_project,oauth_plus_poia,False,False,True,intent_mismatch,0.022792000000007584
39,legitimate_api_call,oauth_only,True,True,True,oauth_scope_authorized,0.006082999999990069
39,legitimate_api_call,oauth_plus_poia,True,True,True,oauth_and_poia_authorized,0.02262499999999834
39,cross_action_token_misuse,oauth_only,True,True,True,oauth_scope_authorized,0.005749999999998812
39,cross_action_token_misuse,oauth_plus_poia,False,False,True,intent_mismatch,0.02212499999999784
39,api_tampering_wrong_key,oauth_only,True,True,True,oauth_scope_authorized,0.005790999999991109
39,api_tampering_wrong_key,oauth_plus_poia,False,False,True,intent_mismatch,0.02212499999999784
39,api_tampering_wrong_project,oauth_only,True,True,True,oauth_scope_authorized,0.005707999999993163
39,api_tampering_wrong_project,oauth_plus_poia,False,False,True,intent_mismatch,0.021957999999988598
40,legitimate_api_call,oauth_only,True,True,True,oauth_scope_authorized,0.005958000000000352
40,legitimate_api_call,oauth_plus_poia,True,True,True,oauth_and_poia_authorized,0.02195900000000195
40,cross_action_token_misuse,oauth_only,True,True,True,oauth_scope_authorized,0.005666000000001392
40,cross_action_token_misuse,oauth_plus_poia,False,False,True,intent_mismatch,0.022374999999991152
40,api_tampering_wrong_key,oauth_only,True,True,True,oauth_scope_authorized,0.0058329999999967574
40,api_tampering_wrong_key,oauth_plus_poia,False,False,True,intent_mismatch,0.022707999999996287
40,api_tampering_wrong_project,oauth_only,True,True,True,oauth_scope_authorized,0.005749999999998812
40,api_tampering_wrong_project,oauth_plus_poia,False,False,True,intent_mismatch,0.051999999999996493
41,legitimate_api_call,oauth_only,True,True,True,oauth_scope_authorized,0.006500000000006501
41,legitimate_api_call,oauth_plus_poia,True,True,True,oauth_and_poia_authorized,0.022915999999997827
41,cross_action_token_misuse,oauth_only,True,True,True,oauth_scope_authorized,0.005791000000004987
41,cross_action_token_misuse,oauth_plus_poia,False,False,True,intent_mismatch,0.022374999999991152
41,api_tampering_wrong_key,oauth_only,True,True,True,oauth_scope_authorized,0.005708000000007041
41,api_tampering_wrong_key,oauth_plus_poia,False,False,True,intent_mismatch,0.02216700000000349
41,api_tampering_wrong_project,oauth_only,True,True,True,oauth_scope_authorized,0.005749999999998812
41,api_tampering_wrong_project,oauth_plus_poia,False,False,True,intent_mismatch,0.02204100000000042
42,legitimate_api_call,oauth_only,True,True,True,oauth_scope_authorized,0.005833999999996231
42,legitimate_api_call,oauth_plus_poia,True,True,True,oauth_and_poia_authorized,0.02237500000000503
42,cross_action_token_misuse,oauth_only,True,True,True,oauth_scope_authorized,0.005708000000007041
42,cross_action_token_misuse,oauth_plus_poia,False,False,True,intent_mismatch,0.02179100000000711
42,api_tampering_wrong_key,oauth_only,True,True,True,oauth_scope_authorized,0.005791000000004987
42,api_tampering_wrong_key,oauth_plus_poia,False,False,True,intent_mismatch,0.0219169999999963
42,api_tampering_wrong_project,oauth_only,True,True,True,oauth_scope_authorized,0.0055829999999895685
42,api_tampering_wrong_project,oauth_plus_poia,False,False,True,intent_mismatch,0.021874999999990652
43,legitimate_api_call,oauth_only,True,True,True,oauth_scope_authorized,0.005916999999994177
43,legitimate_api_call,oauth_plus_poia,True,True,True,oauth_and_poia_authorized,0.02183299999999888
43,cross_action_token_misuse,oauth_only,True,True,True,oauth_scope_authorized,0.005749999999998812
43,cross_action_token_misuse,oauth_plus_poia,False,False,True,intent_mismatch,0.021750000000000935
43,api_tampering_wrong_key,oauth_only,True,True,True,oauth_scope_authorized,0.005707999999993163
43,api_tampering_wrong_key,oauth_plus_poia,False,False,True,intent_mismatch,0.021999999999994246
43,api_tampering_wrong_project,oauth_only,True,True,True,oauth_scope_authorized,0.005708000000007041
43,api_tampering_wrong_project,oauth_plus_poia,False,False,True,intent_mismatch,0.021584000000005044
44,legitimate_api_call,oauth_only,True,True,True,oauth_scope_authorized,0.005915999999994703
44,legitimate_api_call,oauth_plus_poia,True,True,True,oauth_and_poia_authorized,0.02183299999999888
44,cross_action_token_misuse,oauth_only,True,True,True,oauth_scope_authorized,0.005708999999992637
44,cross_action_token_misuse,oauth_plus_poia,False,False,True,intent_mismatch,0.022082999999992192
44,api_tampering_wrong_key,oauth_only,True,True,True,oauth_scope_authorized,0.0057919999999905825
44,api_tampering_wrong_key,oauth_plus_poia,False,False,True,intent_mismatch,0.02183299999999888
44,api_tampering_wrong_project,oauth_only,True,True,True,oauth_scope_authorized,0.005540999999997798
44,api_tampering_wrong_project,oauth_plus_poia,False,False,True,intent_mismatch,0.021790999999993232
45,legitimate_api_call,oauth_only,True,True,True,oauth_scope_authorized,0.012791999999997583
45,legitimate_api_call,oauth_plus_poia,True,True,True,oauth_and_poia_authorized,0.03141600000000633
45,cross_action_token_misuse,oauth_only,True,True,True,oauth_scope_authorized,0.006124999999995717
45,cross_action_token_misuse,oauth_plus_poia,False,False,True,intent_mismatch,0.02283299999999988
45,api_tampering_wrong_key,oauth_only,True,True,True,oauth_scope_authorized,0.0057919999999905825
45,api_tampering_wrong_key,oauth_plus_poia,False,False,True,intent_mismatch,0.02266700000000399
45,api_tampering_wrong_project,oauth_only,True,True,True,oauth_scope_authorized,0.005749999999998812
45,api_tampering_wrong_project,oauth_plus_poia,False,False,True,intent_mismatch,0.022458000000002976
46,legitimate_api_call,oauth_only,True,True,True,oauth_scope_authorized,0.006207999999993663
46,legitimate_api_call,oauth_plus_poia,True,True,True,oauth_and_poia_authorized,0.022749999999988058
46,cross_action_token_misuse,oauth_only,True,True,True,oauth_scope_authorized,0.0057919999999905825
46,cross_action_token_misuse,oauth_plus_poia,False,False,True,intent_mismatch,0.022291999999993206
46,api_tampering_wrong_key,oauth_only,True,True,True,oauth_scope_authorized,0.005749999999998812
46,api_tampering_wrong_key,oauth_plus_poia,False,False,True,intent_mismatch,0.02245900000000245
46,api_tampering_wrong_project,oauth_only,True,True,True,oauth_scope_authorized,0.005833999999996231
46,api_tampering_wrong_project,oauth_plus_poia,False,False,True,intent_mismatch,0.02291700000001118
47,legitimate_api_call,oauth_only,True,True,True,oauth_scope_authorized,0.006249999999999312
47,legitimate_api_call,oauth_plus_poia,True,True,True,oauth_and_poia_authorized,0.022750000000001935
47,cross_action_token_misuse,oauth_only,True,True,True,oauth_scope_authorized,0.005958000000000352
47,cross_action_token_misuse,oauth_plus_poia,False,False,True,intent_mismatch,0.02216700000000349
47,api_tampering_wrong_key,oauth_only,True,True,True,oauth_scope_authorized,0.005750000000012689
47,api_tampering_wrong_key,oauth_plus_poia,False,False,True,intent_mismatch,0.021999999999994246
47,api_tampering_wrong_project,oauth_only,True,True,True,oauth_scope_authorized,0.005875000000002406
47,api_tampering_wrong_project,oauth_plus_poia,False,False,True,intent_mismatch,0.02204100000000042
48,legitimate_api_call,oauth_only,True,True,True,oauth_scope_authorized,0.005749999999998812
48,legitimate_api_call,oauth_plus_poia,True,True,True,oauth_and_poia_authorized,0.021750000000000935
48,cross_action_token_misuse,oauth_only,True,True,True,oauth_scope_authorized,0.00579200000000446
48,cross_action_token_misuse,oauth_plus_poia,False,False,True,intent_mismatch,0.021792000000006584
48,api_tampering_wrong_key,oauth_only,True,True,True,oauth_scope_authorized,0.0055829999999895685
48,api_tampering_wrong_key,oauth_plus_poia,False,False,True,intent_mismatch,0.022250000000001435
48,api_tampering_wrong_project,oauth_only,True,True,True,oauth_scope_authorized,0.005791000000004987
48,api_tampering_wrong_project,oauth_plus_poia,False,False,True,intent_mismatch,0.02183299999999888
49,legitimate_api_call,oauth_only,True,True,True,oauth_scope_authorized,0.005833999999996231
49,legitimate_api_call,oauth_plus_poia,True,True,True,oauth_and_poia_authorized,0.02208300000000607
49,cross_action_token_misuse,oauth_only,True,True,True,oauth_scope_authorized,0.00579200000000446
49,cross_action_token_misuse,oauth_plus_poia,False,False,True,intent_mismatch,0.02158300000000557
49,api_tampering_wrong_key,oauth_only,True,True,True,oauth_scope_authorized,0.005625000000009095
49,api_tampering_wrong_key,oauth_plus_poia,False,False,True,intent_mismatch,0.021791999999992706
49,api_tampering_wrong_project,oauth_only,True,True,True,oauth_scope_authorized,0.005624999999995217
49,api_tampering_wrong_project,oauth_plus_poia,False,False,True,intent_mismatch,0.02183299999999888
50,legitimate_api_call,oauth_only,True,True,True,oauth_scope_authorized,0.005958000000000352
50,legitimate_api_call,oauth_plus_poia,True,True,True,oauth_and_poia_authorized,0.022041999999999895
50,cross_action_token_misuse,oauth_only,True,True,True,oauth_scope_authorized,0.005875000000002406
50,cross_action_token_misuse,oauth_plus_poia,False,False,True,intent_mismatch,0.0219169999999963
50,api_tampering_wrong_key,oauth_only,True,True,True,oauth_scope_authorized,0.00558400000000292
50,api_tampering_wrong_key,oauth_plus_poia,False,False,True,intent_mismatch,0.021750000000000935
50,api_tampering_wrong_project,oauth_only,True,True,True,oauth_scope_authorized,0.005624999999995217
50,api_tampering_wrong_project,oauth_plus_poia,False,False,True,intent_mismatch,0.0219169999999963
51,legitimate_api_call,oauth_only,True,True,True,oauth_scope_authorized,0.005874999999988528
51,legitimate_api_call,oauth_plus_poia,True,True,True,oauth_and_poia_authorized,0.0219169999999963
51,cross_action_token_misuse,oauth_only,True,True,True,oauth_scope_authorized,0.005666999999986988
51,cross_action_token_misuse,oauth_plus_poia,False,False,True,intent_mismatch,0.02166700000000299
51,api_tampering_wrong_key,oauth_only,True,True,True,oauth_scope_authorized,0.005707999999993163
51,api_tampering_wrong_key,oauth_plus_poia,False,False,True,intent_mismatch,0.04283299999999213
51,api_tampering_wrong_project,oauth_only,True,True,True,oauth_scope_authorized,0.006708999999993637
51,api_tampering_wrong_project,oauth_plus_poia,False,False,True,intent_mismatch,0.02212499999999784
52,legitimate_api_call,oauth_only,True,True,True,oauth_scope_authorized,0.006041999999997771
52,legitimate_api_call,oauth_plus_poia,True,True,True,oauth_and_poia_authorized,0.02412499999999984
52,cross_action_token_misuse,oauth_only,True,True,True,oauth_scope_authorized,0.005624999999995217
52,cross_action_token_misuse,oauth_plus_poia,False,False,True,intent_mismatch,0.021457999999988098
52,api_tampering_wrong_key,oauth_only,True,True,True,oauth_scope_authorized,0.005624999999995217
52,api_tampering_wrong_key,oauth_plus_poia,False,False,True,intent_mismatch,0.021458000000001975
52,api_tampering_wrong_project,oauth_only,True,True,True,oauth_scope_authorized,0.005457999999999852
52,api_tampering_wrong_project,oauth_plus_poia,False,False,True,intent_mismatch,0.02112499999999684
53,legitimate_api_call,oauth_only,True,True,True,oauth_scope_authorized,0.0057919999999905825
53,legitimate_api_call,oauth_plus_poia,True,True,True,oauth_and_poia_authorized,0.021791999999992706
53,cross_action_token_misuse,oauth_only,True,True,True,oauth_scope_authorized,0.005541999999997271
53,cross_action_token_misuse,oauth_plus_poia,False,False,True,intent_mismatch,0.02166699999998911
53,api_tampering_wrong_key,oauth_only,True,True,True,oauth_scope_authorized,0.005708999999992637
53,api_tampering_wrong_key,oauth_plus_poia,False,False,True,intent_mismatch,0.02158300000000557
53,api_tampering_wrong_project,oauth_only,True,True,True,oauth_scope_authorized,0.005375000000001906
53,api_tampering_wrong_project,oauth_plus_poia,False,False,True,intent_mismatch,0.02158300000000557
54,legitimate_api_call,oauth_only,True,True,True,oauth_scope_authorized,0.005833000000010635
54,legitimate_api_call,oauth_plus_poia,True,True,True,oauth_and_poia_authorized,0.02154099999999992
54,cross_action_token_misuse,oauth_only,True,True,True,oauth_scope_authorized,0.005583000000003446
54,cross_action_token_misuse,oauth_plus_poia,False,False,True,intent_mismatch,0.021582999999991692
54,api_tampering_wrong_key,oauth_only,True,True,True,oauth_scope_authorized,0.005667000000000866
54,api_tampering_wrong_key,oauth_plus_poia,False,False,True,intent_mismatch,0.021791999999992706
54,api_tampering_wrong_project,oauth_only,True,True,True,oauth_scope_authorized,0.005707999999993163
54,api_tampering_wrong_project,oauth_plus_poia,False,False,True,intent_mismatch,0.02145900000000145
55,legitimate_api_call,oauth_only,True,True,True,oauth_scope_authorized,0.0058329999999967574
55,legitimate_api_call,oauth_plus_poia,True,True,True,oauth_and_poia_authorized,0.03699999999999537
55,cross_action_token_misuse,oauth_only,True,True,True,oauth_scope_authorized,0.012999999999999123
55,cross_action_token_misuse,oauth_plus_poia,False,False,True,intent_mismatch,0.025750000000004936
55,api_tampering_wrong_key,oauth_only,True,True,True,oauth_scope_authorized,0.00608400000000342
55,api_tampering_wrong_key,oauth_plus_poia,False,False,True,intent_mismatch,0.022166000000004016
55,api_tampering_wrong_project,oauth_only,True,True,True,oauth_scope_authorized,0.0057919999999905825
55,api_tampering_wrong_project,oauth_plus_poia,False,False,True,intent_mismatch,0.0219169999999963
56,legitimate_api_call,oauth_only,True,True,True,oauth_scope_authorized,0.006291000000005487
56,legitimate_api_call,oauth_plus_poia,True,True,True,oauth_and_poia_authorized,0.022166000000004016
56,cross_action_token_misuse,oauth_only,True,True,True,oauth_scope_authorized,0.005791000000004987
56,cross_action_token_misuse,oauth_plus_poia,False,False,True,intent_mismatch,0.021999999999994246
56,api_tampering_wrong_key,oauth_only,True,True,True,oauth_scope_authorized,0.005707999999993163
56,api_tampering_wrong_key,oauth_plus_poia,False,False,True,intent_mismatch,0.0219169999999963
56,api_tampering_wrong_project,oauth_only,True,True,True,oauth_scope_authorized,0.00558400000000292
56,api_tampering_wrong_project,oauth_plus_poia,False,False,True,intent_mismatch,0.021208000000008664
57,legitimate_api_call,oauth_only,True,True,True,oauth_scope_authorized,0.005708999999992637
57,legitimate_api_call,oauth_plus_poia,True,True,True,oauth_and_poia_authorized,0.021374999999990152
57,cross_action_token_misuse,oauth_only,True,True,True,oauth_scope_authorized,0.00558400000000292
57,cross_action_token_misuse,oauth_plus_poia,False,False,True,intent_mismatch,0.021207999999994787
57,api_tampering_wrong_key,oauth_only,True,True,True,oauth_scope_authorized,0.005540999999997798
57,api_tampering_wrong_key,oauth_plus_poia,False,False,True,intent_mismatch,0.021291999999992206
57,api_tampering_wrong_project,oauth_only,True,True,True,oauth_scope_authorized,0.036416999999996924
57,api_tampering_wrong_project,oauth_plus_poia,False,False,True,intent_mismatch,0.025000000000011124
58,legitimate_api_call,oauth_only,True,True,True,oauth_scope_authorized,0.005958000000000352
58,legitimate_api_call,oauth_plus_poia,True,True,True,oauth_and_poia_authorized,0.02166700000000299
58,cross_action_token_misuse,oauth_only,True,True,True,oauth_scope_authorized,0.005624999999995217
58,cross_action_token_misuse,oauth_plus_poia,False,False,True,intent_mismatch,0.021583999999991166
58,api_tampering_wrong_key,oauth_only,True,True,True,oauth_scope_authorized,0.005541999999997271
58,api_tampering_wrong_key,oauth_plus_poia,False,False,True,intent_mismatch,0.021291999999992206
58,api_tampering_wrong_project,oauth_only,True,True,True,oauth_scope_authorized,0.005541999999997271
58,api_tampering_wrong_project,oauth_plus_poia,False,False,True,intent_mismatch,0.021292000000006084
59,legitimate_api_call,oauth_only,True,True,True,oauth_scope_authorized,0.005875000000002406
59,legitimate_api_call,oauth_plus_poia,True,True,True,oauth_and_poia_authorized,0.02137500000000403
59,cross_action_token_misuse,oauth_only,True,True,True,oauth_scope_authorized,0.005457999999999852
59,cross_action_token_misuse,oauth_plus_poia,False,False,True,intent_mismatch,0.021166000000003016
59,api_tampering_wrong_key,oauth_only,True,True,True,oauth_scope_authorized,0.005666000000001392
59,api_tampering_wrong_key,oauth_plus_poia,False,False,True,intent_mismatch,0.02129100000000661
59,api_tampering_wrong_project,oauth_only,True,True,True,oauth_scope_authorized,0.0055000000000055005
59,api_tampering_wrong_project,oauth_plus_poia,False,False,True,intent_mismatch,0.021458000000001975
60,legitimate_api_call,oauth_only,True,True,True,oauth_scope_authorized,0.00579200000000446
60,legitimate_api_call,oauth_plus_poia,True,True,True,oauth_and_poia_authorized,0.021292000000006084
60,cross_action_token_misuse,oauth_only,True,True,True,oauth_scope_authorized,0.005624999999995217
60,cross_action_token_misuse,oauth_plus_poia,False,False,True,intent_mismatch,0.02116700000000249
60,api_tampering_wrong_key,oauth_only,True,True,True,oauth_scope_authorized,0.005457999999999852
60,api_tampering_wrong_key,oauth_plus_poia,False,False,True,intent_mismatch,0.021084000000004544
60,api_tampering_wrong_project,oauth_only,True,True,True,oauth_scope_authorized,0.005542000000011149
60,api_tampering_wrong_project,oauth_plus_poia,False,False,True,intent_mismatch,0.021416000000010205
